bookName,authorName,generationName,subGenerationName,startYear,endYear
"אב בחכמה","","אחרונים","","",""
"אבודרהם","רבנו דוד אבודרהם","ראשונים","","1038","1492"
"אבות דרבי נתן","","חז""ל","","",""
"אבות דרבי נתן נוסח ב","","חז""ל","","",""
"אבי הנחל","","אחרונים","","",""
"אבי עזר","שלמה בן אליעזר ליפמן הכהן מליסא","אחרונים","","1500","1945"
"אבן האזל על משנה תורה, הלכות אבל","איסר זלמן מלצר","אחרונים","ראשי הישיבות","1870","1953"
"אבן האזל על משנה תורה, הלכות איסורי ביאה","איסר זלמן מלצר","אחרונים","ראשי הישיבות","1870","1953"
"אבן האזל על משנה תורה, הלכות איסורי המזבח","איסר זלמן מלצר","אחרונים","ראשי הישיבות","1870","1953"
"אבן האזל על משנה תורה, הלכות אישות","איסר זלמן מלצר","אחרונים","ראשי הישיבות","1870","1953"
"אבן האזל על משנה תורה, הלכות ביאת מקדש","איסר זלמן מלצר","אחרונים","ראשי הישיבות","1870","1953"
"אבן האזל על משנה תורה, הלכות בית הבחירה","איסר זלמן מלצר","אחרונים","ראשי הישיבות","1870","1953"
"אבן האזל על משנה תורה, הלכות בכורות","איסר זלמן מלצר","אחרונים","ראשי הישיבות","1870","1953"
"אבן האזל על משנה תורה, הלכות ברכות","איסר זלמן מלצר","אחרונים","ראשי הישיבות","1870","1953"
"אבן האזל על משנה תורה, הלכות גזילה ואבידה","איסר זלמן מלצר","אחרונים","ראשי הישיבות","1870","1953"
"אבן האזל על משנה תורה, הלכות גירושין","איסר זלמן מלצר","אחרונים","ראשי הישיבות","1870","1953"
"אבן האזל על משנה תורה, הלכות גניבה","איסר זלמן מלצר","אחרונים","ראשי הישיבות","1870","1953"
"אבן האזל על משנה תורה, הלכות דעות","איסר זלמן מלצר","אחרונים","ראשי הישיבות","1870","1953"
"אבן האזל על משנה תורה, הלכות זכייה ומתנה","איסר זלמן מלצר","אחרונים","ראשי הישיבות","1870","1953"
"אבן האזל על משנה תורה, הלכות חגיגה","איסר זלמן מלצר","אחרונים","ראשי הישיבות","1870","1953"
"אבן האזל על משנה תורה, הלכות חובל ומזיק","איסר זלמן מלצר","אחרונים","ראשי הישיבות","1870","1953"
"אבן האזל על משנה תורה, הלכות חמץ ומצה","איסר זלמן מלצר","אחרונים","ראשי הישיבות","1870","1953"
"אבן האזל על משנה תורה, הלכות טוען ונטען","איסר זלמן מלצר","אחרונים","ראשי הישיבות","1870","1953"
"אבן האזל על משנה תורה, הלכות יבום וחליצה","איסר זלמן מלצר","אחרונים","ראשי הישיבות","1870","1953"
"אבן האזל על משנה תורה, הלכות יסודי התורה","איסר זלמן מלצר","אחרונים","ראשי הישיבות","1870","1953"
"אבן האזל על משנה תורה, הלכות כלי המקדש והעובדין בו","איסר זלמן מלצר","אחרונים","ראשי הישיבות","1870","1953"
"אבן האזל על משנה תורה, הלכות מאכלות אסורות","איסר זלמן מלצר","אחרונים","ראשי הישיבות","1870","1953"
"אבן האזל על משנה תורה, הלכות מגילה וחנוכה","איסר זלמן מלצר","אחרונים","ראשי הישיבות","1870","1953"
"אבן האזל על משנה תורה, הלכות מחוסרי כפרה","איסר זלמן מלצר","אחרונים","ראשי הישיבות","1870","1953"
"אבן האזל על משנה תורה, הלכות מכירה","איסר זלמן מלצר","אחרונים","ראשי הישיבות","1870","1953"
"אבן האזל על משנה תורה, הלכות מלווה ולווה","איסר זלמן מלצר","אחרונים","ראשי הישיבות","1870","1953"
"אבן האזל על משנה תורה, הלכות מלכים ומלחמות","איסר זלמן מלצר","אחרונים","ראשי הישיבות","1870","1953"
"אבן האזל על משנה תורה, הלכות ממרים","איסר זלמן מלצר","אחרונים","ראשי הישיבות","1870","1953"
"אבן האזל על משנה תורה, הלכות מעילה","איסר זלמן מלצר","אחרונים","ראשי הישיבות","1870","1953"
"אבן האזל על משנה תורה, הלכות מעשה הקרבנות","איסר זלמן מלצר","אחרונים","ראשי הישיבות","1870","1953"
"אבן האזל על משנה תורה, הלכות נזקי ממון","איסר זלמן מלצר","אחרונים","ראשי הישיבות","1870","1953"
"אבן האזל על משנה תורה, הלכות נחלות","איסר זלמן מלצר","אחרונים","ראשי הישיבות","1870","1953"
"אבן האזל על משנה תורה, הלכות נערה בתולה","איסר זלמן מלצר","אחרונים","ראשי הישיבות","1870","1953"
"אבן האזל על משנה תורה, הלכות סוטה","איסר זלמן מלצר","אחרונים","ראשי הישיבות","1870","1953"
"אבן האזל על משנה תורה, הלכות סנהדרין והעונשין המסורין להם","איסר זלמן מלצר","אחרונים","ראשי הישיבות","1870","1953"
"אבן האזל על משנה תורה, הלכות עבדים","איסר זלמן מלצר","אחרונים","ראשי הישיבות","1870","1953"
"אבן האזל על משנה תורה, הלכות עבודה זרה וחוקות הגויים","איסר זלמן מלצר","אחרונים","ראשי הישיבות","1870","1953"
"אבן האזל על משנה תורה, הלכות עבודת יום הכפורים","איסר זלמן מלצר","אחרונים","ראשי הישיבות","1870","1953"
"אבן האזל על משנה תורה, הלכות עדות","איסר זלמן מלצר","אחרונים","ראשי הישיבות","1870","1953"
"אבן האזל על משנה תורה, הלכות עירובין","איסר זלמן מלצר","אחרונים","ראשי הישיבות","1870","1953"
"אבן האזל על משנה תורה, הלכות פסולי המוקדשין","איסר זלמן מלצר","אחרונים","ראשי הישיבות","1870","1953"
"אבן האזל על משנה תורה, הלכות ציצית","איסר זלמן מלצר","אחרונים","ראשי הישיבות","1870","1953"
"אבן האזל על משנה תורה, הלכות קרבן פסח","איסר זלמן מלצר","אחרונים","ראשי הישיבות","1870","1953"
"אבן האזל על משנה תורה, הלכות קריאת שמע","איסר זלמן מלצר","אחרונים","ראשי הישיבות","1870","1953"
"אבן האזל על משנה תורה, הלכות רוצח ושמירת נפש","איסר זלמן מלצר","אחרונים","ראשי הישיבות","1870","1953"
"אבן האזל על משנה תורה, הלכות שאלה ופיקדון","איסר זלמן מלצר","אחרונים","ראשי הישיבות","1870","1953"
"אבן האזל על משנה תורה, הלכות שביתת יום טוב","איסר זלמן מלצר","אחרונים","ראשי הישיבות","1870","1953"
"אבן האזל על משנה תורה, הלכות שבת","איסר זלמן מלצר","אחרונים","ראשי הישיבות","1870","1953"
"אבן האזל על משנה תורה, הלכות שגגות","איסר זלמן מלצר","אחרונים","ראשי הישיבות","1870","1953"
"אבן האזל על משנה תורה, הלכות שופר וסוכה ולולב","איסר זלמן מלצר","אחרונים","ראשי הישיבות","1870","1953"
"אבן האזל על משנה תורה, הלכות שחיטה","איסר זלמן מלצר","אחרונים","ראשי הישיבות","1870","1953"
"אבן האזל על משנה תורה, הלכות שכירות","איסר זלמן מלצר","אחרונים","ראשי הישיבות","1870","1953"
"אבן האזל על משנה תורה, הלכות שכנים","איסר זלמן מלצר","אחרונים","ראשי הישיבות","1870","1953"
"אבן האזל על משנה תורה, הלכות שלוחין ושותפין","איסר זלמן מלצר","אחרונים","ראשי הישיבות","1870","1953"
"אבן האזל על משנה תורה, הלכות שקלים","איסר זלמן מלצר","אחרונים","ראשי הישיבות","1870","1953"
"אבן האזל על משנה תורה, הלכות תמורה","איסר זלמן מלצר","אחרונים","ראשי הישיבות","1870","1953"
"אבן האזל על משנה תורה, הלכות תמידים ומוספין","איסר זלמן מלצר","אחרונים","ראשי הישיבות","1870","1953"
"אבן האזל על משנה תורה, הלכות תעניות","איסר זלמן מלצר","אחרונים","ראשי הישיבות","1870","1953"
"אבן האזל על משנה תורה, הלכות תפילה וברכת כהנים","איסר זלמן מלצר","אחרונים","ראשי הישיבות","1870","1953"
"אבן האזל על משנה תורה, הלכות תפילין ומזוזה וספר תורה","איסר זלמן מלצר","אחרונים","ראשי הישיבות","1870","1953"
"אבן האזל על משנה תורה, הלכות תרומות","איסר זלמן מלצר","אחרונים","ראשי הישיבות","1870","1953"
"אבן האזל על משנה תורה, מסירת תורה שבעל פה","איסר זלמן מלצר","אחרונים","ראשי הישיבות","1870","1953"
"אבן העוזר על בבא בתרא","","אחרונים","","",""
"אבן העוזר על בבא מציעא","","אחרונים","","",""
"אבן העוזר על בבא קמא","","אחרונים","","",""
"אבן העוזר על ביצה","","אחרונים","","",""
"אבן העוזר על ברכות","","אחרונים","","",""
"אבן העוזר על גיטין","","אחרונים","","",""
"אבן העוזר על הוריות","","אחרונים","","",""
"אבן העוזר על זבים","","אחרונים","","",""
"אבן העוזר על מגילה","","אחרונים","","",""
"אבן העוזר על סוכה","","אחרונים","","",""
"אבן העוזר על עבודה זרה","","אחרונים","","",""
"אבן העוזר על עירובין","","אחרונים","","",""
"אבן העוזר על פסחים","","אחרונים","","",""
"אבן העוזר על קידושין","","אחרונים","","",""
"אבן העוזר על ראש השנה","","אחרונים","","",""
"אבן העוזר על שבועות","","אחרונים","","",""
"אבן העוזר על שבת","","אחרונים","","",""
"אבן ישראל","","אחרונים","","",""
"אבן ספיר","","אחרונים","","",""
"אבן עזרא מהדורא תניינא על אסתר","ר' אברהם בן מאיר אבן עזרא","ראשונים","","1092","1189"
"אבן עזרא על איוב","אבן עזרא","ראשונים","","1038","1492"
"אבן עזרא על איכה","אבן עזרא","ראשונים","","1038","1492"
"אבן עזרא על אסתר","אבן עזרא","ראשונים","","1038","1492"
"אבן עזרא על במדבר","אבן עזרא","ראשונים","","1038","1492"
"אבן עזרא על בראשית","אבן עזרא","ראשונים","","1038","1492"
"אבן עזרא על דברים","אבן עזרא","ראשונים","","1038","1492"
"אבן עזרא על דניאל","אבן עזרא","ראשונים","","1038","1492"
"אבן עזרא על הושע","אבן עזרא","ראשונים","","1038","1492"
"אבן עזרא על ויקרא","אבן עזרא","ראשונים","","1038","1492"
"אבן עזרא על זכריה","אבן עזרא","ראשונים","","1038","1492"
"אבן עזרא על חבקוק","אבן עזרא","ראשונים","","1038","1492"
"אבן עזרא על חגי","אבן עזרא","ראשונים","","1038","1492"
"אבן עזרא על יואל","אבן עזרא","ראשונים","","1038","1492"
"אבן עזרא על יונה","אבן עזרא","ראשונים","","1038","1492"
"אבן עזרא על ישעיהו","אבן עזרא","ראשונים","","1038","1492"
"אבן עזרא על מיכה","אבן עזרא","ראשונים","","1038","1492"
"אבן עזרא על מלאכי","אבן עזרא","ראשונים","","1038","1492"
"אבן עזרא על משלי","אבן עזרא","ראשונים","","1038","1492"
"אבן עזרא על משלי","משה קמחי","ראשונים","","1038","1492"
"אבן עזרא על נחום","רבי אברהם בן מאיר אבן עזרא","ראשונים","","1038","1492"
"אבן עזרא על נחמיה","אבן עזרא","ראשונים","","1038","1492"
"אבן עזרא על נחמיה","משה קמחי","ראשונים","","1038","1492"
"אבן עזרא על עובדיה","אבן עזרא","ראשונים","","1038","1492"
"אבן עזרא על עזרא","אבן עזרא","ראשונים","","1038","1492"
"אבן עזרא על עזרא","משה קמחי","ראשונים","","1038","1492"
"אבן עזרא על עמוס","אבן עזרא","ראשונים","","1038","1492"
"אבן עזרא על צפניה","אבן עזרא","ראשונים","","1038","1492"
"אבן עזרא על קהלת","אבן עזרא","ראשונים","","1038","1492"
"אבן עזרא על רות","אבן עזרא","ראשונים","","1038","1492"
"אבן עזרא על שיר השירים","אבן עזרא","ראשונים","","1038","1492"
"אבן עזרא על שמות","אבן עזרא","ראשונים","","1038","1492"
"אבן עזרא על שמות; פירוש הקצר","אבן עזרא","ראשונים","","1038","1492"
"אבן עזרא על תהילים","אבן עזרא","ראשונים","","1038","1492"
"אבן שהם","","אחרונים","","",""
"אבני אפוד על אהע מילואים","","אחרונים","","",""
"אבני האפוד","","אחרונים","","",""
"אבני האפוד על אהע","","אחרונים","","",""
"אבני החושן חלק א","","אחרונים","","",""
"אבני מילואים","","אחרונים","","",""
"אבני מילואים א -ב","","אחרונים","","",""
"אבני נזר אבן העזר","","אחרונים","","",""
"אבני נזר אורח חיים","","אחרונים","","",""
"אבני נזר חושן משפט","","אחרונים","","",""
"אבני נזר יורה דעה","","אחרונים","","",""
"אבני שהם","","אחרונים","","",""
"אבני שיש חלק א","","אחרונים","","",""
"אבני שיש חלק ב","","אחרונים","","",""
"אבקת רוכל","יוסף קארו","אחרונים","","1500","1945"
"אברבנאל על הושע","דון יצחק אברבנאל","אחרונים","ראשוני האחרונים","1437","1508"
"אברבנאל על זכריה","דון יצחק אברבנאל","אחרונים","ראשוני האחרונים","1436","1508"
"אברבנאל על חבקוק","דון יצחק אברבנאל","אחרונים","ראשוני האחרונים","1437","1506"
"אברבנאל על חגי","אברבנאל","ראשונים","","1038","1492"
"אברבנאל על יהושע","רבי (דון) יצחק בן יהודה אברבנאל","ראשונים","","1038","1492"
"אברבנאל על יואל","אברבנאל","ראשונים","","1038","1492"
"אברבנאל על יונה","אברבנאל","ראשונים","","1038","1492"
"אברבנאל על יחזקאל","אברבנאל","ראשונים","","1038","1492"
"אברבנאל על ירמיהו","אברבנאל","ראשונים","","1038","1492"
"אברבנאל על ישעיהו","אברבנאל","ראשונים","","1038","1492"
"אברבנאל על מורה נבוכים","אברבנאל","ראשונים","","1038","1492"
"אברבנאל על מיכה","אברבנאל","ראשונים","","1038","1492"
"אברבנאל על מלאכי","אברבנאל","ראשונים","","1038","1492"
"אברבנאל על מלכים א","אברבנאל","ראשונים","","1038","1492"
"אברבנאל על מלכים ב","אברבנאל","ראשונים","","1038","1492"
"אברבנאל על נחום","אברבנאל","ראשונים","","1038","1492"
"אברבנאל על עובדיה","אברבנאל","ראשונים","","1038","1492"
"אברבנאל על עמוס","אברבנאל","ראשונים","","1038","1492"
"אברבנאל על צפניה","אברבנאל","ראשונים","","1038","1492"
"אברבנאל על שופטים","אברבנאל","ראשונים","","1038","1492"
"אברבנאל על שמואל א","אברבנאל","ראשונים","","1038","1492"
"אברבנאל על שמואל ב","אברבנאל","ראשונים","","1038","1492"
"אברבנאל על תורה","אברבנאל","ראשונים","","1038","1492"
"אברהם יגל","","אחרונים","","",""
"אברהם יגל (על השולחן ערוך)","","אחרונים","","",""
"אברהם יגל (על התנך)","","אחרונים","","",""
"אגדה בבני יעקב","","חז""ל","","",""
"אגדת בראשית","חנוך זונדל בן יוסף","אחרונים","","1500","1945"
"אגודות אזוב מדברי","","אחרונים","","",""
"אגלי טל","","אחרונים","","",""
"אגרא דכלה","צבי אלימלך שפירא מדינוב","אחרונים","","1500","1945"
"אגרא דפרקא","","אחרונים","","",""
"אגרות משה אורח חיים א","","מחברי זמננו","","",""
"אגרות משה אורח חיים ב","ר' משה פייינשטיין","מחברי זמננו","מחברי זמננו","",""
"אגרות משה אורח חיים ג","","מחברי זמננו","","",""
"אגרות משה אורח חיים ד","","מחברי זמננו","","",""
"אגרות משה אורח חיים ה","","מחברי זמננו","","",""
"אגרות צפון","שמשון רפאל הירש","אחרונים","","1500","1945"
"אגרת אל הרמבן מרבי אברהם גאון","","ראשונים","","",""
"אגרת אל עשרת השבטים","ישראל משקלוב","אחרונים","","1500","1945"
"אגרת הגר""א","אליהו בן שלמה זלמן מווילנה","אחרונים","ראשוני האחרונים","1500","1945"
"אגרת הקדש","","אחרונים","","",""
"אגרת הרמב""ן","רמב״ן","ראשונים","ראשוני הראשונים","1038","1492"
"אגרת הרמב""ן לבנו","רמב״ן","ראשונים","ראשוני הראשונים","1038","1492"
"אגרת השבת","אבן עזרא","ראשונים","ראשוני הראשונים","1038","1492"
"אגרת התשובה","","אחרונים","","",""
"אגרת התשובה לרבינו יונה","","ראשונים","","",""
"אגרת וזאת ליהודה","אברהם אבולעפיה","אחרונים","","1500","1945"
"אגרת רב שרירא גאון","רב שרירא גאון","ראשונים","גאונים","1038","1492"
"אגרת שמואל על רות","שמואל די אוזידא","אחרונים","","1500","1945"
"אגרת תימן","","ראשונים","","",""
"אדיר במרום","","אחרונים","","",""
"אדמת יהודה","","אחרונים","","",""
"אדמת קודש","רבי יששכר בער איילינבורג","אחרונים","ראשוני האחרונים","1550","1623"
"אדני יד החזקה","","אחרונים","","",""
"אדרא זוטא","","חז""ל","","",""
"אדרת אליהו","אליהו בן שלמה זלמן מווילנה","אחרונים","","1500","1945"
"אדרת אליהו (ר יוסף חיים)","יוסף חיים","אחרונים","","1500","1945"
"אהבת דוד","חיים דוד אזולאי","אחרונים","","1500","1945"
"אהבת דוד (מאירוביץ)","","אחרונים","","",""
"אהבת חסד","רבי ישראל מאיר הכהן","אחרונים","","1500","1945"
"אהבת יהונתן","יהונתן אייבשיץ","אחרונים","","1500","1945"
"אהבת ישראל","רבי ישראל מאיר הכהן","אחרונים","","1500","1945"
"אהבת עולם","","אחרונים","","",""
"אהבת ציון","","אחרונים","","",""
"אהל אברהם","","אחרונים","","",""
"אהל דוד מסכתות שונות","","אחרונים","","",""
"אהל דוד שבועות יבמות","","אחרונים","","",""
"אהל יוסף","","אחרונים","","",""
"אהל יעקב (זריהן)","","אחרונים","","",""
"אהל יעקב על התורה","יעקב קרנץ","אחרונים","","1500","1945"
"אהל יצחק","","אחרונים","","",""
"אהל משה","","אחרונים","","",""
"אהלי יאודה","","אחרונים","","",""
"אהלי יהודה","","אחרונים","","",""
"אהלי יצחק","","אחרונים","","",""
"אוהב ישראל","אברהם יהושע העשיל","אחרונים","","1500","1945"
"אוהב משפט חלק א","","אחרונים","","",""
"אוצר ההלכה על שולחן ערוך אורח חיים חלק א","","מחברי זמננו","","",""
"אוצר ההלכה על שולחן ערוך אורח חיים חלק ג","","מחברי זמננו","","",""
"אוצר ההלכה על שולחן ערוך אורח חיים חלק ד","","מחברי זמננו","","",""
"אוצר ההלכה על שולחן ערוך אורח חיים חלק ה","","מחברי זמננו","","",""
"אוצר ההלכה על שולחן ערוך אורח חיים חלק ו","","מחברי זמננו","","",""
"אוצר המלך","","אחרונים","","",""
"אוצר המלך על הקדמת הרמבם","","אחרונים","","",""
"אוצר לעזי רש""י","","אחרונים","","",""
"אוצר מדרשים","יהודה דוד אייזנשטיין","חז""ל","","-250","500"
"אוצרות יוסף יורה דעה","","אחרונים","","",""
"אור גדול","","אחרונים","","",""
"אור ה","","ראשונים","","",""
"אור החיים על במדבר","חיים בן עטר","אחרונים","","1500","1945"
"אור החיים על בראשית","חיים בן עטר","אחרונים","","1500","1945"
"אור החיים על דברים","חיים בן עטר","אחרונים","","1500","1945"
"אור החיים על ויקרא","חיים בן עטר","אחרונים","","1500","1945"
"אור החיים על שמות","חיים בן עטר","אחרונים","ראשוני האחרונים","1500","1945"
"אור החמה על ספר הזהר","אברהם אזולאי","אחרונים","","1500","1945"
"אור הישר","","אחרונים","","",""
"אור הישר (זרעים)","","אחרונים","","",""
"אור הישר (טהרות)","","אחרונים","","",""
"אור הישר (ירושלמי)","","אחרונים","","",""
"אור הישר (תנך)","","אחרונים","","",""
"אור הישר על אבות דרבי נתן","","אחרונים","","",""
"אור הישר על בבא בתרא","","אחרונים","","",""
"אור הישר על בבא מציעא","","אחרונים","","",""
"אור הישר על בבא קמא","","אחרונים","","",""
"אור הישר על בכורות","","אחרונים","","",""
"אור הישר על גיטין","","אחרונים","","",""
"אור הישר על הוריות","","אחרונים","","",""
"אור הישר על זבחים","","אחרונים","","",""
"אור הישר על חולין","","אחרונים","","",""
"אור הישר על יבמות","","אחרונים","","",""
"אור הישר על כתובות","","אחרונים","","",""
"אור הישר על מכות","","אחרונים","","",""
"אור הישר על מסכת גרים","","אחרונים","","",""
"אור הישר על מסכת דרך ארץ זוטא","","אחרונים","","",""
"אור הישר על מסכת דרך ארץ רבה","","אחרונים","","",""
"אור הישר על מסכת כותים","","אחרונים","","",""
"אור הישר על מסכת כלה","","אחרונים","","",""
"אור הישר על מסכת כלה רבתי","","אחרונים","","",""
"אור הישר על מסכת מזוזה","","אחרונים","","",""
"אור הישר על מסכת סופרים","","אחרונים","","",""
"אור הישר על מסכת ספר תורה","","אחרונים","","",""
"אור הישר על מסכת עבדים","","אחרונים","","",""
"אור הישר על מסכת ציצית","","אחרונים","","",""
"אור הישר על מסכת שמחות","","אחרונים","","",""
"אור הישר על מסכת תפילין","","אחרונים","","",""
"אור הישר על משנה אבות","","אחרונים","","",""
"אור הישר על משנה עדיות","","אחרונים","","",""
"אור הישר על נדה","","אחרונים","","",""
"אור הישר על נדרים","","אחרונים","","",""
"אור הישר על נזיר","","אחרונים","","",""
"אור הישר על סוטה","","אחרונים","","",""
"אור הישר על סנהדרין","","אחרונים","","",""
"אור הישר על עבודה זרה","","אחרונים","","",""
"אור הישר על קידושין","","אחרונים","","",""
"אור הישר על שבועות","","אחרונים","","",""
"אור המאיר","זאב וולף מז'יטומיר","אחרונים","","1500","1945"
"אור הצפון","נתן צבי פינקל","אחרונים","","1500","1945"
"אור השכל","אברהם אבולעפיה","אחרונים","","1500","1945"
"אור זרוע","יצחק בן משה מווינה","ראשונים","","1038","1492"
"אור זרוע לצדיק","צדוק הכהן רבינוביץ","אחרונים","","1500","1945"
"אור זרוע שבת","","ראשונים","","",""
"אור חדש","יהודה ליווא בן בצלאל מפראג (מהר""ל)","אחרונים","ראשוני האחרונים","1512","1609"
"אור יקר על בראשית","","אחרונים","","",""
"אור יקר על ענין הנבואה","","אחרונים","","",""
"אור יקרות","","אחרונים","","",""
"אור ישראל","ישראל ליפקין (-סלנטר)","אחרונים","","1500","1945"
"אור לישרים","","אחרונים","","",""
"אור לשמים","מאיר הלוי רוטנברג מאפטא","אחרונים","","1500","1945"
"אור נערב","משה קורדובירו","אחרונים","","1500","1945"
"אור פני מלך","","אחרונים","","",""
"אור פני משה","","אחרונים","","",""
"אור פנימי על תלמוד עשר הספירות","יהודה לייב הלוי אשלג","מחברי זמננו","מחברי זמננו","1945","2026"
"אור שמח על משנה תורה, הלכות אבל","רבי מאיר שמחה הכהן מדווינסק","אחרונים","","1500","1945"
"אור שמח על משנה תורה, הלכות איסורי ביאה","רבי מאיר שמחה הכהן מדווינסק","אחרונים","","1500","1945"
"אור שמח על משנה תורה, הלכות איסורי המזבח","רבי מאיר שמחה הכהן מדווינסק","אחרונים","","1500","1945"
"אור שמח על משנה תורה, הלכות אישות","רבי מאיר שמחה הכהן מדווינסק","אחרונים","","1500","1945"
"אור שמח על משנה תורה, הלכות ביאת מקדש","רבי מאיר שמחה הכהן מדווינסק","אחרונים","","1500","1945"
"אור שמח על משנה תורה, הלכות ביכורים ושאר מתנות כהונה שבגבולין","רבי מאיר שמחה הכהן מדווינסק","אחרונים","","1500","1945"
"אור שמח על משנה תורה, הלכות בית הבחירה","רבי מאיר שמחה הכהן מדווינסק","אחרונים","","1500","1945"
"אור שמח על משנה תורה, הלכות בכורות","רבי מאיר שמחה הכהן מדווינסק","אחרונים","","1500","1945"
"אור שמח על משנה תורה, הלכות ברכות","רבי מאיר שמחה הכהן מדווינסק","אחרונים","","1500","1945"
"אור שמח על משנה תורה, הלכות גזילה ואבידה","רבי מאיר שמחה הכהן מדווינסק","אחרונים","","1500","1945"
"אור שמח על משנה תורה, הלכות גירושין","רבי מאיר שמחה הכהן מדווינסק","אחרונים","","1500","1945"
"אור שמח על משנה תורה, הלכות גניבה","רבי מאיר שמחה הכהן מדווינסק","אחרונים","","1500","1945"
"אור שמח על משנה תורה, הלכות דעות","רבי מאיר שמחה הכהן מדווינסק","אחרונים","","1500","1945"
"אור שמח על משנה תורה, הלכות זכייה ומתנה","רבי מאיר שמחה הכהן מדווינסק","אחרונים","","1500","1945"
"אור שמח על משנה תורה, הלכות חגיגה","רבי מאיר שמחה הכהן מדווינסק","אחרונים","","1500","1945"
"אור שמח על משנה תורה, הלכות חובל ומזיק","רבי מאיר שמחה הכהן מדווינסק","אחרונים","","1500","1945"
"אור שמח על משנה תורה, הלכות חמץ ומצה","רבי מאיר שמחה הכהן מדווינסק","אחרונים","","1500","1945"
"אור שמח על משנה תורה, הלכות טומאת אוכלים","רבי מאיר שמחה הכהן מדווינסק","אחרונים","","1500","1945"
"אור שמח על משנה תורה, הלכות טומאת מת","רבי מאיר שמחה הכהן מדווינסק","אחרונים","","1500","1945"
"אור שמח על משנה תורה, הלכות טומאת צרעת","רבי מאיר שמחה הכהן מדווינסק","אחרונים","","1500","1945"
"אור שמח על משנה תורה, הלכות טוען ונטען","רבי מאיר שמחה הכהן מדווינסק","אחרונים","","1500","1945"
"אור שמח על משנה תורה, הלכות יבום וחליצה","רבי מאיר שמחה הכהן מדווינסק","אחרונים","","1500","1945"
"אור שמח על משנה תורה, הלכות יסודי התורה","רבי מאיר שמחה הכהן מדווינסק","אחרונים","","1500","1945"
"אור שמח על משנה תורה, הלכות כלאים","רבי מאיר שמחה הכהן מדווינסק","אחרונים","","1500","1945"
"אור שמח על משנה תורה, הלכות כלי המקדש והעובדין בו","רבי מאיר שמחה הכהן מדווינסק","אחרונים","","1500","1945"
"אור שמח על משנה תורה, הלכות כלים","רבי מאיר שמחה הכהן מדווינסק","אחרונים","","1500","1945"
"אור שמח על משנה תורה, הלכות מאכלות אסורות","רבי מאיר שמחה הכהן מדווינסק","אחרונים","","1500","1945"
"אור שמח על משנה תורה, הלכות מגילה וחנוכה","רבי מאיר שמחה הכהן מדווינסק","אחרונים","","1500","1945"
"אור שמח על משנה תורה, הלכות מחוסרי כפרה","רבי מאיר שמחה הכהן מדווינסק","אחרונים","","1500","1945"
"אור שמח על משנה תורה, הלכות מטמאי משכב ומושב","רבי מאיר שמחה הכהן מדווינסק","אחרונים","","1500","1945"
"אור שמח על משנה תורה, הלכות מילה","רבי מאיר שמחה הכהן מדווינסק","אחרונים","","1500","1945"
"אור שמח על משנה תורה, הלכות מכירה","רבי מאיר שמחה הכהן מדווינסק","אחרונים","","1500","1945"
"אור שמח על משנה תורה, הלכות מלווה ולווה","רבי מאיר שמחה הכהן מדווינסק","אחרונים","","1500","1945"
"אור שמח על משנה תורה, הלכות מלכים ומלחמות","רבי מאיר שמחה הכהן מדווינסק","אחרונים","","1500","1945"
"אור שמח על משנה תורה, הלכות ממרים","רבי מאיר שמחה הכהן מדווינסק","אחרונים","","1500","1945"
"אור שמח על משנה תורה, הלכות מעילה","רבי מאיר שמחה הכהן מדווינסק","אחרונים","","1500","1945"
"אור שמח על משנה תורה, הלכות מעשה הקרבנות","רבי מאיר שמחה הכהן מדווינסק","אחרונים","","1500","1945"
"אור שמח על משנה תורה, הלכות מעשר שני ונטע רבעי","רבי מאיר שמחה הכהן מדווינסק","אחרונים","","1500","1945"
"אור שמח על משנה תורה, הלכות מעשרות","רבי מאיר שמחה הכהן מדווינסק","אחרונים","","1500","1945"
"אור שמח על משנה תורה, הלכות מקואות","רבי מאיר שמחה הכהן מדווינסק","אחרונים","","1500","1945"
"אור שמח על משנה תורה, הלכות מתנות עניים","רבי מאיר שמחה הכהן מדווינסק","אחרונים","","1500","1945"
"אור שמח על משנה תורה, הלכות נדרים","רבי מאיר שמחה הכהן מדווינסק","אחרונים","","1500","1945"
"אור שמח על משנה תורה, הלכות נזירות","רבי מאיר שמחה הכהן מדווינסק","אחרונים","","1500","1945"
"אור שמח על משנה תורה, הלכות נזקי ממון","רבי מאיר שמחה הכהן מדווינסק","אחרונים","","1500","1945"
"אור שמח על משנה תורה, הלכות נחלות","רבי מאיר שמחה הכהן מדווינסק","אחרונים","","1500","1945"
"אור שמח על משנה תורה, הלכות נערה בתולה","רבי מאיר שמחה הכהן מדווינסק","אחרונים","","1500","1945"
"אור שמח על משנה תורה, הלכות סוטה","רבי מאיר שמחה הכהן מדווינסק","אחרונים","","1500","1945"
"אור שמח על משנה תורה, הלכות סנהדרין והעונשין המסורין להם","רבי מאיר שמחה הכהן מדווינסק","אחרונים","","1500","1945"
"אור שמח על משנה תורה, הלכות עבדים","רבי מאיר שמחה הכהן מדווינסק","אחרונים","","1500","1945"
"אור שמח על משנה תורה, הלכות עבודה זרה וחוקות הגויים","רבי מאיר שמחה הכהן מדווינסק","אחרונים","","1500","1945"
"אור שמח על משנה תורה, הלכות עבודת יום הכפורים","רבי מאיר שמחה הכהן מדווינסק","אחרונים","","1500","1945"
"אור שמח על משנה תורה, הלכות עדות","רבי מאיר שמחה הכהן מדווינסק","אחרונים","","1500","1945"
"אור שמח על משנה תורה, הלכות עירובין","רבי מאיר שמחה הכהן מדווינסק","אחרונים","","1500","1945"
"אור שמח על משנה תורה, הלכות ערכים וחרמין","רבי מאיר שמחה הכהן מדווינסק","אחרונים","","1500","1945"
"אור שמח על משנה תורה, הלכות פסולי המוקדשין","רבי מאיר שמחה הכהן מדווינסק","אחרונים","","1500","1945"
"אור שמח על משנה תורה, הלכות פרה אדומה","רבי מאיר שמחה הכהן מדווינסק","אחרונים","","1500","1945"
"אור שמח על משנה תורה, הלכות ציצית","רבי מאיר שמחה הכהן מדווינסק","אחרונים","","1500","1945"
"אור שמח על משנה תורה, הלכות קידוש החודש","רבי מאיר שמחה הכהן מדווינסק","אחרונים","","1500","1945"
"אור שמח על משנה תורה, הלכות קרבן פסח","רבי מאיר שמחה הכהן מדווינסק","אחרונים","","1500","1945"
"אור שמח על משנה תורה, הלכות קריאת שמע","רבי מאיר שמחה הכהן מדווינסק","אחרונים","","1500","1945"
"אור שמח על משנה תורה, הלכות רוצח ושמירת נפש","רבי מאיר שמחה הכהן מדווינסק","אחרונים","","1500","1945"
"אור שמח על משנה תורה, הלכות שאלה ופיקדון","רבי מאיר שמחה הכהן מדווינסק","אחרונים","","1500","1945"
"אור שמח על משנה תורה, הלכות שאר אבות הטומאות","רבי מאיר שמחה הכהן מדווינסק","אחרונים","","1500","1945"
"אור שמח על משנה תורה, הלכות שבועות","רבי מאיר שמחה הכהן מדווינסק","אחרונים","","1500","1945"
"אור שמח על משנה תורה, הלכות שביתת יום טוב","רבי מאיר שמחה הכהן מדווינסק","אחרונים","","1500","1945"
"אור שמח על משנה תורה, הלכות שביתת עשור","רבי מאיר שמחה הכהן מדווינסק","אחרונים","","1500","1945"
"אור שמח על משנה תורה, הלכות שבת","רבי מאיר שמחה הכהן מדווינסק","אחרונים","","1500","1945"
"אור שמח על משנה תורה, הלכות שגגות","רבי מאיר שמחה הכהן מדווינסק","אחרונים","","1500","1945"
"אור שמח על משנה תורה, הלכות שופר וסוכה ולולב","רבי מאיר שמחה הכהן מדווינסק","אחרונים","","1500","1945"
"אור שמח על משנה תורה, הלכות שחיטה","רבי מאיר שמחה הכהן מדווינסק","אחרונים","","1500","1945"
"אור שמח על משנה תורה, הלכות שכירות","רבי מאיר שמחה הכהן מדווינסק","אחרונים","","1500","1945"
"אור שמח על משנה תורה, הלכות שכנים","רבי מאיר שמחה הכהן מדווינסק","אחרונים","","1500","1945"
"אור שמח על משנה תורה, הלכות שלוחין ושותפין","רבי מאיר שמחה הכהן מדווינסק","אחרונים","","1500","1945"
"אור שמח על משנה תורה, הלכות שמיטה ויובל","רבי מאיר שמחה הכהן מדווינסק","אחרונים","","1500","1945"
"אור שמח על משנה תורה, הלכות שקלים","רבי מאיר שמחה הכהן מדווינסק","אחרונים","","1500","1945"
"אור שמח על משנה תורה, הלכות תלמוד תורה","רבי מאיר שמחה הכהן מדווינסק","אחרונים","","1500","1945"
"אור שמח על משנה תורה, הלכות תמורה","רבי מאיר שמחה הכהן מדווינסק","אחרונים","","1500","1945"
"אור שמח על משנה תורה, הלכות תמידים ומוספין","רבי מאיר שמחה הכהן מדווינסק","אחרונים","","1500","1945"
"אור שמח על משנה תורה, הלכות תעניות","רבי מאיר שמחה הכהן מדווינסק","אחרונים","","1500","1945"
"אור שמח על משנה תורה, הלכות תפילה וברכת כהנים","רבי מאיר שמחה הכהן מדווינסק","אחרונים","","1500","1945"
"אור שמח על משנה תורה, הלכות תפילין ומזוזה וספר תורה","רבי מאיר שמחה הכהן מדווינסק","אחרונים","","1500","1945"
"אור שמח על משנה תורה, הלכות תרומות","רבי מאיר שמחה הכהן מדווינסק","אחרונים","","1500","1945"
"אור שמח על משנה תורה, הלכות תשובה","רבי מאיר שמחה הכהן מדווינסק","אחרונים","","1500","1945"
"אור שמח על משנה תורה, מסירת תורה שבעל פה","רבי מאיר שמחה הכהן מדווינסק","אחרונים","","1500","1945"
"אורה ושמחה","","אחרונים","","",""
"אורח לחיים","","אחרונים","","",""
"אורח לחיים (לונטשיץ)","","אחרונים","","",""
"אורח מישור","","אחרונים","","",""
"אורח משפט","","אחרונים","","",""
"אורחות חיים להרא""ש","רא""ש","ראשונים","","1038","1492"
"אורחות צדיקים","","ראשונים","","",""
"אורים גדולים","","אחרונים","","",""
"אורים ותומים, אורים","יהונתן אייבשיץ","אחרונים","","1500","1945"
"אורים ותומים, תומים","יהונתן אייבשיץ","אחרונים","","1500","1945"
"אזהרות לרבי שלמה אבן גבירול","שלמה בן יהודה אבן גבירול","ראשונים","","1038","1492"
"אחיעזר חלק א אבן העזר","","אחרונים","","",""
"אחיעזר חלק ג","","אחרונים","","",""
"אחרית דבר","","אחרונים","","",""
"איגרא רמה חלק א","","אחרונים","","",""
"איגרא רמה חלק ב","","אחרונים","","",""
"איגרות הרמב""ם","משה בן מימון (רמב""ם)","ראשונים","ראשוני הראשונים","1138","1204"
"איוב","","תורה שבכתב","","",""
"איזהו מקומן על ביצה","","מחברי זמננו","","",""
"איזהו מקומן על זבחים","","מחברי זמננו","","",""
"איזהו מקומן על חולין","","מחברי זמננו","","",""
"איזהו מקומן על יומא","","מחברי זמננו","","",""
"איזהו מקומן על נדה","","מחברי זמננו","","",""
"איזהו מקומן על סוטה","","מחברי זמננו","","",""
"איזהו מקומן על עירובין","","מחברי זמננו","","",""
"איזהו מקומן על ערכין","","מחברי זמננו","","",""
"איזהו מקומן על שבת","","מחברי זמננו","","",""
"איכה","","תורה שבכתב","","",""
"איכה רבה","","חז""ל","","",""
"אילת השחר (מלבי""ם)","הרב מאיר ליבוש בן הרב יחיאל מיכל וייזר","אחרונים","","1500","1945"
"איסור והיתר הארוך","","ראשונים","","",""
"איסור והיתר לרבנו ירוחם","רבנו ירוחם","ראשונים","","1038","1492"
"איסור והיתר לרש""י","רבי שלמה יצחקי","ראשונים","","1038","1492"
"איש אמונים","","אחרונים","","",""
"אלדד הדני","","ראשונים","גאונים","",""
"אלה המצות","","אחרונים","","",""
"אלון בכות על איכה","יהונתן אייבשיץ","אחרונים","","1500","1945"
"אליה רבה על שלחן ערוך אורח חיים","אליהו שפירא","אחרונים","","1500","1945"
"אליהו רבא על משנה אהלות","רבי אליהו בן שלמה זלמן מווילנה","אחרונים","","1500","1945"
"אליהו רבא על משנה זבים","אליהו בן שלמה זלמן מווילנה","אחרונים","","1500","1945"
"אליהו רבא על משנה טבול יום","אליהו בן שלמה זלמן מווילנה","אחרונים","","1500","1945"
"אליהו רבא על משנה טהרות","אליהו בן שלמה זלמן מווילנה","אחרונים","","1500","1945"
"אליהו רבא על משנה ידים","אליהו בן שלמה זלמן מווילנה","אחרונים","","1500","1945"
"אליהו רבא על משנה כלים","אליהו בן שלמה זלמן מווילנה","אחרונים","","1500","1945"
"אליהו רבא על משנה מכשירין","אליהו בן שלמה זלמן מווילנה","אחרונים","","1500","1945"
"אליהו רבא על משנה מקואות","אליהו בן שלמה זלמן מווילנה","אחרונים","","1500","1945"
"אליהו רבא על משנה נגעים","אליהו בן שלמה זלמן מווילנה","אחרונים","","1500","1945"
"אליהו רבא על משנה נדה","אליהו בן שלמה זלמן מווילנה","אחרונים","","1500","1945"
"אליהו רבא על משנה עוקצים","אליהו בן שלמה זלמן מווילנה","אחרונים","","1500","1945"
"אליהו רבא על משנה פרה","אליהו בן שלמה זלמן מווילנה","אחרונים","","1500","1945"
"אלימה רבתי","","אחרונים","","",""
"אלפא ביתא","","אחרונים","","",""
"אלפי מנשה חושן משפט","","אחרונים","","",""
"אלפי מנשה חלק א","","אחרונים","","",""
"אם הבנים","","אחרונים","","",""
"אם הבנים שמחה","ישכר שלמה טייכטל","אחרונים","","1500","1945"
"אם הדרך","","אחרונים","","",""
"אם יעקב","","אחרונים","","",""
"אם למקרא","אליהו בן-אמוזג","אחרונים","","1500","1945"
"אמונה ותורה","","אחרונים","","",""
"אמונת שמואל","","אחרונים","","",""
"אמר לאומרים","","ראשונים","","",""
"אמר שומר","","אחרונים","","",""
"אמרות טהורות","","אחרונים","","",""
"אמרי אמת","","אחרונים","","",""
"אמרי אש חלק אבן העזר","","אחרונים","","",""
"אמרי אש חלק חושן משפט","","אחרונים","","",""
"אמרי בינה","יוסף חיים","אחרונים","","1500","1945"
"אמרי בינה אורח חיים","","אחרונים","","",""
"אמרי בינה דרושים","","אחרונים","","",""
"אמרי בינה הוספות בסוף השות","","אחרונים","","",""
"אמרי בינה חושן משפט","","אחרונים","","",""
"אמרי בינה יורה דעה","","אחרונים","","",""
"אמרי דעת על משלי","","ראשונים","","",""
"אמרי הצבי א","","אחרונים","","",""
"אמרי הצבי ב","","אחרונים","","",""
"אמרי הצבי ד","","אחרונים","","",""
"אמרי יוסף","","אחרונים","","",""
"אמרי יושר על רות","יעקב בן יעקב משה מליסא","אחרונים","","1500","1945"
"אמרי משה","","אחרונים","","",""
"אמרי נועם","","אחרונים","","",""
"אמרי צדיקים","","אחרונים","","",""
"אמרי שמואל א","","אחרונים","","",""
"אמרי שמואל ב","","אחרונים","","",""
"אמרי שפר","נפתלי צבי הורוביץ","אחרונים","","1500","1945"
"אמרי שפר קלצקין","","אחרונים","","",""
"אמת ואמונה","","אחרונים","","",""
"אמת ליעקב על בבא בתרא","","אחרונים","","",""
"אמת ליעקב על בבא מציעא","","אחרונים","","",""
"אמת ליעקב על בבא קמא","","אחרונים","","",""
"אמת ליעקב על בכורות","","אחרונים","","",""
"אמת ליעקב על ברכות","","אחרונים","","",""
"אמת ליעקב על גיטין","","אחרונים","","",""
"אמת ליעקב על זבחים","","אחרונים","","",""
"אמת ליעקב על חגיגה","","אחרונים","","",""
"אמת ליעקב על חולין","","אחרונים","","",""
"אמת ליעקב על יבמות","","אחרונים","","",""
"אמת ליעקב על יומא","","אחרונים","","",""
"אמת ליעקב על כתובות","","אחרונים","","",""
"אמת ליעקב על מגילה","","אחרונים","","",""
"אמת ליעקב על מועד קטן","","אחרונים","","",""
"אמת ליעקב על מכות","","אחרונים","","",""
"אמת ליעקב על נדה","","אחרונים","","",""
"אמת ליעקב על סוטה","","אחרונים","","",""
"אמת ליעקב על סוכה","","אחרונים","","",""
"אמת ליעקב על סנהדרין","","אחרונים","","",""
"אמת ליעקב על עבודה זרה","","אחרונים","","",""
"אמת ליעקב על עירובין","","אחרונים","","",""
"אמת ליעקב על פסחים","","אחרונים","","",""
"אמת ליעקב על קידושין","","אחרונים","","",""
"אמת ליעקב על ראש השנה","","אחרונים","","",""
"אמת ליעקב על שבועות","","אחרונים","","",""
"אמת ליעקב על שבת","","אחרונים","","",""
"אמת ליעקב על תענית","","אחרונים","","",""
"אני השר","","ראשונים","","",""
"אנציקלופדיה הון יוסף","","אחרונים","","",""
"אספקלריה אותיות א - מ","","מחברי זמננו","","",""
"אספקלריה אותיות נ - ת","","מחברי זמננו","","",""
"אספת גאונים","","אחרונים","","",""
"אסתר","","תורה שבכתב","","",""
"אסתר רבה","","חז""ל","","",""
"אפוד בד על הגדה של פסח","בנימין דוד רבינוביץ","אחרונים","","1500","1945"
"אפודי על מורה נבוכים","יצחק בן משה הלוי","ראשונים","","1038","1492"
"אפיקי ים חלק א","","אחרונים","","",""
"אקדמות מילין","","ראשונים","","",""
"אריה דבי עילאי","","אחרונים","","",""
"אריה דבי עילאי (שס)","","אחרונים","","",""
"ארץ חמדה","מלבי""ם","אחרונים","","1500","1945"
"ארץ יהודא","","אחרונים","","",""
"ארץ צבי (פרומר) א","","אחרונים","","",""
"ארצות השלום","","אחרונים","","",""
"ארצות יהודה","","אחרונים","","",""
"אש קודש","קלונימוס קלמן שפירא","אחרונים","","1500","1945"
"אשדות הפסגה","","אחרונים","","",""
"אשכול הכופר על רות","אברהם סבע","אחרונים","","1500","1945"
"אשכולות הגפן","","אחרונים","","",""
"אשל אברהם על שולחן ערוך אורח חיים","אברהם דוד וואהרמן","אחרונים","","1500","1945"
"אשר לשלמה","","אחרונים","","",""
"אשר לשלמה (יפה)","","אחרונים","","",""
"אתוון דאורייתא","","אחרונים","","",""
"ב""ח","יואל בן שמואל סירקיש","אחרונים","","1500","1945"
"באור הרא""ם על מדרש לקח טוב","","אחרונים","","",""
"באורי מהר""י קורקוס והרדב""ז על משנה תורה, הלכות ביאת מקדש","דוד בן שלמה אבן אבי זמרא","אחרונים","","1500","1945"
"באורי מהר""י קורקוס והרדב""ז על משנה תורה, הלכות בית הבחירה","דוד בן שלמה אבן אבי זמרא","אחרונים","","1500","1945"
"באורי מהר""י קורקוס והרדב""ז על משנה תורה, הלכות כלי המקדש והעובדין בו","דוד בן שלמה אבן אבי זמרא","אחרונים","","1500","1945"
"באורי מהראי","","ראשונים","","",""
"באר אברהם","","אחרונים","","",""
"באר אליעזר","","אחרונים","","",""
"באר הגולה","יהודה ליווא בן בצלאל מפראג (מהר""ל)","אחרונים","ראשוני האחרונים","1512","1609"
"באר הגולה על שולחן ערוך אבן העזר","משה בן נפתלי הירש רבקש","אחרונים","","1500","1945"
"באר הגולה על שולחן ערוך אורח חיים","משה בן נפתלי הירש רבקש","אחרונים","","1500","1945"
"באר הגולה על שולחן ערוך חושן משפט","משה בן נפתלי הירש רבקש","אחרונים","","1500","1945"
"באר הגולה על שולחן ערוך יורה דעה","משה בן נפתלי הירש רבקש","אחרונים","","1500","1945"
"באר היטב (על התורה)","","אחרונים","","",""
"באר היטב אבן העזר","יהודה בן שמעון אשכנזי","אחרונים","","1500","1945"
"באר היטב אורח חיים","יהודה בן שמעון אשכנזי","אחרונים","","1500","1945"
"באר היטב חשן משפט","זכריה מנדל בן אריה לייב","אחרונים","","1500","1945"
"באר היטב יורה דעה","זכריה מנדל בן אריה לייב","אחרונים","","1500","1945"
"באר המלך","","אחרונים","","",""
"באר חיים","","אחרונים","","",""
"באר יהודא","","אחרונים","","",""
"באר יצחק","","אחרונים","","",""
"באר יצחק עהת","","אחרונים","","",""
"באר מים חיים","חיים בן שלמה טירר מטשטרנוביץ","אחרונים","","1500","1945"
"באר מים חיים על חפץ חיים","רבי ישראל מאיר הכהן","אחרונים","","1500","1945"
"באר מרים","","אחרונים","","",""
"באר משה (דנשבסקי) א","","אחרונים","","",""
"באר משה (דנשבסקי) ב","","אחרונים","","",""
"באר משה (כריף)","","אחרונים","","",""
"באר שבע","רבי יששכר בער איילינברג","אחרונים","ראשוני האחרונים","1550","1623"
"באר שבע הקדמה","","אחרונים","","",""
"באר שבע על הוריות","רבי יששכר בער איילינבורג","אחרונים","ראשוני האחרונים","1550","1623"
"באר שבע על חולין","רבי יששכר בער איילינבורג","אחרונים","ראשוני האחרונים","1150","1623"
"באר שבע על כריתות","רבי יששכר בער איילינבורג","אחרונים","ראשוני האחרונים","1550","1623"
"באר שבע על סוטה","רבי יששכר בער איילינבורג","אחרונים","ראשוני האחרונים","1550","1623"
"באר שבע על סנהדרין","רבי יששכר בער איילינבורג","אחרונים","ראשוני האחרונים","1550","1623"
"באר שבע על תמיד","רבי יששכר בער איילינבורג","אחרונים","אחרוני האחרונים","1550","1623"
"בארות המים","","אחרונים","","",""
"בבא בתרא","","חז""ל","","",""
"בבא מציעא","","חז""ל","","",""
"בבא קמא","","חז""ל","","",""
"בגדי ישע","","אחרונים","","",""
"בד קודש","","אחרונים","","",""
"בדק הבית על תורת הבית הארוך","אהרן הלוי","ראשונים","","1038","1492"
"בועז על משנה אבות","ישראל ליפשיץ‎‎","אחרונים","","1500","1945"
"בועז על משנה אהלות","ישראל ליפשיץ‎‎","אחרונים","","1500","1945"
"בועז על משנה בבא בתרא","ישראל ליפשיץ‎‎","אחרונים","","1500","1945"
"בועז על משנה בבא מציעא","ישראל ליפשיץ‎‎","אחרונים","","1500","1945"
"בועז על משנה בבא קמא","ישראל ליפשיץ‎‎","אחרונים","","1500","1945"
"בועז על משנה ביכורים","ישראל ליפשיץ‎‎","אחרונים","","1500","1945"
"בועז על משנה ביצה","ישראל ליפשיץ‎‎","אחרונים","","1500","1945"
"בועז על משנה בכורות","ישראל ליפשיץ‎‎","אחרונים","","1500","1945"
"בועז על משנה ברכות","ישראל ליפשיץ‎‎","אחרונים","","1500","1945"
"בועז על משנה גיטין","ישראל ליפשיץ‎‎","אחרונים","","1500","1945"
"בועז על משנה דמאי","ישראל ליפשיץ‎‎","אחרונים","","1500","1945"
"בועז על משנה הוריות","ישראל ליפשיץ‎‎","אחרונים","","1500","1945"
"בועז על משנה זבחים","ישראל ליפשיץ‎‎","אחרונים","","1500","1945"
"בועז על משנה חגיגה","ישראל ליפשיץ‎‎","אחרונים","","1500","1945"
"בועז על משנה חולין","ישראל ליפשיץ‎‎","אחרונים","","1500","1945"
"בועז על משנה חלה","ישראל ליפשיץ‎‎","אחרונים","","1500","1945"
"בועז על משנה טהרות","ישראל ליפשיץ‎‎","אחרונים","","1500","1945"
"בועז על משנה יבמות","ישראל ליפשיץ‎‎","אחרונים","","1500","1945"
"בועז על משנה יומא","ישראל ליפשיץ‎‎","אחרונים","","1500","1945"
"בועז על משנה כלאים","ישראל ליפשיץ‎‎","אחרונים","","1500","1945"
"בועז על משנה כלים","ישראל ליפשיץ‎‎","אחרונים","","1500","1945"
"בועז על משנה כריתות","ישראל ליפשיץ‎‎","אחרונים","","1500","1945"
"בועז על משנה כתובות","ישראל ליפשיץ‎‎","אחרונים","","1500","1945"
"בועז על משנה מגילה","ישראל ליפשיץ‎‎","אחרונים","","1500","1945"
"בועז על משנה מדות","ישראל ליפשיץ‎‎","אחרונים","","1500","1945"
"בועז על משנה מועד קטן","ישראל ליפשיץ‎‎","אחרונים","","1500","1945"
"בועז על משנה מכות","ישראל ליפשיץ‎‎","אחרונים","","1500","1945"
"בועז על משנה מנחות","ישראל ליפשיץ‎‎","אחרונים","","1500","1945"
"בועז על משנה מעילה","ישראל ליפשיץ‎‎","אחרונים","","1500","1945"
"בועז על משנה מעשר שני","ישראל ליפשיץ‎‎","אחרונים","","1500","1945"
"בועז על משנה מעשרות","ישראל ליפשיץ‎‎","אחרונים","","1500","1945"
"בועז על משנה מקואות","ישראל ליפשיץ‎‎","אחרונים","","1500","1945"
"בועז על משנה נגעים","ישראל ליפשיץ‎‎","אחרונים","","1500","1945"
"בועז על משנה נדה","ישראל ליפשיץ‎‎","אחרונים","","1500","1945"
"בועז על משנה נדרים","ישראל ליפשיץ‎‎","אחרונים","","1500","1945"
"בועז על משנה נזיר","ישראל ליפשיץ‎‎","אחרונים","","1500","1945"
"בועז על משנה סוטה","ישראל ליפשיץ‎‎","אחרונים","","1500","1945"
"בועז על משנה סוכה","ישראל ליפשיץ‎‎","אחרונים","","1500","1945"
"בועז על משנה סנהדרין","ישראל ליפשיץ‎‎","אחרונים","","1500","1945"
"בועז על משנה עבודה זרה","ישראל ליפשיץ‎‎","אחרונים","","1500","1945"
"בועז על משנה עדיות","ישראל ליפשיץ‎‎","אחרונים","","1500","1945"
"בועז על משנה עירובין","ישראל ליפשיץ‎‎","אחרונים","","1500","1945"
"בועז על משנה ערכין","ישראל ליפשיץ‎‎","אחרונים","","1500","1945"
"בועז על משנה ערלה","ישראל ליפשיץ‎‎","אחרונים","","1500","1945"
"בועז על משנה פאה","ישראל ליפשיץ‎‎","אחרונים","","1500","1945"
"בועז על משנה פסחים","ישראל ליפשיץ‎‎","אחרונים","","1500","1945"
"בועז על משנה פרה","ישראל ליפשיץ‎‎","אחרונים","","1500","1945"
"בועז על משנה קידושין","ישראל ליפשיץ‎‎","אחרונים","","1500","1945"
"בועז על משנה קינים","ישראל ליפשיץ‎‎","אחרונים","","1500","1945"
"בועז על משנה ראש השנה","ישראל ליפשיץ‎‎","אחרונים","","1500","1945"
"בועז על משנה שבועות","ישראל ליפשיץ‎‎","אחרונים","","1500","1945"
"בועז על משנה שביעית","ישראל ליפשיץ‎‎","אחרונים","","1500","1945"
"בועז על משנה שבת","ישראל ליפשיץ‎‎","אחרונים","","1500","1945"
"בועז על משנה שקלים","ישראל ליפשיץ‎‎","אחרונים","","1500","1945"
"בועז על משנה תמורה","ישראל ליפשיץ‎‎","אחרונים","","1500","1945"
"בועז על משנה תמיד","ישראל ליפשיץ‎‎","אחרונים","","1500","1945"
"בועז על משנה תענית","ישראל ליפשיץ‎‎","אחרונים","","1500","1945"
"בועז על משנה תרומות","ישראל ליפשיץ‎‎","אחרונים","","1500","1945"
"בחינת עולם","ידעיה הפניני","ראשונים","","1038","1492"
"ביאור גמרא נוחה על בבא בתרא","","מחברי זמננו","","",""
"ביאור גמרא נוחה על בבא מציעא","","מחברי זמננו","","",""
"ביאור גמרא נוחה על בבא קמא","","מחברי זמננו","","",""
"ביאור גמרא נוחה על ביצה","","מחברי זמננו","","",""
"ביאור גמרא נוחה על בכורות","","מחברי זמננו","","",""
"ביאור גמרא נוחה על ברכות","","מחברי זמננו","","",""
"ביאור גמרא נוחה על גיטין","","מחברי זמננו","","",""
"ביאור גמרא נוחה על הוריות","","מחברי זמננו","","",""
"ביאור גמרא נוחה על זבחים","","מחברי זמננו","","",""
"ביאור גמרא נוחה על חגיגה","","מחברי זמננו","","",""
"ביאור גמרא נוחה על חולין","","מחברי זמננו","","",""
"ביאור גמרא נוחה על יבמות","","מחברי זמננו","","",""
"ביאור גמרא נוחה על יומא","","מחברי זמננו","","",""
"ביאור גמרא נוחה על כריתות","","מחברי זמננו","","",""
"ביאור גמרא נוחה על כתובות","","מחברי זמננו","","",""
"ביאור גמרא נוחה על מגילה","","מחברי זמננו","","",""
"ביאור גמרא נוחה על מועד קטן","","מחברי זמננו","","",""
"ביאור גמרא נוחה על מכות","","מחברי זמננו","","",""
"ביאור גמרא נוחה על מנחות","","מחברי זמננו","","",""
"ביאור גמרא נוחה על מעילה","","מחברי זמננו","","",""
"ביאור גמרא נוחה על נדה","","מחברי זמננו","","",""
"ביאור גמרא נוחה על נדרים","","מחברי זמננו","","",""
"ביאור גמרא נוחה על נזיר","","מחברי זמננו","","",""
"ביאור גמרא נוחה על סוטה","","מחברי זמננו","","",""
"ביאור גמרא נוחה על סוכה","","מחברי זמננו","","",""
"ביאור גמרא נוחה על סנהדרין","","מחברי זמננו","","",""
"ביאור גמרא נוחה על עבודה זרה","","מחברי זמננו","","",""
"ביאור גמרא נוחה על עירובין","","מחברי זמננו","","",""
"ביאור גמרא נוחה על ערכין","","מחברי זמננו","","",""
"ביאור גמרא נוחה על פסחים","","מחברי זמננו","","",""
"ביאור גמרא נוחה על קידושין","","מחברי זמננו","","",""
"ביאור גמרא נוחה על ראש השנה","","מחברי זמננו","","",""
"ביאור גמרא נוחה על שבת","","מחברי זמננו","","",""
"ביאור גמרא נוחה על תמורה","","מחברי זמננו","","",""
"ביאור גמרא נוחה על תמיד","","מחברי זמננו","","",""
"ביאור גמרא נוחה על תענית","","מחברי זמננו","","",""
"ביאור הגר""א על ספרא דצניעותא","אליהו בן שלמה זלמן מווילנה","אחרונים","","1500","1945"
"ביאור הגר""א על שולחן ערוך אבן העזר","אליהו בן שלמה זלמן מווילנה","אחרונים","","1500","1945"
"ביאור הגר""א על שולחן ערוך אורח חיים","אליהו בן שלמה זלמן מווילנה","אחרונים","","1500","1945"
"ביאור הגר""א על שולחן ערוך חושן משפט","אליהו בן שלמה זלמן מווילנה","אחרונים","","1500","1945"
"ביאור הגר""א על שולחן ערוך יורה דעה","אליהו בן שלמה זלמן מווילנה","אחרונים","","1500","1945"
"ביאור הגר""א על תלמוד ירושלמי בכורים","אליהו בן שלמה זלמן מווילנה","אחרונים","","1500","1945"
"ביאור הגר""א על תלמוד ירושלמי דמאי","אליהו בן שלמה זלמן מווילנה","אחרונים","","1500","1945"
"ביאור הגר""א על תלמוד ירושלמי חלה","אליהו בן שלמה זלמן מווילנה","אחרונים","","1500","1945"
"ביאור הגר""א על תלמוד ירושלמי כלאים","אליהו בן שלמה זלמן מווילנה","אחרונים","","1500","1945"
"ביאור הגר""א על תלמוד ירושלמי מעשר שני","אליהו בן שלמה זלמן מווילנה","אחרונים","","1500","1945"
"ביאור הגר""א על תלמוד ירושלמי מעשרות","אליהו בן שלמה זלמן מווילנה","אחרונים","","1500","1945"
"ביאור הגר""א על תלמוד ירושלמי ערלה","אליהו בן שלמה זלמן מווילנה","אחרונים","","1500","1945"
"ביאור הגר""א על תלמוד ירושלמי פאה","אליהו בן שלמה זלמן מווילנה","אחרונים","","1500","1945"
"ביאור הגר""א על תלמוד ירושלמי שביעית","אליהו בן שלמה זלמן מווילנה","אחרונים","","1500","1945"
"ביאור הגר""א על תלמוד ירושלמי תרומות","אליהו בן שלמה זלמן מווילנה","אחרונים","","1500","1945"
"ביאור הגרא על תיקונים מזוהר חדש - דפוס וילנא","","אחרונים","","",""
"ביאור הגרא על תקוני הזהר","","אחרונים","","",""
"ביאור הלכה","רבי ישראל מאיר הכהן","אחרונים","","1500","1945"
"ביאור הרד""ל על פרקי דרבי אליעזר","","אחרונים","","",""
"ביאור הריטב""א על הגדה של פסח","ריטב""א","ראשונים","","1500","1945"
"ביאור חדש מספיק","","אחרונים","","",""
"ביאור על ספר המצוות לרס""ג","","אחרונים","","",""
"ביאור עשר ספירות","עזריאל בן מנחם","ראשונים","","1038","1492"
"ביאורים לספר אוצרות חיים","","אחרונים","","",""
"בינה לעיתים חלק א","","אחרונים","","",""
"בינה לעיתים חלק ב","","אחרונים","","",""
"בינה לעתים על משנה תורה, הלכות שביתת יום טוב","יהונתן אייבשיץ","אחרונים","","1500","1945"
"בינת אדם","אברהם דנציג","אחרונים","","1500","1945"
"בינת מקרא","","אחרונים","","",""
"ביצה","","חז""ל","","",""
"בית א-ל א","","אחרונים","","",""
"בית אבא","","אחרונים","","",""
"בית אבות על מסכת אבות","נפתלי הירץ מלעכוויטש","אחרונים","","",""
"בית אבי-גדר","","אחרונים","","",""
"בית אברהם לנדא","","אחרונים","","",""
"בית אהרן","אהרן פרלוב מקרלין","אחרונים","","1500","1945"
"בית אהרן (בק)","","אחרונים","","",""
"בית אהרן על בבא מציעא","","אחרונים","","",""
"בית אהרן על בראשית ושמות","רבי אהרן אזולאי","אחרונים","","1710",""
"בית אהרן על גיטין","","אחרונים","","",""
"בית אהרן על כתובות","","אחרונים","","",""
"בית אל","","אחרונים","","",""
"בית אלהים","משה מטראני","אחרונים","","1500","1945"
"בית אליקום","","אחרונים","","",""
"בית אפרים אבן העזר","","אחרונים","","",""
"בית אפרים אורח חיים","","אחרונים","","",""
"בית אפרים חושן משפט","","אחרונים","","",""
"בית אפרים יורה דעה","","אחרונים","","",""
"בית דוד (דרשות)","","אחרונים","","",""
"בית האוצר חלק א","","אחרונים","","",""
"בית האוצר חלק ב","","אחרונים","","",""
"בית הלוי חלק א","","אחרונים","","",""
"בית הלוי חלק ב","","אחרונים","","",""
"בית הלוי חלק ג","","אחרונים","","",""
"בית הלוי על התורה","רב יוסף דוב הלוי סולובייצ'ק","אחרונים","","1500","1945"
"בית הלוי על מצות הביטחון","","אחרונים","","",""
"בית המלך (בוים)","","אחרונים","","",""
"בית המלך (חסון)","","אחרונים","","",""
"בית הראה","","אחרונים","","",""
"בית יד","","ראשונים","","",""
"בית יוסף","יוסף קארו","אחרונים","","1500","1945"
"בית יעקב (טבשונסקי)","","אחרונים","","",""
"בית יעקב על התורה","הרה""ק ר' יעקב ליינר מאיזביצא","אחרונים","","1500","1945"
"בית יעקב על כתובות","","אחרונים","","",""
"בית יצחק - דיני ברירה","","אחרונים","","",""
"בית יצחק - שערי קבוע וספקות","","אחרונים","","",""
"בית יצחק אבן העזר חלק א","","אחרונים","","",""
"בית יצחק אבן העזר חלק ב","","אחרונים","","",""
"בית יצחק אורח חיים","","אחרונים","","",""
"בית יצחק חושן משפט","","אחרונים","","",""
"בית ישחק","","אחרונים","","",""
"בית ישראל (רוזין)","","אחרונים","","",""
"בית לוי","","אחרונים","","",""
"בית מאיר על בבא בתרא","","אחרונים","","",""
"בית מאיר על בבא מציעא","","אחרונים","","",""
"בית מאיר על בבא קמא","","אחרונים","","",""
"בית מאיר על ביצה","","אחרונים","","",""
"בית מאיר על בכורות","","אחרונים","","",""
"בית מאיר על ברכות","","אחרונים","","",""
"בית מאיר על גיטין","","אחרונים","","",""
"בית מאיר על זבחים","","אחרונים","","",""
"בית מאיר על חגיגה","","אחרונים","","",""
"בית מאיר על חולין","","אחרונים","","",""
"בית מאיר על יבמות","","אחרונים","","",""
"בית מאיר על יומא","","אחרונים","","",""
"בית מאיר על כריתות","","אחרונים","","",""
"בית מאיר על כתובות","","אחרונים","","",""
"בית מאיר על מגילה","","אחרונים","","",""
"בית מאיר על מועד קטן","","אחרונים","","",""
"בית מאיר על מכות","","אחרונים","","",""
"בית מאיר על מנחות","","אחרונים","","",""
"בית מאיר על מעילה","","אחרונים","","",""
"בית מאיר על משניות","","אחרונים","","",""
"בית מאיר על נדה","","אחרונים","","",""
"בית מאיר על נדרים","","אחרונים","","",""
"בית מאיר על נזיר","","אחרונים","","",""
"בית מאיר על סוטה","","אחרונים","","",""
"בית מאיר על סוכה","","אחרונים","","",""
"בית מאיר על סנהדרין","","אחרונים","","",""
"בית מאיר על עבודה זרה","","אחרונים","","",""
"בית מאיר על עירובין","","אחרונים","","",""
"בית מאיר על ערכין","","אחרונים","","",""
"בית מאיר על פסחים","","אחרונים","","",""
"בית מאיר על קידושין","","אחרונים","","",""
"בית מאיר על ראש השנה","","אחרונים","","",""
"בית מאיר על שבועות","","אחרונים","","",""
"בית מאיר על שבת","","אחרונים","","",""
"בית מאיר על שולחן ערוך אבן העזר","מאיר פוזנר","אחרונים","","1725","1807"
"בית מאיר על שולחן ערוך אורח חיים","","אחרונים","","",""
"בית מאיר על שולחן ערוך יורה דעה","","אחרונים","","",""
"בית מאיר על תמורה","","אחרונים","","",""
"בית מאיר על תענית","","אחרונים","","",""
"בית מועד","","אחרונים","","",""
"בית רידבז","","אחרונים","","",""
"בית שלמה אורח חיים","","אחרונים","","",""
"בית שמואל","שמואל בן ר' אורי שרגא פייבוש","אחרונים","","1500","1945"
"בית שערים אורח חיים","","אחרונים","","",""
"בית שערים יורה דעה חלק א","","אחרונים","","",""
"בית שערים יורה דעה חלק ב","","אחרונים","","",""
"בכור שור","יוסף בכור שור","ראשונים","","1038","1492"
"בכורות","","חז""ל","","",""
"בכורי יוסף","","אחרונים","","",""
"בכורי שלמה חלק א","","אחרונים","","",""
"בלבבי משכן אבנה - א","","מחברי זמננו","","",""
"בלבבי משכן אבנה - ב","","מחברי זמננו","","",""
"בלבבי משכן אבנה - ג","","מחברי זמננו","","",""
"בלבבי משכן אבנה - ד","","מחברי זמננו","","",""
"בלבבי משכן אבנה - ו","","מחברי זמננו","","",""
"בלבבי משכן אבנה - ט","","מחברי זמננו","","",""
"במדבר","","תורה שבכתב","","",""
"במדבר רבה","","חז""ל","","",""
"בן אברהם","","אחרונים","","",""
"בן איש חי","יוסף חיים","אחרונים","","1500","1945"
"בן אריה על משנה תורה, הלכות אבל","זאב בן אריה","אחרונים","","1500","1945"
"בן אריה על משנה תורה, הלכות איסורי ביאה","זאב בן אריה","אחרונים","","1500","1945"
"בן אריה על משנה תורה, הלכות איסורי המזבח","זאב בן אריה","אחרונים","","1500","1945"
"בן אריה על משנה תורה, הלכות אישות","זאב בן אריה","אחרונים","","1500","1945"
"בן אריה על משנה תורה, הלכות ביאת מקדש","זאב בן אריה","אחרונים","","1500","1945"
"בן אריה על משנה תורה, הלכות ביכורים ושאר מתנות כהונה שבגבולין","זאב בן אריה","אחרונים","","1500","1945"
"בן אריה על משנה תורה, הלכות בית הבחירה","זאב בן אריה","אחרונים","","1500","1945"
"בן אריה על משנה תורה, הלכות בכורות","זאב בן אריה","אחרונים","","1500","1945"
"בן אריה על משנה תורה, הלכות ברכות","זאב בן אריה","אחרונים","","1500","1945"
"בן אריה על משנה תורה, הלכות גזילה ואבידה","זאב בן אריה","אחרונים","","1500","1945"
"בן אריה על משנה תורה, הלכות גירושין","זאב בן אריה","אחרונים","","1500","1945"
"בן אריה על משנה תורה, הלכות גניבה","זאב בן אריה","אחרונים","","1500","1945"
"בן אריה על משנה תורה, הלכות דעות","זאב בן אריה","אחרונים","","1500","1945"
"בן אריה על משנה תורה, הלכות זכייה ומתנה","זאב בן אריה","אחרונים","","1500","1945"
"בן אריה על משנה תורה, הלכות חגיגה","זאב בן אריה","אחרונים","","1500","1945"
"בן אריה על משנה תורה, הלכות חובל ומזיק","זאב בן אריה","אחרונים","","1500","1945"
"בן אריה על משנה תורה, הלכות חמץ ומצה","זאב בן אריה","אחרונים","","1500","1945"
"בן אריה על משנה תורה, הלכות טומאת אוכלים","זאב בן אריה","אחרונים","","1500","1945"
"בן אריה על משנה תורה, הלכות טומאת מת","זאב בן אריה","אחרונים","","1500","1945"
"בן אריה על משנה תורה, הלכות טומאת צרעת","זאב בן אריה","אחרונים","","1500","1945"
"בן אריה על משנה תורה, הלכות טוען ונטען","זאב בן אריה","אחרונים","","1500","1945"
"בן אריה על משנה תורה, הלכות יבום וחליצה","זאב בן אריה","אחרונים","","1500","1945"
"בן אריה על משנה תורה, הלכות יסודי התורה","זאב בן אריה","אחרונים","","1500","1945"
"בן אריה על משנה תורה, הלכות כלאים","זאב בן אריה","אחרונים","","1500","1945"
"בן אריה על משנה תורה, הלכות כלי המקדש והעובדין בו","זאב בן אריה","אחרונים","","1500","1945"
"בן אריה על משנה תורה, הלכות כלים","זאב בן אריה","אחרונים","","1500","1945"
"בן אריה על משנה תורה, הלכות מאכלות אסורות","זאב בן אריה","אחרונים","","1500","1945"
"בן אריה על משנה תורה, הלכות מגילה וחנוכה","זאב בן אריה","אחרונים","","1500","1945"
"בן אריה על משנה תורה, הלכות מחוסרי כפרה","זאב בן אריה","אחרונים","","1500","1945"
"בן אריה על משנה תורה, הלכות מטמאי משכב ומושב","זאב בן אריה","אחרונים","","1500","1945"
"בן אריה על משנה תורה, הלכות מילה","זאב בן אריה","אחרונים","","1500","1945"
"בן אריה על משנה תורה, הלכות מכירה","זאב בן אריה","אחרונים","","1500","1945"
"בן אריה על משנה תורה, הלכות מלווה ולווה","זאב בן אריה","אחרונים","","1500","1945"
"בן אריה על משנה תורה, הלכות מלכים ומלחמות","זאב בן אריה","אחרונים","","1500","1945"
"בן אריה על משנה תורה, הלכות ממרים","זאב בן אריה","אחרונים","","1500","1945"
"בן אריה על משנה תורה, הלכות מעילה","זאב בן אריה","אחרונים","","1500","1945"
"בן אריה על משנה תורה, הלכות מעשה הקרבנות","זאב בן אריה","אחרונים","","1500","1945"
"בן אריה על משנה תורה, הלכות מעשר שני ונטע רבעי","זאב בן אריה","אחרונים","","1500","1945"
"בן אריה על משנה תורה, הלכות מעשרות","זאב בן אריה","אחרונים","","1500","1945"
"בן אריה על משנה תורה, הלכות מקואות","זאב בן אריה","אחרונים","","1500","1945"
"בן אריה על משנה תורה, הלכות נדרים","זאב בן אריה","אחרונים","","1500","1945"
"בן אריה על משנה תורה, הלכות נזירות","זאב בן אריה","אחרונים","","1500","1945"
"בן אריה על משנה תורה, הלכות נזקי ממון","זאב בן אריה","אחרונים","","1500","1945"
"בן אריה על משנה תורה, הלכות נחלות","זאב בן אריה","אחרונים","","1500","1945"
"בן אריה על משנה תורה, הלכות נערה בתולה","זאב בן אריה","אחרונים","","1500","1945"
"בן אריה על משנה תורה, הלכות סוטה","זאב בן אריה","אחרונים","","1500","1945"
"בן אריה על משנה תורה, הלכות סנהדרין והעונשין המסורין להם","זאב בן אריה","אחרונים","","1500","1945"
"בן אריה על משנה תורה, הלכות עבדים","זאב בן אריה","אחרונים","","1500","1945"
"בן אריה על משנה תורה, הלכות עבודה זרה וחוקות הגויים","זאב בן אריה","אחרונים","","1500","1945"
"בן אריה על משנה תורה, הלכות עבודת יום הכפורים","זאב בן אריה","אחרונים","","1500","1945"
"בן אריה על משנה תורה, הלכות עדות","זאב בן אריה","אחרונים","","1500","1945"
"בן אריה על משנה תורה, הלכות עירובין","זאב בן אריה","אחרונים","","1500","1945"
"בן אריה על משנה תורה, הלכות ערכים וחרמין","זאב בן אריה","אחרונים","","1500","1945"
"בן אריה על משנה תורה, הלכות פסולי המוקדשין","זאב בן אריה","אחרונים","","1500","1945"
"בן אריה על משנה תורה, הלכות פרה אדומה","זאב בן אריה","אחרונים","","1500","1945"
"בן אריה על משנה תורה, הלכות ציצית","זאב בן אריה","אחרונים","","1500","1945"
"בן אריה על משנה תורה, הלכות קידוש החודש","זאב בן אריה","אחרונים","","1500","1945"
"בן אריה על משנה תורה, הלכות קרבן פסח","זאב בן אריה","אחרונים","","1500","1945"
"בן אריה על משנה תורה, הלכות קריאת שמע","זאב בן אריה","אחרונים","","1500","1945"
"בן אריה על משנה תורה, הלכות רוצח ושמירת נפש","זאב בן אריה","אחרונים","","1500","1945"
"בן אריה על משנה תורה, הלכות שאלה ופיקדון","זאב בן אריה","אחרונים","","1500","1945"
"בן אריה על משנה תורה, הלכות שאר אבות הטומאות","זאב בן אריה","אחרונים","","1500","1945"
"בן אריה על משנה תורה, הלכות שבועות","זאב בן אריה","אחרונים","","1500","1945"
"בן אריה על משנה תורה, הלכות שביתת יום טוב","זאב בן אריה","אחרונים","","1500","1945"
"בן אריה על משנה תורה, הלכות שבת","זאב בן אריה","אחרונים","","1500","1945"
"בן אריה על משנה תורה, הלכות שגגות","זאב בן אריה","אחרונים","","1500","1945"
"בן אריה על משנה תורה, הלכות שופר וסוכה ולולב","זאב בן אריה","אחרונים","","1500","1945"
"בן אריה על משנה תורה, הלכות שחיטה","זאב בן אריה","אחרונים","","1500","1945"
"בן אריה על משנה תורה, הלכות שכירות","זאב בן אריה","אחרונים","","1500","1945"
"בן אריה על משנה תורה, הלכות שכנים","זאב בן אריה","אחרונים","","1500","1945"
"בן אריה על משנה תורה, הלכות שלוחין ושותפין","זאב בן אריה","אחרונים","","1500","1945"
"בן אריה על משנה תורה, הלכות שמיטה ויובל","זאב בן אריה","אחרונים","","1500","1945"
"בן אריה על משנה תורה, הלכות שקלים","זאב בן אריה","אחרונים","","1500","1945"
"בן אריה על משנה תורה, הלכות תלמוד תורה","זאב בן אריה","אחרונים","","1500","1945"
"בן אריה על משנה תורה, הלכות תמורה","זאב בן אריה","אחרונים","","1500","1945"
"בן אריה על משנה תורה, הלכות תמידים ומוספין","זאב בן אריה","אחרונים","","1500","1945"
"בן אריה על משנה תורה, הלכות תעניות","זאב בן אריה","אחרונים","","1500","1945"
"בן אריה על משנה תורה, הלכות תפילה וברכת כהנים","זאב בן אריה","אחרונים","","1500","1945"
"בן אריה על משנה תורה, הלכות תפילין ומזוזה וספר תורה","זאב בן אריה","אחרונים","","1500","1945"
"בן אריה על משנה תורה, הלכות תרומות","זאב בן אריה","אחרונים","","1500","1945"
"בן אריה על משנה תורה, הלכות תשובה","זאב בן אריה","אחרונים","","1500","1945"
"בן הרמה","","אחרונים","","",""
"בן ידיד","","אחרונים","","",""
"בן יהוידע על בבא בתרא","יוסף חיים","אחרונים","","1500","1945"
"בן יהוידע על בבא מציעא","יוסף חיים","אחרונים","","1500","1945"
"בן יהוידע על בבא קמא","יוסף חיים","אחרונים","","1500","1945"
"בן יהוידע על ביצה","יוסף חיים","אחרונים","","1500","1945"
"בן יהוידע על בכורות","יוסף חיים","אחרונים","","1500","1945"
"בן יהוידע על ברכות","יוסף חיים","אחרונים","","1500","1945"
"בן יהוידע על גיטין","יוסף חיים","אחרונים","","1500","1945"
"בן יהוידע על הוריות","יוסף חיים","אחרונים","","1500","1945"
"בן יהוידע על זבחים","יוסף חיים","אחרונים","","1500","1945"
"בן יהוידע על חגיגה","יוסף חיים","אחרונים","","1500","1945"
"בן יהוידע על חולין","יוסף חיים","אחרונים","","1500","1945"
"בן יהוידע על יבמות","יוסף חיים","אחרונים","","1500","1945"
"בן יהוידע על יומא","יוסף חיים","אחרונים","","1500","1945"
"בן יהוידע על כתובות","יוסף חיים","אחרונים","","1500","1945"
"בן יהוידע על מגילה","יוסף חיים","אחרונים","","1500","1945"
"בן יהוידע על מועד קטן","יוסף חיים","אחרונים","","1500","1945"
"בן יהוידע על מכות","יוסף חיים","אחרונים","","1500","1945"
"בן יהוידע על מנחות","יוסף חיים","אחרונים","","1500","1945"
"בן יהוידע על משנה עדיות","יוסף חיים","אחרונים","","1500","1945"
"בן יהוידע על נדה","יוסף חיים","אחרונים","","1500","1945"
"בן יהוידע על נדרים","יוסף חיים","אחרונים","","1500","1945"
"בן יהוידע על נזיר","יוסף חיים","אחרונים","","1500","1945"
"בן יהוידע על סוטה","יוסף חיים","אחרונים","","1500","1945"
"בן יהוידע על סוכה","יוסף חיים","אחרונים","","1500","1945"
"בן יהוידע על סנהדרין","יוסף חיים","אחרונים","","1500","1945"
"בן יהוידע על עבודה זרה","יוסף חיים","אחרונים","","1500","1945"
"בן יהוידע על עירובין","יוסף חיים","אחרונים","","1500","1945"
"בן יהוידע על ערכין","יוסף חיים","אחרונים","","1500","1945"
"בן יהוידע על פסחים","יוסף חיים","אחרונים","","1500","1945"
"בן יהוידע על קידושין","יוסף חיים","אחרונים","","1500","1945"
"בן יהוידע על ראש השנה","יוסף חיים","אחרונים","","1500","1945"
"בן יהוידע על שבועות","יוסף חיים","אחרונים","","1500","1945"
"בן יהוידע על שבת","יוסף חיים","אחרונים","","1500","1945"
"בן יהוידע על תענית","יוסף חיים","אחרונים","","1500","1945"
"בן סירא","בן סירא","חז""ל","","-250","500"
"בן פורת חלק ב","","אחרונים","","",""
"בן פורת יוסף","יעקב יוסף מפולנאה","אחרונים","","1500","1945"
"בן שלמה","","אחרונים","","",""
"בני אהובה על משנה תורה, הלכות אישות","יהונתן אייבשיץ","אחרונים","","1500","1945"
"בני אהובה על משנה תורה, הלכות גירושין","יהונתן אייבשיץ","אחרונים","","1500","1945"
"בני אהובה על משנה תורה, הלכות יבום וחליצה","יהונתן אייבשיץ","אחרונים","","1500","1945"
"בני בנימין על משנה תורה, הלכות ברכות","אליהו דוד רבינוביץ' תאומים","אחרונים","","1500","1945"
"בני בנימין על משנה תורה, הלכות דעות","אליהו דוד רבינוביץ' תאומים","אחרונים","","1500","1945"
"בני בנימין על משנה תורה, הלכות חמץ ומצה","אליהו דוד רבינוביץ' תאומים","אחרונים","","1500","1945"
"בני בנימין על משנה תורה, הלכות יסודי התורה","אליהו דוד רבינוביץ' תאומים","אחרונים","","1500","1945"
"בני בנימין על משנה תורה, הלכות מגילה וחנוכה","אליהו דוד רבינוביץ' תאומים","אחרונים","","1500","1945"
"בני בנימין על משנה תורה, הלכות מילה","אליהו דוד רבינוביץ' תאומים","אחרונים","","1500","1945"
"בני בנימין על משנה תורה, הלכות עבודה זרה וחוקות הגויים","אליהו דוד רבינוביץ' תאומים","אחרונים","","1500","1945"
"בני בנימין על משנה תורה, הלכות ציצית","אליהו דוד רבינוביץ' תאומים","אחרונים","","1500","1945"
"בני בנימין על משנה תורה, הלכות קידוש החודש","אליהו דוד רבינוביץ' תאומים","אחרונים","","1500","1945"
"בני בנימין על משנה תורה, הלכות קריאת שמע","אליהו דוד רבינוביץ' תאומים","אחרונים","","1500","1945"
"בני בנימין על משנה תורה, הלכות שביתת יום טוב","אליהו דוד רבינוביץ' תאומים","אחרונים","","1500","1945"
"בני בנימין על משנה תורה, הלכות שבת","אליהו דוד רבינוביץ' תאומים","אחרונים","","1500","1945"
"בני בנימין על משנה תורה, הלכות שופר וסוכה ולולב","אליהו דוד רבינוביץ' תאומים","אחרונים","","1500","1945"
"בני בנימין על משנה תורה, הלכות שקלים","אליהו דוד רבינוביץ' תאומים","אחרונים","","1500","1945"
"בני בנימין על משנה תורה, הלכות תלמוד תורה","אליהו דוד רבינוביץ' תאומים","אחרונים","","1500","1945"
"בני בנימין על משנה תורה, הלכות תעניות","אליהו דוד רבינוביץ' תאומים","אחרונים","","1500","1945"
"בני בנימין על משנה תורה, הלכות תפילה וברכת כהנים","אליהו דוד רבינוביץ' תאומים","אחרונים","","1500","1945"
"בני בנימין על משנה תורה, הלכות תפילין ומזוזה וספר תורה","אליהו דוד רבינוביץ' תאומים","אחרונים","","1500","1945"
"בני בנימין על משנה תורה, הלכות תשובה","אליהו דוד רבינוביץ' תאומים","אחרונים","","1500","1945"
"בני גרשון","","אחרונים","","",""
"בני דוד","","אחרונים","","",""
"בני חיי","","אחרונים","","",""
"בני יהודא","","אחרונים","","",""
"בני יוסף","","אחרונים","","",""
"בני יששכר","צבי אלימלך שפירא מדינוב","אחרונים","","1500","1945"
"בני מחשבה טובה","קלונימוס קלמן שפירא","אחרונים","","1500","1945"
"בני שמואל","","אחרונים","","",""
"בניהו על ביצה","יוסף חיים","אחרונים","","1500","1945"
"בניהו על ברכות","יוסף חיים","אחרונים","","1500","1945"
"בניהו על חגיגה","יוסף חיים","אחרונים","","1500","1945"
"בניהו על יומא","יוסף חיים","אחרונים","","1500","1945"
"בניהו על מגילה","יוסף חיים","אחרונים","","1500","1945"
"בניהו על מועד קטן","יוסף חיים","אחרונים","","1500","1945"
"בניהו על סוכה","יוסף חיים","אחרונים","","1500","1945"
"בניהו על עירובין","יוסף חיים","אחרונים","","1500","1945"
"בניהו על פסחים","יוסף חיים","אחרונים","","1500","1945"
"בניהו על ראש השנה","יוסף חיים","אחרונים","","1500","1945"
"בניהו על שבת","יוסף חיים","אחרונים","","1500","1945"
"בניהו על תענית","יוסף חיים","אחרונים","","1500","1945"
"בנין דוד א","","אחרונים","","",""
"בנין הלכה","","אחרונים","","",""
"בנין יהושע","","אחרונים","","",""
"בנין יהושע על אבות דרבי נתן","יהושע פלק בן יצחק אייזיק מליסא","אחרונים","","1500","1945"
"בנין עולם","יצחק אייזיק חבר","אחרונים","","1500","1945"
"בנין ציון","יעקב אטלינגר","אחרונים","","1500","1945"
"בנין ציון החדשות","","אחרונים","","",""
"בנין של שמחה","","אחרונים","","",""
"בנין שלמה","","אחרונים","","",""
"בנין שלמה חלק א","","אחרונים","","",""
"בנין שלמה חלק ב","","אחרונים","","",""
"בנין שמואל","","אחרונים","","",""
"בנפש דוד","","אחרונים","","",""
"בעל הטורים על בראשית","יעקב בן אשר","ראשונים","","1038","1492"
"בעל שם טוב","בעל שם טוב","אחרונים","","1500","1945"
"בעל שם טוב על התורה","","אחרונים","","",""
"בעלי ברית אברם","אברהם אזולאי","אחרונים","","1500","1945"
"בעלי הנפש","ראב""ד","ראשונים","","1038","1492"
"בעניין מספר הפסוקים התיבות והאותיות בתורה","","אחרונים","","",""
"בפי חרבי","","ראשונים","","",""
"בקע לגולגולת","","אחרונים","","",""
"בקע לגולגולת (התנך)","","אחרונים","","",""
"בקע לגולגולת (ליקוטים)","","אחרונים","","",""
"בקע לגולגולת (שוך)","","אחרונים","","",""
"בקע לגולגולת (שס)","","אחרונים","","",""
"בראשית","","תורה שבכתב","","",""
"בראשית רבה","","חז""ל","","",""
"בראשית רבתי","ר' משה הדרשן","חז""ל","","-250","500"
"ברוך השם","","אחרונים","","",""
"ברוך טעם","","אחרונים","","",""
"ברוך מרדכי חלק א","","אחרונים","","",""
"ברוך מרדכי חלק ב","","אחרונים","","",""
"ברוך שאמר","","אחרונים","","",""
"ברוך שאמר על הגדה של פסח","הרב ברוך הלוי אפשטיין","אחרונים","","1500","1945"
"ברטנורא על התורה","עובדיה מברטנורא","אחרונים","","1500","1945"
"ברטנורא על משנה אבות","עובדיה מברטנורא","אחרונים","","1500","1945"
"ברטנורא על משנה אהלות","עובדיה מברטנורא","אחרונים","","1500","1945"
"ברטנורא על משנה בבא בתרא","עובדיה מברטנורא","אחרונים","","1500","1945"
"ברטנורא על משנה בבא מציעא","עובדיה מברטנורא","אחרונים","","1500","1945"
"ברטנורא על משנה בבא קמא","עובדיה מברטנורא","אחרונים","","1500","1945"
"ברטנורא על משנה ביכורים","עובדיה מברטנורא","אחרונים","","1500","1945"
"ברטנורא על משנה ביצה","עובדיה מברטנורא","אחרונים","","1500","1945"
"ברטנורא על משנה בכורות","עובדיה מברטנורא","אחרונים","","1500","1945"
"ברטנורא על משנה ברכות","עובדיה מברטנורא","אחרונים","","1500","1945"
"ברטנורא על משנה גיטין","עובדיה מברטנורא","אחרונים","","1500","1945"
"ברטנורא על משנה דמאי","עובדיה מברטנורא","אחרונים","","1500","1945"
"ברטנורא על משנה הוריות","עובדיה מברטנורא","אחרונים","","1500","1945"
"ברטנורא על משנה זבחים","עובדיה מברטנורא","אחרונים","","1500","1945"
"ברטנורא על משנה זבים","עובדיה מברטנורא","אחרונים","","1500","1945"
"ברטנורא על משנה חגיגה","עובדיה מברטנורא","אחרונים","","1500","1945"
"ברטנורא על משנה חולין","עובדיה מברטנורא","אחרונים","","1500","1945"
"ברטנורא על משנה חלה","עובדיה מברטנורא","אחרונים","","1500","1945"
"ברטנורא על משנה טבול יום","עובדיה מברטנורא","אחרונים","","1500","1945"
"ברטנורא על משנה טהרות","עובדיה מברטנורא","אחרונים","","1500","1945"
"ברטנורא על משנה יבמות","עובדיה מברטנורא","אחרונים","","1500","1945"
"ברטנורא על משנה ידים","עובדיה מברטנורא","אחרונים","","1500","1945"
"ברטנורא על משנה יומא","עובדיה מברטנורא","אחרונים","","1500","1945"
"ברטנורא על משנה כלאים","עובדיה מברטנורא","אחרונים","","1500","1945"
"ברטנורא על משנה כלים","עובדיה מברטנורא","אחרונים","","1500","1945"
"ברטנורא על משנה כריתות","עובדיה מברטנורא","אחרונים","","1500","1945"
"ברטנורא על משנה כתובות","עובדיה מברטנורא","אחרונים","","1500","1945"
"ברטנורא על משנה מגילה","עובדיה מברטנורא","אחרונים","","1500","1945"
"ברטנורא על משנה מדות","עובדיה מברטנורא","אחרונים","","1500","1945"
"ברטנורא על משנה מועד קטן","עובדיה מברטנורא","אחרונים","","1500","1945"
"ברטנורא על משנה מכות","עובדיה מברטנורא","אחרונים","","1500","1945"
"ברטנורא על משנה מכשירין","עובדיה מברטנורא","אחרונים","","1500","1945"
"ברטנורא על משנה מנחות","עובדיה מברטנורא","אחרונים","","1500","1945"
"ברטנורא על משנה מעילה","עובדיה מברטנורא","אחרונים","","1500","1945"
"ברטנורא על משנה מעשר שני","עובדיה מברטנורא","אחרונים","","1500","1945"
"ברטנורא על משנה מעשרות","עובדיה מברטנורא","אחרונים","","1500","1945"
"ברטנורא על משנה מקואות","עובדיה מברטנורא","אחרונים","","1500","1945"
"ברטנורא על משנה נגעים","עובדיה מברטנורא","אחרונים","","1500","1945"
"ברטנורא על משנה נדה","עובדיה מברטנורא","אחרונים","","1500","1945"
"ברטנורא על משנה נדרים","עובדיה מברטנורא","אחרונים","","1500","1945"
"ברטנורא על משנה נזיר","עובדיה מברטנורא","אחרונים","","1500","1945"
"ברטנורא על משנה סוטה","עובדיה מברטנורא","אחרונים","","1500","1945"
"ברטנורא על משנה סוכה","עובדיה מברטנורא","אחרונים","","1500","1945"
"ברטנורא על משנה סנהדרין","עובדיה מברטנורא","אחרונים","","1500","1945"
"ברטנורא על משנה עבודה זרה","עובדיה מברטנורא","אחרונים","","1500","1945"
"ברטנורא על משנה עדיות","עובדיה מברטנורא","אחרונים","","1500","1945"
"ברטנורא על משנה עוקצים","עובדיה מברטנורא","אחרונים","","1500","1945"
"ברטנורא על משנה עירובין","עובדיה מברטנורא","אחרונים","","1500","1945"
"ברטנורא על משנה ערכין","עובדיה מברטנורא","אחרונים","","1500","1945"
"ברטנורא על משנה ערלה","עובדיה מברטנורא","אחרונים","","1500","1945"
"ברטנורא על משנה פאה","עובדיה מברטנורא","אחרונים","","1500","1945"
"ברטנורא על משנה פסחים","עובדיה מברטנורא","אחרונים","","1500","1945"
"ברטנורא על משנה פרה","עובדיה מברטנורא","אחרונים","","1500","1945"
"ברטנורא על משנה קידושין","עובדיה מברטנורא","אחרונים","","1500","1945"
"ברטנורא על משנה קינים","עובדיה מברטנורא","אחרונים","","1500","1945"
"ברטנורא על משנה ראש השנה","עובדיה מברטנורא","אחרונים","","1500","1945"
"ברטנורא על משנה שבועות","עובדיה מברטנורא","אחרונים","","1500","1945"
"ברטנורא על משנה שביעית","עובדיה מברטנורא","אחרונים","","1500","1945"
"ברטנורא על משנה שבת","עובדיה מברטנורא","אחרונים","","1500","1945"
"ברטנורא על משנה שקלים","עובדיה מברטנורא","אחרונים","","1500","1945"
"ברטנורא על משנה תמורה","עובדיה מברטנורא","אחרונים","","1500","1945"
"ברטנורא על משנה תמיד","עובדיה מברטנורא","אחרונים","","1500","1945"
"ברטנורא על משנה תענית","עובדיה מברטנורא","אחרונים","","1500","1945"
"ברטנורא על משנה תרומות","עובדיה מברטנורא","אחרונים","","1500","1945"
"ברייתא ברייתו של עולם (ילקוט מדרשים)","","חז""ל","","",""
"ברייתא דישועה (ילקוט מדרשים)","","חז""ל","","",""
"ברייתא דמזלות","","חז""ל","","",""
"ברייתא דמעשה מרכבה","","חז""ל","","",""
"ברייתא של עשרים וארבעה דברים (ילקוט מדרשים)","","חז""ל","","",""
"ברית אברהם","","אחרונים","","",""
"ברית יעקב חלק א","","אחרונים","","",""
"ברית משה","משה אהרן בן אברהם חיים וייס","אחרונים","","1500","1945"
"ברית עולם על ספר חסידים","חיים דוד אזולאי","אחרונים","","1500","1945"
"ברית שלום על הגדה של פסח","","אחרונים","","",""
"ברית שלום על חמשה מגילות","","אחרונים","","",""
"ברכות","","חז""ל","","",""
"ברכת אברהם (ברכות)","","אחרונים","","",""
"ברכת אברהם על משנה תורה, הלכות איסורי ביאה","אברהם בן הרמבם","ראשונים","","1038","1492"
"ברכת אברהם על משנה תורה, הלכות אישות","אברהם בן הרמבם","ראשונים","","1038","1492"
"ברכת אברהם על משנה תורה, הלכות ברכות","אברהם בן הרמבם","ראשונים","","1038","1492"
"ברכת אברהם על משנה תורה, הלכות חמץ ומצה","אברהם בן הרמבם","ראשונים","","1038","1492"
"ברכת אברהם על משנה תורה, הלכות מחוסרי כפרה","אברהם בן הרמבם","ראשונים","","1038","1492"
"ברכת אברהם על משנה תורה, הלכות מעשה הקרבנות","אברהם בן הרמבם","ראשונים","","1038","1492"
"ברכת אברהם על משנה תורה, הלכות מקואות","אברהם בן הרמבם","ראשונים","","1038","1492"
"ברכת אברהם על משנה תורה, הלכות נדרים","אברהם בן הרמבם","ראשונים","","1038","1492"
"ברכת אברהם על משנה תורה, הלכות פסולי המוקדשין","אברהם בן הרמבם","ראשונים","","1038","1492"
"ברכת אברהם על משנה תורה, הלכות קרבן פסח","אברהם בן הרמבם","ראשונים","","1038","1492"
"ברכת אברהם על משנה תורה, הלכות קריאת שמע","אברהם בן הרמבם","ראשונים","","1038","1492"
"ברכת אברהם על משנה תורה, הלכות שביתת יום טוב","אברהם בן הרמבם","ראשונים","","1038","1492"
"ברכת אברהם על משנה תורה, הלכות שבת","אברהם בן הרמבם","ראשונים","","1038","1492"
"ברכת אברהם על משנה תורה, הלכות שגגות","אברהם בן הרמבם","ראשונים","","1038","1492"
"ברכת אברהם על משנה תורה, הלכות שופר וסוכה ולולב","אברהם בן הרמבם","ראשונים","","1038","1492"
"ברכת אברהם על משנה תורה, הלכות תפילה וברכת כהנים","אברהם בן הרמבם","ראשונים","","1038","1492"
"ברכת אברהם על משנה תורה, הלכות תפילין ומזוזה וספר תורה","אברהם בן הרמבם","ראשונים","","1038","1492"
"ברכת הזבח על זבחים","","אחרונים","","",""
"ברכת הזבח על כריתות","","אחרונים","","",""
"ברכת הזבח על מנחות","","אחרונים","","",""
"ברכת הזבח על מעילה","","אחרונים","","",""
"ברכת הזבח על ערכין","","אחרונים","","",""
"ברכת הזבח על תמורה","","אחרונים","","",""
"ברכת הזבח על תמיד","","אחרונים","","",""
"ברכת המזון","","חז""ל","","",""
"ברכת המזון נוסח תימן","","חז""ל","","",""
"ברכת יהונתן","","אחרונים","","",""
"ברכת ראש ברכות","","אחרונים","","",""
"ברכת ראש נזיר","","אחרונים","","",""
"ברכת רצה","","אחרונים","","",""
"ברכת שלמה","","אחרונים","","",""
"בשמים ראש","","אחרונים","","",""
"בת עין","אברהם דב מאבריטש","אחרונים","","1500","1945"
"בתי הנפש על הגדה של פסח","חיים דוד אזולאי","אחרונים","","1500","1945"
"בתי כהונה","","אחרונים","","",""
"גאולת עולם על הגדה של פסח","חיים דוד אזולאי","אחרונים","","1500","1945"
"גאון יעקב על עירובין","","אחרונים","","",""
"גבורות השם","יהודה ליווא בן בצלאל מפראג (מהר""ל)","אחרונים","ראשוני האחרונים","1512","1609"
"גבורות שלמה","","אחרונים","","",""
"גבורות שמונים","","אחרונים","","",""
"גבורת אנשים","שבתי בן מאיר הכהן","אחרונים","","1500","1945"
"גבורת ארי על ביצה","אריה לייב גינצבורג","אחרונים","","1500","1945"
"גבורת ארי על יומא","אריה לייב גינצבורג","אחרונים","","1500","1945"
"גבורת ארי על מכות","אריה לייב גינצבורג","אחרונים","","1500","1945"
"גבורת ארי על נזיר","אריה לייב גינצבורג","אחרונים","","1500","1945"
"גבורת ארי על תענית","אריה לייב גינצבורג","אחרונים","","1500","1945"
"גבורת יהונתן","","אחרונים","","",""
"גביע כסף","יוסף אבן כספי","ראשונים","","1038","1492"
"גבעת הלבונה","","אחרונים","","",""
"גדר עולם","רבי ישראל מאיר הכהן","אחרונים","","1500","1945"
"גופי הלכות","","אחרונים","","",""
"גופי הלכות (פצנובסקי)","","אחרונים","","",""
"גור אריה","","אחרונים","","",""
"גור אריה על במדבר","יהודה ליווא בן בצלאל מפראג (מהר""ל)","אחרונים","ראשוני האחרונים","1512","1609"
"גור אריה על בראשית","יהודה ליווא בן בצלאל מפראג (מהר""ל)","אחרונים","ראשוני האחרונים","1512","1609"
"גור אריה על דברים","יהודה ליווא בן בצלאל מפראג (מהר""ל)","אחרונים","ראשוני האחרונים","1512","1609"
"גור אריה על ויקרא","יהודה ליווא בן בצלאל מפראג (מהר""ל)","אחרונים","ראשוני האחרונים","1512","1609"
"גור אריה על שמות","יהודה ליווא בן בצלאל מפראג (מהר""ל)","אחרונים","ראשוני האחרונים","1512","1609"
"גושפנקא דמלכא","","אחרונים","","",""
"גושפנקא דמלכא דרשות","","אחרונים","","",""
"גושפנקא דמלכא ליקוטים","","אחרונים","","",""
"גזע ישי","","אחרונים","","",""
"גחלי אש","","אחרונים","","",""
"גט השמות","אברהם אבולעפיה","אחרונים","","1500","1945"
"גיטין","","חז""ל","","",""
"גירסא דינקותא","","אחרונים","","",""
"גלות עליות","","אחרונים","","",""
"גליון הש""ס על בבא בתרא","עֲקִיבָא  אֵיגֶר","אחרונים","","1500","1945"
"גליון הש""ס על בבא מציעא","עֲקִיבָא  אֵיגֶר","אחרונים","","1500","1945"
"גליון הש""ס על בבא קמא","עֲקִיבָא  אֵיגֶר","אחרונים","","1500","1945"
"גליון הש""ס על ביצה","עֲקִיבָא  אֵיגֶר","אחרונים","","1500","1945"
"גליון הש""ס על בכורות","עֲקִיבָא  אֵיגֶר","אחרונים","","1500","1945"
"גליון הש""ס על ברכות","עֲקִיבָא  אֵיגֶר","אחרונים","","1500","1945"
"גליון הש""ס על גיטין","עֲקִיבָא  אֵיגֶר","אחרונים","","1500","1945"
"גליון הש""ס על הוריות","עֲקִיבָא  אֵיגֶר","אחרונים","","1500","1945"
"גליון הש""ס על זבחים","עֲקִיבָא  אֵיגֶר","אחרונים","","1500","1945"
"גליון הש""ס על חגיגה","עֲקִיבָא  אֵיגֶר","אחרונים","","1500","1945"
"גליון הש""ס על חולין","עֲקִיבָא  אֵיגֶר","אחרונים","","1500","1945"
"גליון הש""ס על יבמות","עֲקִיבָא  אֵיגֶר","אחרונים","","1500","1945"
"גליון הש""ס על יומא","עֲקִיבָא  אֵיגֶר","אחרונים","","1500","1945"
"גליון הש""ס על כריתות","עֲקִיבָא  אֵיגֶר","אחרונים","","1500","1945"
"גליון הש""ס על כתובות","עֲקִיבָא  אֵיגֶר","אחרונים","","1500","1945"
"גליון הש""ס על מגילה","עֲקִיבָא  אֵיגֶר","אחרונים","","1500","1945"
"גליון הש""ס על מועד קטן","עֲקִיבָא  אֵיגֶר","אחרונים","","1500","1945"
"גליון הש""ס על מכות","עֲקִיבָא  אֵיגֶר","אחרונים","","1500","1945"
"גליון הש""ס על מנחות","עֲקִיבָא  אֵיגֶר","אחרונים","","1500","1945"
"גליון הש""ס על מעילה","עֲקִיבָא  אֵיגֶר","אחרונים","","1500","1945"
"גליון הש""ס על נדה","עֲקִיבָא  אֵיגֶר","אחרונים","","1500","1945"
"גליון הש""ס על נדרים","עֲקִיבָא  אֵיגֶר","אחרונים","","1500","1945"
"גליון הש""ס על נזיר","עֲקִיבָא  אֵיגֶר","אחרונים","","1500","1945"
"גליון הש""ס על סוטה","עֲקִיבָא  אֵיגֶר","אחרונים","","1500","1945"
"גליון הש""ס על סוכה","עֲקִיבָא  אֵיגֶר","אחרונים","","1500","1945"
"גליון הש""ס על סנהדרין","עֲקִיבָא  אֵיגֶר","אחרונים","","1500","1945"
"גליון הש""ס על עבודה זרה","עֲקִיבָא  אֵיגֶר","אחרונים","","1500","1945"
"גליון הש""ס על עירובין","עֲקִיבָא  אֵיגֶר","אחרונים","","1500","1945"
"גליון הש""ס על ערכין","עֲקִיבָא  אֵיגֶר","אחרונים","","1500","1945"
"גליון הש""ס על פסחים","עֲקִיבָא  אֵיגֶר","אחרונים","","1500","1945"
"גליון הש""ס על קידושין","עֲקִיבָא  אֵיגֶר","אחרונים","","1500","1945"
"גליון הש""ס על ראש השנה","עֲקִיבָא  אֵיגֶר","אחרונים","","1500","1945"
"גליון הש""ס על שבועות","עֲקִיבָא  אֵיגֶר","אחרונים","","1500","1945"
"גליון הש""ס על שבת","עֲקִיבָא  אֵיגֶר","אחרונים","","1500","1945"
"גליון הש""ס על תמורה","עֲקִיבָא  אֵיגֶר","אחרונים","","1500","1945"
"גליון הש""ס על תענית","עֲקִיבָא  אֵיגֶר","אחרונים","","1500","1945"
"גליוני השס כללים הערות וביאורים על ירושלמי מועד","","אחרונים","","",""
"גליוני השס על אבות","","אחרונים","","",""
"גליוני השס על בבא בתרא","","אחרונים","","",""
"גליוני השס על בבא מציעא","","אחרונים","","",""
"גליוני השס על בבא קמא","","אחרונים","","",""
"גליוני השס על ביצה","","אחרונים","","",""
"גליוני השס על גיטין","","אחרונים","","",""
"גליוני השס על הוריות","","אחרונים","","",""
"גליוני השס על יבמות","","אחרונים","","",""
"גליוני השס על יומא","","אחרונים","","",""
"גליוני השס על ירושלמי בבא בתרא","","אחרונים","","",""
"גליוני השס על ירושלמי בבא מציעא","","אחרונים","","",""
"גליוני השס על ירושלמי בבא קמא","","אחרונים","","",""
"גליוני השס על ירושלמי ביצה","","אחרונים","","",""
"גליוני השס על ירושלמי גיטין","","אחרונים","","",""
"גליוני השס על ירושלמי הוריות","","אחרונים","","",""
"גליוני השס על ירושלמי חגיגה","","אחרונים","","",""
"גליוני השס על ירושלמי יבמות","","אחרונים","","",""
"גליוני השס על ירושלמי יומא","","אחרונים","","",""
"גליוני השס על ירושלמי כתובות","","אחרונים","","",""
"גליוני השס על ירושלמי מגילה","","אחרונים","","",""
"גליוני השס על ירושלמי מועד קטן","","אחרונים","","",""
"גליוני השס על ירושלמי מכות","","אחרונים","","",""
"גליוני השס על ירושלמי נדרים","","אחרונים","","",""
"גליוני השס על ירושלמי נזיר","","אחרונים","","",""
"גליוני השס על ירושלמי סוטה","","אחרונים","","",""
"גליוני השס על ירושלמי סוכה","","אחרונים","","",""
"גליוני השס על ירושלמי סנהדרין","","אחרונים","","",""
"גליוני השס על ירושלמי עבודה זרה","","אחרונים","","",""
"גליוני השס על ירושלמי עירובין","","אחרונים","","",""
"גליוני השס על ירושלמי פסחים","","אחרונים","","",""
"גליוני השס על ירושלמי קידושין","","אחרונים","","",""
"גליוני השס על ירושלמי ראש השנה","","אחרונים","","",""
"גליוני השס על ירושלמי שבועות","","אחרונים","","",""
"גליוני השס על ירושלמי שבת","","אחרונים","","",""
"גליוני השס על ירושלמי שקלים","","אחרונים","","",""
"גליוני השס על ירושלמי תענית","","אחרונים","","",""
"גליוני השס על כתובות","","אחרונים","","",""
"גליוני השס על מגילה","","אחרונים","","",""
"גליוני השס על מועד קטן","","אחרונים","","",""
"גליוני השס על מכות","","אחרונים","","",""
"גליוני השס על נדרים","","אחרונים","","",""
"גליוני השס על נזיר","","אחרונים","","",""
"גליוני השס על סוטה","","אחרונים","","",""
"גליוני השס על סוכה","","אחרונים","","",""
"גליוני השס על סנהדרין","","אחרונים","","",""
"גליוני השס על עבודה זרה","","אחרונים","","",""
"גליוני השס על עדיות","","אחרונים","","",""
"גליוני השס על עירובין","","אחרונים","","",""
"גליוני השס על פסחים","","אחרונים","","",""
"גליוני השס על קידושין","","אחרונים","","",""
"גליוני השס על ראש השנה","","אחרונים","","",""
"גליוני השס על שבועות","","אחרונים","","",""
"גליוני השס על שבת","","אחרונים","","",""
"גליוני השס על תענית","","אחרונים","","",""
"גן נעול (אבולעפיה)","אברהם אבולעפיה","אחרונים","","1500","1945"
"גנזי יוסף","","אחרונים","","",""
"גנזי מצרים, הלכות ספר תורה","","ראשונים","","",""
"גנת ביתן","","אחרונים","","",""
"גר""א על סדר עולם רבה","אליהו בן שלמה זלמן מווילנה","אחרונים","","1500","1945"
"גר""א על פרקי אבות","אליהו בן שלמה זלמן מווילנה","אחרונים","","1500","1945"
"גרש ירחים","","אחרונים","","",""
"גשמי ברכה","","אחרונים","","",""
"דבר אברהם","","אחרונים","","",""
"דבר אליהו (קלאצקין)","","אחרונים","","",""
"דבר בעתו","רבי ישראל מאיר הכהן","אחרונים","","1500","1945"
"דבר המלוכה","","אחרונים","","",""
"דבר המלך","","אחרונים","","",""
"דברי אמת","יעקב יצחק הורוביץ","אחרונים","","1500","1945"
"דברי גאונים","","אחרונים","","",""
"דברי דוד ברכות","","אחרונים","","",""
"דברי דוד מועד קטן","","אחרונים","","",""
"דברי דוד על רש״י","דוד הלוי סגל","אחרונים","","1500","1945"
"דברי דוד פסחים","","אחרונים","","",""
"דברי הימים א","","תורה שבכתב","","",""
"דברי הימים ב","","תורה שבכתב","","",""
"דברי התורה","","אחרונים","","",""
"דברי חיים","","אחרונים","","",""
"דברי חלומות","צדוק הכהן רבינוביץ","אחרונים","","1500","1945"
"דברי חמודות על ברכות","יום-טוב ליפמן הלר","אחרונים","","1500","1945"
"דברי חמודות על מנחות","יום-טוב ליפמן הלר","אחרונים","","1500","1945"
"דברי חמודות על נדה","יום-טוב ליפמן הלר","אחרונים","","1500","1945"
"דברי חן","","אחרונים","","",""
"דברי יהונתן","","אחרונים","","",""
"דברי יואל על המועדים","","מחברי זמננו","","",""
"דברי יואל על התורה","","מחברי זמננו","","",""
"דברי יוסף","","אחרונים","","",""
"דברי ירמיהו על משנה תורה, הלכות ברכות","ירמיה לעוו","אחרונים","","1500","1945"
"דברי ירמיהו על משנה תורה, הלכות דעות","ירמיה לעוו","אחרונים","","1500","1945"
"דברי ירמיהו על משנה תורה, הלכות חמץ ומצה","ירמיה לעוו","אחרונים","","1500","1945"
"דברי ירמיהו על משנה תורה, הלכות יסודי התורה","ירמיה לעוו","אחרונים","","1500","1945"
"דברי ירמיהו על משנה תורה, הלכות מגילה וחנוכה","ירמיה לעוו","אחרונים","","1500","1945"
"דברי ירמיהו על משנה תורה, הלכות מילה","ירמיה לעוו","אחרונים","","1500","1945"
"דברי ירמיהו על משנה תורה, הלכות עבודה זרה וחוקות הגויים","ירמיה לעוו","אחרונים","","1500","1945"
"דברי ירמיהו על משנה תורה, הלכות עירובין","ירמיה לעוו","אחרונים","","1500","1945"
"דברי ירמיהו על משנה תורה, הלכות ציצית","ירמיה לעוו","אחרונים","","1500","1945"
"דברי ירמיהו על משנה תורה, הלכות קידוש החודש","ירמיה לעוו","אחרונים","","1500","1945"
"דברי ירמיהו על משנה תורה, הלכות קריאת שמע","ירמיה לעוו","אחרונים","","1500","1945"
"דברי ירמיהו על משנה תורה, הלכות שביתת יום טוב","ירמיה לעוו","אחרונים","","1500","1945"
"דברי ירמיהו על משנה תורה, הלכות שביתת עשור","ירמיה לעוו","אחרונים","","1500","1945"
"דברי ירמיהו על משנה תורה, הלכות שבת","ירמיה לעוו","אחרונים","","1500","1945"
"דברי ירמיהו על משנה תורה, הלכות שופר וסוכה ולולב","ירמיה לעוו","אחרונים","","1500","1945"
"דברי ירמיהו על משנה תורה, הלכות שקלים","ירמיה לעוו","אחרונים","","1500","1945"
"דברי ירמיהו על משנה תורה, הלכות תלמוד תורה","ירמיה לעוו","אחרונים","","1500","1945"
"דברי ירמיהו על משנה תורה, הלכות תעניות","ירמיה לעוו","אחרונים","","1500","1945"
"דברי ירמיהו על משנה תורה, הלכות תפילה וברכת כהנים","ירמיה לעוו","אחרונים","","1500","1945"
"דברי ירמיהו על משנה תורה, הלכות תפילין ומזוזה וספר תורה","ירמיה לעוו","אחרונים","","1500","1945"
"דברי ירמיהו על משנה תורה, הלכות תשובה","ירמיה לעוו","אחרונים","","1500","1945"
"דברי לוי","","אחרונים","","",""
"דברי מהריא חלק ב","","אחרונים","","",""
"דברי נגידים על הגדה של פסח","יהודה יודל רוזנברג","אחרונים","","1500","1945"
"דברי נחמיה אבן העזר","","אחרונים","","",""
"דברי נחמיה אורח חיים","","אחרונים","","",""
"דברי נחמיה יורה דעה","","אחרונים","","",""
"דברי סופרים","צדוק הכהן רבינוביץ","אחרונים","","1500","1945"
"דברי פנחס","","אחרונים","","",""
"דברי צבי","","אחרונים","","",""
"דברי ריבות","","ראשונים","","1038","1492"
"דברי שאול - עדות ביוסף על משנה תורה, הלכות עדות","יוסף שאול נתנזון","אחרונים","","1500","1945"
"דברי שאול חלק לשבעה","","אחרונים","","",""
"דברי שאול עהת ומגילות","","אחרונים","","",""
"דברי שמואל","","אחרונים","","",""
"דברי תורה","","אחרונים","","",""
"דברי תורה בשם המגיד לרמחל","","אחרונים","","",""
"דברים","","תורה שבכתב","","",""
"דברים טובים על קהלת","אלשיך","אחרונים","","1500","1945"
"דברים נחמדים","","אחרונים","","",""
"דברים ניחומים על איכה","אלשיך","אחרונים","","1500","1945"
"דברים רבה","","חז""ל","","",""
"דבש לפי","חיים דוד אזולאי","אחרונים","","1500","1945"
"דבש תמר","","אחרונים","","",""
"דבש תמר - א (תורה)","","אחרונים","","",""
"דבש תמר - ב (פירוש המשניות להרמבם)","","אחרונים","","",""
"דבש תמר - ב (ראש)","","אחרונים","","",""
"דגול מרבבה על שלחן ערוך אורח חיים","יחזקאל לנדא","אחרונים","","1500","1945"
"דגל יהודה","","אחרונים","","",""
"דגל מחנה אפרים","משה חיים אפרים מסדילקוב","אחרונים","","1500","1945"
"דובר מישרים","","אחרונים","","",""
"דובר צדק","צדוק הכהן רבינוביץ","אחרונים","","1500","1945"
"דור המלקטים על אורח חיים","","מחברי זמננו","","",""
"דור רביעי על חולין","","אחרונים","","",""
"דין אמת","","אחרונים","","",""
"דינא דגרמי","רמב״ן","ראשונים","","1194","1270"
"דניאל","","תורה שבכתב","","",""
"דעת ומחשבה","","אחרונים","","",""
"דעת זקנים על במדבר","תוספות","ראשונים","","1038","1492"
"דעת זקנים על בראשית","תוספות","ראשונים","","1038","1492"
"דעת זקנים על דברים","תוספות","ראשונים","","1038","1492"
"דעת זקנים על ויקרא","תוספות","ראשונים","","1038","1492"
"דעת זקנים על שמות","תוספות","ראשונים","","1038","1492"
"דעת מרדכי א","","אחרונים","","",""
"דעת תבונות","משה חיים לוצאטו (רמח""ל)","אחרונים","ראשוני האחרונים","1707","1747"
"דעת תורה על שולחן ערוך יוד חלק א","","אחרונים","","",""
"דקדוקי הטעמים","","ראשונים","גאונים","",""
"דרוש וחידוש על השס חלק שני","","אחרונים","","",""
"דרוש וחידוש על השס חלק שני מערכות","","אחרונים","","",""
"דרוש חדושי הלבנה","יום-טוב ליפמן הלר","אחרונים","","1500","1945"
"דרוש על התורה","יהודה ליווא בן בצלאל מפראג (מהר""ל)","אחרונים","ראשוני האחרונים","1512","1609"
"דרושי הצלח","","אחרונים","","",""
"דרישה","יהושע פלק‏ בן אלכסנדר הכהן","אחרונים","","1500","1945"
"דרישות בעניני המלאכים","","אחרונים","","",""
"דרך ה'","משה חיים לוצאטו (רמח""ל)","אחרונים","ראשוני האחרונים","1707","1747"
"דרך החיים","","אחרונים","","",""
"דרך המלך","קלונימוס קלמן שפירא","אחרונים","","1500","1945"
"דרך המלך (בן רבי)","","אחרונים","","",""
"דרך המלך (חוידנסקי)","","אחרונים","","",""
"דרך המלך (ראפפורט)","","אחרונים","","",""
"דרך חוקיך","","אחרונים","","",""
"דרך חיים","יהודה ליווא בן בצלאל מפראג (מהר""ל)","אחרונים","ראשוני האחרונים","1512","1609"
"דרך ימה","","אחרונים","","",""
"דרך מצותיך","מנחם מנדל שניאורסון‏","אחרונים","","1500","1945"
"דרך עץ חיים (רמח""ל)","משה חיים לוצאטו (רמח""ל)","אחרונים","ראשוני האחרונים","1707","1747"
"דרך פקודך","","אחרונים","","",""
"דרכי הוראה","צבי הירש חיות","אחרונים","","1500","1945"
"דרכי התלמוד","יצחק קנפנטון","ראשונים","","1038","1492"
"דרכי ישרים","מנחם מנדל מפרמישלן","אחרונים","","1500","1945"
"דרכי משה","משה בן ישראל איסרלישׂ","אחרונים","","1500","1945"
"דרכי צדק","","אחרונים","","",""
"דרכי שלום","","אחרונים","","",""
"דרכי תשובה - א","","אחרונים","","",""
"דרכי תשובה - ב","","אחרונים","","",""
"דרכי תשובה - ג","","אחרונים","","",""
"דרכי תשובה - ד","","אחרונים","","",""
"דרשה לראש השנה מאת רבי שלם הכהן בן חניניה","רבי שלם הכהן בן חניניה","אחרונים","","1840","1914"
"דרשות הר""ן","","ראשונים","","",""
"דרשות וחידושי רבי יוסף פינטו בן רבי אברהם","רבי יוסף פינטו בן רבי אברהם (נלב""ע תשי""ג)","אחרונים","","","1953"
"דרשות מהר''ל","יהודה ליווא בן בצלאל מפראג (מהר""ל)","אחרונים","ראשוני האחרונים","1512","1609"
"דרשות תלמיד הראש","תלמיד הרא""ש","ראשונים","","",""
"דרשת הרמבן (תורת ה' תמימה)","","ראשונים","","",""
"דרשת שבת הגדול","יהודה ליווא בן בצלאל מפראג (מהר""ל)","אחרונים","ראשוני האחרונים","1512","1609"
"האגור","יעקב לנדא (האגור)","ראשונים","","1038","1492"
"האוצר מספורי צדיקים","","אחרונים","","",""
"האידרות - אדרא רבא, אדרא זוטא, אדרא דמשכנא","","חז""ל","","",""
"האלף לך שלמה","שלמה קלוגר","אחרונים","","1500","1945"
"האמונה והבטחון מיוחס לרמבן","","ראשונים","","",""
"האמונות והדעות","סעדיה גאון","ראשונים","","1038","1492"
"הגדה של פסח","","חז""ל","","",""
"הגדה של פסח עדות המזרח","","חז""ל","","",""
"הגהות אמרי ברוך על שלחן ערוך חושן משפט","ברוך תאומים-פרנקל","אחרונים","","1500","1945"
"הגהות הב""ח על רי""ף בבא בתרא","יואל בן שמואל סירקיש","אחרונים","","1500","1945"
"הגהות הב""ח על רי""ף בבא מציעא","יואל בן שמואל סירקיש","אחרונים","","1500","1945"
"הגהות הב""ח על רי""ף בבא קמא","יואל בן שמואל סירקיש","אחרונים","","1500","1945"
"הגהות הב""ח על רי""ף ביצה","יואל בן שמואל סירקיש","אחרונים","","1500","1945"
"הגהות הב""ח על רי""ף ברכות","יואל בן שמואל סירקיש","אחרונים","","1500","1945"
"הגהות הב""ח על רי""ף גיטין","יואל בן שמואל סירקיש","אחרונים","","1500","1945"
"הגהות הב""ח על רי""ף חולין","יואל בן שמואל סירקיש","אחרונים","","1500","1945"
"הגהות הב""ח על רי""ף יבמות","יואל בן שמואל סירקיש","אחרונים","","1500","1945"
"הגהות הב""ח על רי""ף יומא","יואל בן שמואל סירקיש","אחרונים","","1500","1945"
"הגהות הב""ח על רי""ף כתובות","יואל בן שמואל סירקיש","אחרונים","","1500","1945"
"הגהות הב""ח על רי""ף מגילה","יואל בן שמואל סירקיש","אחרונים","","1500","1945"
"הגהות הב""ח על רי""ף מועד קטן","יואל בן שמואל סירקיש","אחרונים","","1500","1945"
"הגהות הב""ח על רי""ף מכות","יואל בן שמואל סירקיש","אחרונים","","1500","1945"
"הגהות הב""ח על רי""ף מנחות","יואל בן שמואל סירקיש","אחרונים","","1500","1945"
"הגהות הב""ח על רי""ף סוכה","יואל בן שמואל סירקיש","אחרונים","","1500","1945"
"הגהות הב""ח על רי""ף סנהדרין","יואל בן שמואל סירקיש","אחרונים","","1500","1945"
"הגהות הב""ח על רי""ף עבודה זרה","יואל בן שמואל סירקיש","אחרונים","","1500","1945"
"הגהות הב""ח על רי""ף עירובין","יואל בן שמואל סירקיש","אחרונים","","1500","1945"
"הגהות הב""ח על רי""ף פסחים","יואל בן שמואל סירקיש","אחרונים","","1500","1945"
"הגהות הב""ח על רי""ף קידושין","יואל בן שמואל סירקיש","אחרונים","","1500","1945"
"הגהות הב""ח על רי""ף ראש השנה","יואל בן שמואל סירקיש","אחרונים","","1500","1945"
"הגהות הב""ח על רי""ף שבועות","יואל בן שמואל סירקיש","אחרונים","","1500","1945"
"הגהות הב""ח על רי""ף שבת","יואל בן שמואל סירקיש","אחרונים","","1500","1945"
"הגהות הב""ח על רי""ף תענית","יואל בן שמואל סירקיש","אחרונים","","1500","1945"
"הגהות הב״ח על מסכת ברכות","","אחרונים","","",""
"הגהות הגרי״ב על אבות דרבי נתן","ישעיה פיק ברלין","אחרונים","","1500","1945"
"הגהות הגרי״ב על מסכת גרים","ישעיה פיק ברלין","אחרונים","","1500","1945"
"הגהות הגרי״ב על מסכת דרך ארץ זוטא","ישעיה פיק ברלין","אחרונים","","1500","1945"
"הגהות הגרי״ב על מסכת דרך ארץ רבה","ישעיה פיק ברלין","אחרונים","","1500","1945"
"הגהות הגרי״ב על מסכת כלה","ישעיה פיק ברלין","אחרונים","","1500","1945"
"הגהות הגרי״ב על מסכת סופרים","ישעיה פיק ברלין","אחרונים","","1500","1945"
"הגהות הגרי״ב על מסכת שמחות","ישעיה פיק ברלין","אחרונים","","1500","1945"
"הגהות המו""ל על ספר הפרנס","","אחרונים","","",""
"הגהות הרד""ל על ספר הפרנס","","אחרונים","","",""
"הגהות וליקוטים על תיקונים מזוהר חדש - דפוס וילנא","","אחרונים","","",""
"הגהות ומראה מקומות על מסכת כלה רבתי","","אחרונים","","",""
"הגהות חדשות על ספר מצוות קטן","יהושע צייטלין","אחרונים","","1500","1945"
"הגהות חוות יאיר על בבא בתרא","יאיר חיים בכרך","אחרונים","","1500","1945"
"הגהות חוות יאיר על בבא מציעא","יאיר חיים בכרך","אחרונים","","1500","1945"
"הגהות חוות יאיר על בבא קמא","יאיר חיים בכרך","אחרונים","","1500","1945"
"הגהות חוות יאיר על ביצה","יאיר חיים בכרך","אחרונים","","1500","1945"
"הגהות חוות יאיר על ברכות","יאיר חיים בכרך","אחרונים","","1500","1945"
"הגהות חוות יאיר על גיטין","יאיר חיים בכרך","אחרונים","","1500","1945"
"הגהות חוות יאיר על חולין","יאיר חיים בכרך","אחרונים","","1500","1945"
"הגהות חוות יאיר על יבמות","יאיר חיים בכרך","אחרונים","","1500","1945"
"הגהות חוות יאיר על יומא","יאיר חיים בכרך","אחרונים","","1500","1945"
"הגהות חוות יאיר על כתובות","יאיר חיים בכרך","אחרונים","","1500","1945"
"הגהות חוות יאיר על מגילה","יאיר חיים בכרך","אחרונים","","1500","1945"
"הגהות חוות יאיר על מועד קטן","יאיר חיים בכרך","אחרונים","","1500","1945"
"הגהות חוות יאיר על מכות","יאיר חיים בכרך","אחרונים","","1500","1945"
"הגהות חוות יאיר על מנחות","יאיר חיים בכרך","אחרונים","","1500","1945"
"הגהות חוות יאיר על סוכה","יאיר חיים בכרך","אחרונים","","1500","1945"
"הגהות חוות יאיר על סנהדרין","יאיר חיים בכרך","אחרונים","","1500","1945"
"הגהות חוות יאיר על עבודה זרה","יאיר חיים בכרך","אחרונים","","1500","1945"
"הגהות חוות יאיר על עירובין","יאיר חיים בכרך","אחרונים","","1500","1945"
"הגהות חוות יאיר על פסחים","יאיר חיים בכרך","אחרונים","","1500","1945"
"הגהות חוות יאיר על קידושין","יאיר חיים בכרך","אחרונים","","1500","1945"
"הגהות חוות יאיר על ראש השנה","יאיר חיים בכרך","אחרונים","","1500","1945"
"הגהות חוות יאיר על שבועות","יאיר חיים בכרך","אחרונים","","1500","1945"
"הגהות חוות יאיר על שבת","יאיר חיים בכרך","אחרונים","","1500","1945"
"הגהות חוות יאיר על תענית","יאיר חיים בכרך","אחרונים","","1500","1945"
"הגהות יעב""ץ על אבות דרבי נתן","יעקב עמדין","אחרונים","","1500","1945"
"הגהות יעב""ץ על בבא בתרא","יעקב עמדין","אחרונים","","1500","1945"
"הגהות יעב""ץ על בבא מציעא","יעקב עמדין","אחרונים","","1500","1945"
"הגהות יעב""ץ על בבא קמא","יעקב עמדין","אחרונים","","1500","1945"
"הגהות יעב""ץ על ביצה","יעקב עמדין","אחרונים","","1500","1945"
"הגהות יעב""ץ על בכורות","יעקב עמדין","אחרונים","","1500","1945"
"הגהות יעב""ץ על ברכות","יעקב עמדין","אחרונים","","1500","1945"
"הגהות יעב""ץ על גיטין","יעקב עמדין","אחרונים","","1500","1945"
"הגהות יעב""ץ על הוריות","יעקב עמדין","אחרונים","","1500","1945"
"הגהות יעב""ץ על זבחים","יעקב עמדין","אחרונים","","1500","1945"
"הגהות יעב""ץ על חגיגה","יעקב עמדין","אחרונים","","1500","1945"
"הגהות יעב""ץ על חולין","יעקב עמדין","אחרונים","","1500","1945"
"הגהות יעב""ץ על יבמות","יעקב עמדין","אחרונים","","1500","1945"
"הגהות יעב""ץ על יומא","יעקב עמדין","אחרונים","","1500","1945"
"הגהות יעב""ץ על כריתות","יעקב עמדין","אחרונים","","1500","1945"
"הגהות יעב""ץ על כתובות","יעקב עמדין","אחרונים","","1500","1945"
"הגהות יעב""ץ על מגילה","יעקב עמדין","אחרונים","","1500","1945"
"הגהות יעב""ץ על מועד קטן","יעקב עמדין","אחרונים","","1500","1945"
"הגהות יעב""ץ על מכות","יעקב עמדין","אחרונים","","1500","1945"
"הגהות יעב""ץ על מנחות","יעקב עמדין","אחרונים","","1500","1945"
"הגהות יעב""ץ על מסכת דרך ארץ זוטא","יעקב עמדין","אחרונים","","1500","1945"
"הגהות יעב""ץ על מסכת דרך ארץ רבה","יעקב עמדין","אחרונים","","1500","1945"
"הגהות יעב""ץ על מסכת סופרים","יעקב עמדין","אחרונים","","1500","1945"
"הגהות יעב""ץ על מסכת שמחות","יעקב עמדין","אחרונים","","1500","1945"
"הגהות יעב""ץ על מעילה","יעקב עמדין","אחרונים","","1500","1945"
"הגהות יעב""ץ על משנה ביכורים","יעקב עמדין","אחרונים","","1500","1945"
"הגהות יעב""ץ על משנה דמאי","יעקב עמדין","אחרונים","","1500","1945"
"הגהות יעב""ץ על משנה חלה","יעקב עמדין","אחרונים","","1500","1945"
"הגהות יעב""ץ על משנה כלאים","יעקב עמדין","אחרונים","","1500","1945"
"הגהות יעב""ץ על משנה מדות","יעקב עמדין","אחרונים","","1500","1945"
"הגהות יעב""ץ על משנה מעשר שני","יעקב עמדין","אחרונים","","1500","1945"
"הגהות יעב""ץ על משנה פאה","יעקב עמדין","אחרונים","","1500","1945"
"הגהות יעב""ץ על משנה קינים","יעקב עמדין","אחרונים","","1500","1945"
"הגהות יעב""ץ על משנה שביעית","יעקב עמדין","אחרונים","","1500","1945"
"הגהות יעב""ץ על משנה תרומות","יעקב עמדין","אחרונים","","1500","1945"
"הגהות יעב""ץ על נדה","יעקב עמדין","אחרונים","","1500","1945"
"הגהות יעב""ץ על נדרים","יעקב עמדין","אחרונים","","1500","1945"
"הגהות יעב""ץ על נזיר","יעקב עמדין","אחרונים","","1500","1945"
"הגהות יעב""ץ על סוכה","יעקב עמדין","אחרונים","","1500","1945"
"הגהות יעב""ץ על סנהדרין","יעקב עמדין","אחרונים","","1500","1945"
"הגהות יעב""ץ על עבודה זרה","יעקב עמדין","אחרונים","","1500","1945"
"הגהות יעב""ץ על עירובין","יעקב עמדין","אחרונים","","1500","1945"
"הגהות יעב""ץ על ערכין","יעקב עמדין","אחרונים","","1500","1945"
"הגהות יעב""ץ על פסחים","יעקב עמדין","אחרונים","","1500","1945"
"הגהות יעב""ץ על קידושין","יעקב עמדין","אחרונים","","1500","1945"
"הגהות יעב""ץ על ראש השנה","יעקב עמדין","אחרונים","","1500","1945"
"הגהות יעב""ץ על שבועות","יעקב עמדין","אחרונים","","1500","1945"
"הגהות יעב""ץ על שבת","יעקב עמדין","אחרונים","","1500","1945"
"הגהות יעב""ץ על תמורה","יעקב עמדין","אחרונים","","1500","1945"
"הגהות יעב""ץ על תמיד","יעקב עמדין","אחרונים","","1500","1945"
"הגהות יעב""ץ על תענית","יעקב עמדין","אחרונים","","1500","1945"
"הגהות יפ""מ על תלמוד ירושלמי בכורים","","אחרונים","","",""
"הגהות יפ""מ על תלמוד ירושלמי ברכות","","אחרונים","","",""
"הגהות יפ""מ על תלמוד ירושלמי דמאי","","אחרונים","","",""
"הגהות יפ""מ על תלמוד ירושלמי חלה","","אחרונים","","",""
"הגהות יפ""מ על תלמוד ירושלמי כלאים","","אחרונים","","",""
"הגהות יפ""מ על תלמוד ירושלמי מעשר שני","","אחרונים","","",""
"הגהות יפ""מ על תלמוד ירושלמי מעשרות","","אחרונים","","",""
"הגהות יפ""מ על תלמוד ירושלמי ערלה","","אחרונים","","",""
"הגהות יפ""מ על תלמוד ירושלמי פאה","","אחרונים","","",""
"הגהות יפ""מ על תלמוד ירושלמי שקלים","","אחרונים","","",""
"הגהות יפ""מ על תלמוד ירושלמי תרומות","","אחרונים","","",""
"הגהות כבוד מלכים על משנה תורה, הלכות מלכים ומלחמות","זאב וואלף לייטער","אחרונים","","1500","1945"
"הגהות מאלפס ישן על בבא בתרא","","ראשונים","","",""
"הגהות מאלפס ישן על בבא מציעא","","ראשונים","","",""
"הגהות מאלפס ישן על בבא קמא","","ראשונים","","",""
"הגהות מאלפס ישן על ביצה","","ראשונים","","",""
"הגהות מאלפס ישן על ברכות","","ראשונים","","",""
"הגהות מאלפס ישן על יומא","","ראשונים","","",""
"הגהות מאלפס ישן על מגילה","","ראשונים","","",""
"הגהות מאלפס ישן על מועד קטן","","ראשונים","","",""
"הגהות מאלפס ישן על מכות","","ראשונים","","",""
"הגהות מאלפס ישן על מנחות","","ראשונים","","",""
"הגהות מאלפס ישן על סוכה","","ראשונים","","",""
"הגהות מאלפס ישן על סנהדרין","","ראשונים","","",""
"הגהות מאלפס ישן על עבודה זרה","","ראשונים","","",""
"הגהות מאלפס ישן על עירובין","","ראשונים","","",""
"הגהות מאלפס ישן על פסחים","","ראשונים","","",""
"הגהות מאלפס ישן על ראש השנה","","ראשונים","","",""
"הגהות מאלפס ישן על שבועות","","ראשונים","","",""
"הגהות מאלפס ישן על שבת","","ראשונים","","",""
"הגהות מאלפס ישן על תענית","","ראשונים","","",""
"הגהות מהר""ם די לונזאנו על תלמוד ירושלמי בבא בתרא","","אחרונים","","",""
"הגהות מהר""ם די לונזאנו על תלמוד ירושלמי בבא קמא","","אחרונים","","",""
"הגהות מהר""ם די לונזאנו על תלמוד ירושלמי ביצה","","אחרונים","","",""
"הגהות מהר""ם די לונזאנו על תלמוד ירושלמי בכורים","","אחרונים","","",""
"הגהות מהר""ם די לונזאנו על תלמוד ירושלמי ברכות","","אחרונים","","",""
"הגהות מהר""ם די לונזאנו על תלמוד ירושלמי גיטין","","אחרונים","","",""
"הגהות מהר""ם די לונזאנו על תלמוד ירושלמי דמאי","","אחרונים","","",""
"הגהות מהר""ם די לונזאנו על תלמוד ירושלמי הוריות","","אחרונים","","",""
"הגהות מהר""ם די לונזאנו על תלמוד ירושלמי יומא","","אחרונים","","",""
"הגהות מהר""ם די לונזאנו על תלמוד ירושלמי כלאים","","אחרונים","","",""
"הגהות מהר""ם די לונזאנו על תלמוד ירושלמי מועד קטן","","אחרונים","","",""
"הגהות מהר""ם די לונזאנו על תלמוד ירושלמי מכות","","אחרונים","","",""
"הגהות מהר""ם די לונזאנו על תלמוד ירושלמי מעשרות","","אחרונים","","",""
"הגהות מהר""ם די לונזאנו על תלמוד ירושלמי נדרים","","אחרונים","","",""
"הגהות מהר""ם די לונזאנו על תלמוד ירושלמי נזיר","","אחרונים","","",""
"הגהות מהר""ם די לונזאנו על תלמוד ירושלמי עבודה זרה","","אחרונים","","",""
"הגהות מהר""ם די לונזאנו על תלמוד ירושלמי פאה","","אחרונים","","",""
"הגהות מהר""ם די לונזאנו על תלמוד ירושלמי פסחים","","אחרונים","","",""
"הגהות מהר""ם די לונזאנו על תלמוד ירושלמי קידושין","","אחרונים","","",""
"הגהות מהר""ם די לונזאנו על תלמוד ירושלמי שבועות","","אחרונים","","",""
"הגהות מהר""ם די לונזאנו על תלמוד ירושלמי שבת","","אחרונים","","",""
"הגהות מהר""ם די לונזאנו על תלמוד ירושלמי שקלים","","אחרונים","","",""
"הגהות מהר""ם די לונזאנו על תלמוד ירושלמי תרומות","","אחרונים","","",""
"הגהות מהר""ם פדווא על משנה תורה, הלכות איסורי ביאה","","אחרונים","","",""
"הגהות מהר""ם פדווא על משנה תורה, הלכות אישות","","אחרונים","","",""
"הגהות מהר""ם פדווא על משנה תורה, הלכות ביכורים ושאר מתנות כהונה שבגבולין","","אחרונים","","",""
"הגהות מהר""ם פדווא על משנה תורה, הלכות ברכות","","אחרונים","","",""
"הגהות מהר""ם פדווא על משנה תורה, הלכות גזילה ואבידה","","אחרונים","","",""
"הגהות מהר""ם פדווא על משנה תורה, הלכות גירושין","","אחרונים","","",""
"הגהות מהר""ם פדווא על משנה תורה, הלכות גניבה","","אחרונים","","",""
"הגהות מהר""ם פדווא על משנה תורה, הלכות חובל ומזיק","","אחרונים","","",""
"הגהות מהר""ם פדווא על משנה תורה, הלכות יסודי התורה","","אחרונים","","",""
"הגהות מהר""ם פדווא על משנה תורה, הלכות כלאים","","אחרונים","","",""
"הגהות מהר""ם פדווא על משנה תורה, הלכות מאכלות אסורות","","אחרונים","","",""
"הגהות מהר""ם פדווא על משנה תורה, הלכות מכירה","","אחרונים","","",""
"הגהות מהר""ם פדווא על משנה תורה, הלכות מלווה ולווה","","אחרונים","","",""
"הגהות מהר""ם פדווא על משנה תורה, הלכות מתנות עניים","","אחרונים","","",""
"הגהות מהר""ם פדווא על משנה תורה, הלכות נדרים","","אחרונים","","",""
"הגהות מהר""ם פדווא על משנה תורה, הלכות נזירות","","אחרונים","","",""
"הגהות מהר""ם פדווא על משנה תורה, הלכות נזקי ממון","","אחרונים","","",""
"הגהות מהר""ם פדווא על משנה תורה, הלכות סנהדרין והעונשין המסורין להם","","אחרונים","","",""
"הגהות מהר""ם פדווא על משנה תורה, הלכות עבודה זרה וחוקות הגויים","","אחרונים","","",""
"הגהות מהר""ם פדווא על משנה תורה, הלכות עדות","","אחרונים","","",""
"הגהות מהר""ם פדווא על משנה תורה, הלכות עירובין","","אחרונים","","",""
"הגהות מהר""ם פדווא על משנה תורה, הלכות ערכים וחרמין","","אחרונים","","",""
"הגהות מהר""ם פדווא על משנה תורה, הלכות רוצח ושמירת נפש","","אחרונים","","",""
"הגהות מהר""ם פדווא על משנה תורה, הלכות שאלה ופיקדון","","אחרונים","","",""
"הגהות מהר""ם פדווא על משנה תורה, הלכות שבועות","","אחרונים","","",""
"הגהות מהר""ם פדווא על משנה תורה, הלכות שביתת יום טוב","","אחרונים","","",""
"הגהות מהר""ם פדווא על משנה תורה, הלכות שביתת עשור","","אחרונים","","",""
"הגהות מהר""ם פדווא על משנה תורה, הלכות שבת","","אחרונים","","",""
"הגהות מהר""ם פדווא על משנה תורה, הלכות שופר וסוכה ולולב","","אחרונים","","",""
"הגהות מהר""ם פדווא על משנה תורה, הלכות שכירות","","אחרונים","","",""
"הגהות מהר""ם פדווא על משנה תורה, הלכות שכנים","","אחרונים","","",""
"הגהות מהר""ם פדווא על משנה תורה, הלכות תפילה וברכת כהנים","","אחרונים","","",""
"הגהות מהר""ם פדווא על משנה תורה, הלכות תרומות","","אחרונים","","",""
"הגהות מנחם ציון","מנחם מאנדל קרנגל","אחרונים","","1500","1945"
"הגהות על מסכת כותים","","אחרונים","","",""
"הגהות על מסכת מזוזה","","אחרונים","","",""
"הגהות על מסכת עבדים","","אחרונים","","",""
"הגהות על מסכת ציצית","","אחרונים","","",""
"הגהות על מסכת תפילין","","אחרונים","","",""
"הגהות עמק המלך","","אחרונים","","",""
"הגהות רבי עקיבא איגר על שלחן ערוך אבן העזר","עקיבא איגר","אחרונים","","1500","1945"
"הגהות רבי עקיבא איגר על שלחן ערוך אורח חיים","עקיבא איגר","אחרונים","","1500","1945"
"הגהות רבי עקיבא איגר על שלחן ערוך חושן משפט","עקיבא איגר","אחרונים","","1500","1945"
"הגהות רבי עקיבא איגר על שלחן ערוך יורה דעה","עקיבא איגר","אחרונים","","1500","1945"
"הגהות רבנו פרץ על ספר מצוות קטן","פרץ בן אליהו מקורביל","ראשונים","","1038","1492"
"הגהות רד""א על תלמוד ירושלמי ברכות","","אחרונים","","",""
"הגהות רד""א על תלמוד ירושלמי חלה","","אחרונים","","",""
"הגהות רד""א על תלמוד ירושלמי כלאים","","אחרונים","","",""
"הגהות רד""א על תלמוד ירושלמי מעשרות","","אחרונים","","",""
"הגהות רד""א על תלמוד ירושלמי פאה","","אחרונים","","",""
"הגהות רד""א על תלמוד ירושלמי שקלים","","אחרונים","","",""
"הגהות רד""א על תלמוד ירושלמי תרומות","","אחרונים","","",""
"הגהות שארית ציון","מנחם מאנדל קרנגל","אחרונים","","1500","1945"
"הד משה","","אחרונים","","",""
"הדר זקנים על התורה","תוספות","ראשונים","","1038","1492"
"הדרך לתשובה","","אחרונים","","",""
"הדרן","","חז""ל","","",""
"הדרן לספרי התנ""ך","","אחרונים","","",""
"הון עשיר על משנה אבות","עמנואל חי בן אברהם ריקי","אחרונים","","1500","1945"
"הון עשיר על משנה אהלות","עמנואל חי בן אברהם ריקי","אחרונים","","1500","1945"
"הון עשיר על משנה בבא בתרא","עמנואל חי בן אברהם ריקי","אחרונים","","1500","1945"
"הון עשיר על משנה בבא מציעא","עמנואל חי בן אברהם ריקי","אחרונים","","1500","1945"
"הון עשיר על משנה בבא קמא","עמנואל חי בן אברהם ריקי","אחרונים","","1500","1945"
"הון עשיר על משנה ביכורים","עמנואל חי בן אברהם ריקי","אחרונים","","1500","1945"
"הון עשיר על משנה ביצה","עמנואל חי בן אברהם ריקי","אחרונים","","1500","1945"
"הון עשיר על משנה בכורות","עמנואל חי בן אברהם ריקי","אחרונים","","1500","1945"
"הון עשיר על משנה ברכות","עמנואל חי בן אברהם ריקי","אחרונים","","1500","1945"
"הון עשיר על משנה גיטין","עמנואל חי בן אברהם ריקי","אחרונים","","1500","1945"
"הון עשיר על משנה דמאי","עמנואל חי בן אברהם ריקי","אחרונים","","1500","1945"
"הון עשיר על משנה הוריות","עמנואל חי בן אברהם ריקי","אחרונים","","1500","1945"
"הון עשיר על משנה זבחים","עמנואל חי בן אברהם ריקי","אחרונים","","1500","1945"
"הון עשיר על משנה זבים","עמנואל חי בן אברהם ריקי","אחרונים","","1500","1945"
"הון עשיר על משנה חגיגה","עמנואל חי בן אברהם ריקי","אחרונים","","1500","1945"
"הון עשיר על משנה חולין","עמנואל חי בן אברהם ריקי","אחרונים","","1500","1945"
"הון עשיר על משנה חלה","עמנואל חי בן אברהם ריקי","אחרונים","","1500","1945"
"הון עשיר על משנה טבול יום","עמנואל חי בן אברהם ריקי","אחרונים","","1500","1945"
"הון עשיר על משנה טהרות","עמנואל חי בן אברהם ריקי","אחרונים","","1500","1945"
"הון עשיר על משנה יבמות","עמנואל חי בן אברהם ריקי","אחרונים","","1500","1945"
"הון עשיר על משנה ידים","עמנואל חי בן אברהם ריקי","אחרונים","","1500","1945"
"הון עשיר על משנה יומא","עמנואל חי בן אברהם ריקי","אחרונים","","1500","1945"
"הון עשיר על משנה כלאים","עמנואל חי בן אברהם ריקי","אחרונים","","1500","1945"
"הון עשיר על משנה כלים","עמנואל חי בן אברהם ריקי","אחרונים","","1500","1945"
"הון עשיר על משנה כריתות","עמנואל חי בן אברהם ריקי","אחרונים","","1500","1945"
"הון עשיר על משנה כתובות","עמנואל חי בן אברהם ריקי","אחרונים","","1500","1945"
"הון עשיר על משנה מגילה","עמנואל חי בן אברהם ריקי","אחרונים","","1500","1945"
"הון עשיר על משנה מדות","עמנואל חי בן אברהם ריקי","אחרונים","","1500","1945"
"הון עשיר על משנה מועד קטן","עמנואל חי בן אברהם ריקי","אחרונים","","1500","1945"
"הון עשיר על משנה מכות","עמנואל חי בן אברהם ריקי","אחרונים","","1500","1945"
"הון עשיר על משנה מכשירין","עמנואל חי בן אברהם ריקי","אחרונים","","1500","1945"
"הון עשיר על משנה מנחות","עמנואל חי בן אברהם ריקי","אחרונים","","1500","1945"
"הון עשיר על משנה מעילה","עמנואל חי בן אברהם ריקי","אחרונים","","1500","1945"
"הון עשיר על משנה מעשר שני","עמנואל חי בן אברהם ריקי","אחרונים","","1500","1945"
"הון עשיר על משנה מעשרות","עמנואל חי בן אברהם ריקי","אחרונים","","1500","1945"
"הון עשיר על משנה מקואות","עמנואל חי בן אברהם ריקי","אחרונים","","1500","1945"
"הון עשיר על משנה נגעים","עמנואל חי בן אברהם ריקי","אחרונים","","1500","1945"
"הון עשיר על משנה נדה","עמנואל חי בן אברהם ריקי","אחרונים","","1500","1945"
"הון עשיר על משנה נדרים","עמנואל חי בן אברהם ריקי","אחרונים","","1500","1945"
"הון עשיר על משנה נזיר","עמנואל חי בן אברהם ריקי","אחרונים","","1500","1945"
"הון עשיר על משנה סוטה","עמנואל חי בן אברהם ריקי","אחרונים","","1500","1945"
"הון עשיר על משנה סוכה","עמנואל חי בן אברהם ריקי","אחרונים","","1500","1945"
"הון עשיר על משנה סנהדרין","עמנואל חי בן אברהם ריקי","אחרונים","","1500","1945"
"הון עשיר על משנה עבודה זרה","עמנואל חי בן אברהם ריקי","אחרונים","","1500","1945"
"הון עשיר על משנה עדיות","עמנואל חי בן אברהם ריקי","אחרונים","","1500","1945"
"הון עשיר על משנה עוקצים","עמנואל חי בן אברהם ריקי","אחרונים","","1500","1945"
"הון עשיר על משנה עירובין","עמנואל חי בן אברהם ריקי","אחרונים","","1500","1945"
"הון עשיר על משנה ערכין","","אחרונים","","",""
"הון עשיר על משנה ערלה","עמנואל חי בן אברהם ריקי","אחרונים","","1500","1945"
"הון עשיר על משנה פאה","עמנואל חי בן אברהם ריקי","אחרונים","","1500","1945"
"הון עשיר על משנה פסחים","עמנואל חי בן אברהם ריקי","אחרונים","","1500","1945"
"הון עשיר על משנה פרה","עמנואל חי בן אברהם ריקי","אחרונים","","1500","1945"
"הון עשיר על משנה קידושין","עמנואל חי בן אברהם ריקי","אחרונים","","1500","1945"
"הון עשיר על משנה קינים","עמנואל חי בן אברהם ריקי","אחרונים","","1500","1945"
"הון עשיר על משנה ראש השנה","עמנואל חי בן אברהם ריקי","אחרונים","","1500","1945"
"הון עשיר על משנה שבועות","עמנואל חי בן אברהם ריקי","אחרונים","","1500","1945"
"הון עשיר על משנה שביעית","עמנואל חי בן אברהם ריקי","אחרונים","","1500","1945"
"הון עשיר על משנה שבת","עמנואל חי בן אברהם ריקי","אחרונים","","1500","1945"
"הון עשיר על משנה שקלים","עמנואל חי בן אברהם ריקי","אחרונים","","1500","1945"
"הון עשיר על משנה תמורה","עמנואל חי בן אברהם ריקי","אחרונים","","1500","1945"
"הון עשיר על משנה תמיד","עמנואל חי בן אברהם ריקי","אחרונים","","1500","1945"
"הון עשיר על משנה תענית","עמנואל חי בן אברהם ריקי","אחרונים","","1500","1945"
"הון עשיר על משנה תרומות","עמנואל חי בן אברהם ריקי","אחרונים","","1500","1945"
"הוריות","","חז""ל","","",""
"הושע","","תורה שבכתב","","",""
"הזהר המתורגם - במדבר","","חז""ל","","",""
"הזהר המתורגם - בראשית","","חז""ל","","",""
"הזהר המתורגם - דברים","","חז""ל","","",""
"הזהר המתורגם - הקדמה","","חז""ל","","",""
"הזהר המתורגם - ויקרא","","חז""ל","","",""
"הזהר המתורגם - זוהר חדש","","חז""ל","","",""
"הזהר המתורגם - שמות","","חז""ל","","",""
"הזהר המתורגם - תקוני הזהר","","חז""ל","","",""
"הטור הארוך","יעקב בן אשר","ראשונים","","1038","1492"
"היכל מלך","","אחרונים","","",""
"היכלות רבתי","","חז""ל","","",""
"הין צדק","","אחרונים","","",""
"הכוזרי","יהודה הלוי","ראשונים","","1038","1492"
"הכשרת האברכים","קלונימוס קלמן שפירא","אחרונים","","1500","1945"
"הכתב והקבלה","יעקב צבי מקלנבורג","אחרונים","","1500","1945"
"הליכות אליהו","","אחרונים","","",""
"הליכות אליהו על השולחן ערוך","","אחרונים","","",""
"הליכות עולם","","אחרונים","","",""
"הליכות עולם - כללי הגמרא","","ראשונים","","",""
"הלכה למשה","","אחרונים","","",""
"הלכות בכורות וחלה להרמבן","","ראשונים","","",""
"הלכות ברכות להריטבא","","ראשונים","","",""
"הלכות גדולות","","ראשונים","","",""
"הלכות הרמב""ן על נדרים","משה בן נחמן","ראשונים","","1194","1270"
"הלכות נדה לרמב""ן","משה בן נחמן","ראשונים","","1038","1492"
"הלכות קטנות","ישראל יעקב בן שמואל חגיז","אחרונים","","1500","1945"
"הלכות קטנות לרי""ף (מנחות)","","ראשונים","","",""
"הלכות תלמוד תורה","","אחרונים","","",""
"הלל","","חז""ל","","",""
"המאור הגדול על בבא בתרא","זרחיה הלוי","ראשונים","","1038","1492"
"המאור הגדול על בבא מציעא","זרחיה הלוי","ראשונים","","1038","1492"
"המאור הגדול על בבא קמא","זרחיה הלוי","ראשונים","","1038","1492"
"המאור הגדול על גיטין","זרחיה הלוי","ראשונים","","1038","1492"
"המאור הגדול על יבמות","זרחיה הלוי","ראשונים","","1038","1492"
"המאור הגדול על כתובות","זרחיה הלוי","ראשונים","","1038","1492"
"המאור הגדול על מכות","זרחיה הלוי","ראשונים","","1038","1492"
"המאור הגדול על סוטה","זרחיה הלוי","ראשונים","","1038","1492"
"המאור הגדול על סנהדרין","זרחיה הלוי","ראשונים","","1038","1492"
"המאור הגדול על עבודה זרה","זרחיה הלוי","ראשונים","","1038","1492"
"המאור הגדול על קידושין","זרחיה הלוי","ראשונים","","1038","1492"
"המאור הגדול על שבועות","זרחיה הלוי","ראשונים","","1038","1492"
"המאור הקטן על ביצה","זרחיה הלוי","ראשונים","","1038","1492"
"המאור הקטן על ברכות","זרחיה הלוי","ראשונים","","1038","1492"
"המאור הקטן על חגיגה","זרחיה הלוי","ראשונים","","1038","1492"
"המאור הקטן על חולין","זרחיה הלוי","ראשונים","","1038","1492"
"המאור הקטן על יומא","זרחיה הלוי","ראשונים","","1038","1492"
"המאור הקטן על מגילה","זרחיה הלוי","ראשונים","","1038","1492"
"המאור הקטן על מועד קטן","זרחיה הלוי","ראשונים","","1038","1492"
"המאור הקטן על סוכה","זרחיה הלוי","ראשונים","","1038","1492"
"המאור הקטן על עירובין","זרחיה הלוי","ראשונים","","1038","1492"
"המאור הקטן על פסחים","זרחיה הלוי","ראשונים","","1038","1492"
"המאור הקטן על ראש השנה","זרחיה הלוי","ראשונים","","1038","1492"
"המאור הקטן על שבת","זרחיה הלוי","ראשונים","","1038","1492"
"המאור הקטן על תענית","זרחיה הלוי","ראשונים","","1038","1492"
"המאיר לארץ","","אחרונים","","",""
"המדרש והמעשה במדבר","","אחרונים","","",""
"המדרש והמעשה בראשית","","אחרונים","","",""
"המדרש והמעשה דברים","","אחרונים","","",""
"המדרש והמעשה ויקרא","","אחרונים","","",""
"המדרש והמעשה שמות","","אחרונים","","",""
"המקנה - קונטרס אחרון","","אחרונים","","",""
"המקנה על קידושין","","אחרונים","","",""
"הסולם על ספר הזהר","יהודה לייב הלוי אשלג","מחברי זמננו","מחברי זמננו","1945","2026"
"העמק דבר על במדבר","נפתלי צבי יהודה ברלין","אחרונים","","1500","1945"
"העמק דבר על בראשית","נפתלי צבי יהודה ברלין","אחרונים","","1500","1945"
"העמק דבר על דברים","נפתלי צבי יהודה ברלין","אחרונים","","1500","1945"
"העמק דבר על ויקרא","נפתלי צבי יהודה ברלין","אחרונים","","1500","1945"
"העמק דבר על שמות","נפתלי צבי יהודה ברלין","אחרונים","","1500","1945"
"העמק שאלה על שאילתות דרב אחאי גאון","נפתלי צבי יהודה ברלין","אחרונים","","1500","1945"
"הערות בובר על מדרש משלי","שלמה בובר","אחרונים","","1500","1945"
"הערות ומקורות על תפארת ישראל","","אחרונים","","",""
"הערות ותיקונים על מדרש אגדה","שלמה בובר","אחרונים","","1500","1945"
"הערות ותיקונים על מדרש לקח טוב","שלמה בובר","אחרונים","","1500","1945"
"הערות ותיקונים על מדרש לקח טוב על אסתר","שלמה בובר","אחרונים","","1500","1945"
"הערות על אוצר ההלכה על שולחן ערוך אורח חיים חלק א","","מחברי זמננו","","",""
"הערות על אוצר ההלכה על שולחן ערוך אורח חיים חלק ג","","מחברי זמננו","","",""
"הערות על אוצר ההלכה על שולחן ערוך אורח חיים חלק ד","","מחברי זמננו","","",""
"הערות על אוצר ההלכה על שולחן ערוך אורח חיים חלק ה","","מחברי זמננו","","",""
"הערות על אוצר ההלכה על שולחן ערוך אורח חיים חלק ו","","מחברי זמננו","","",""
"הערות על בית אהרן על בראשית ושמות","","אחרונים","","",""
"הערות על דרשה לראש השנה מאת רבי שלם הכהן בן חניניה","","אחרונים","","",""
"הערות על דרשות וחידושי רבי יוסף פינטו בן רבי אברהם","","אחרונים","","",""
"הערות על חידושי רבי יהודה הצרפתי על מסכת פסחים","","אחרונים","","",""
"הערות על חידושי רבי רפאל חיים בן עטר","","אחרונים","","",""
"הערות על חפץ נחמד וגנת ורדים","","אחרונים","","",""
"הערות על טובת מראה","","אחרונים","","",""
"הערות על כתבי רבי אברהם אזולאי","","אחרונים","","",""
"הערות על כתבי רבי שלמה עמאר","","אחרונים","","",""
"הערות על לבוש מרדכי","","אחרונים","","",""
"הערות על לדוד להזכיר","","אחרונים","","",""
"הערות על ליקוטים על התורה","","אחרונים","","",""
"הערות על מבוא לתורת מראכש","","מחברי זמננו","","",""
"הערות על מדרשי מגילת אסתר","","אחרונים","","",""
"הערות על מהרא״ח","","אחרונים","","",""
"הערות על מקור אהרן","","אחרונים","","",""
"הערות על מר דרור על מסכת עבודה זרה","","אחרונים","","",""
"הערות על נושאי הרי״ח","","אחרונים","","",""
"הערות על ספר קושיות","","ראשונים","","",""
"הערות על פני משה אסבאג","","אחרונים","","",""
"הערות על פרדס רימונים על מסכת עבודה זרה","","אחרונים","","",""
"הערות על שופריה דיוסף","","אחרונים","","",""
"הערות על שושני יעקב חלק א","","אחרונים","","",""
"הערות על שושני יעקב חלק ב","","אחרונים","","",""
"הערות על שו״ת רבי יעקב בטאן ובית דינו","","אחרונים","","",""
"הערות על שו״ת שער יוסף","","אחרונים","","",""
"הערות על תקנות חכמי מראכש","","אחרונים","","",""
"הערות על תשובות חכמי מראכש","","אחרונים","","",""
"הערות שוליים על מכילתא דרבי שמעון בן יוחאי","","אחרונים","","",""
"הערות שוליים על תשובות הרשב""א מיוחס להרמב""ן","","ראשונים","","",""
"העתקת פירוש הרי""ף כתובות","","ראשונים","","",""
"העתקת פירוש הרי""ף שבועות","","ראשונים","","",""
"הפלאה - קונטרס אחרון (הלכות כתובות)","","אחרונים","","",""
"הפלאה על כתובות","פנחס הלוי איש הורוויץ","אחרונים","","1500","1945"
"הפלאה שבערכין","","אחרונים","","",""
"הפלאה שבערכין על ספר הערוך","ישעיה פיק ברלין","אחרונים","","1500","1945"
"הקדמות לחכמת האמת - ספר הזוהר","יהודה לייב הלוי אשלג","מחברי זמננו","מחברי זמננו","1945","2026"
"הקדמת המאור","זרחיה הלוי","ראשונים","","1038","1492"
"הקדמת הרמב""ם למשנה","משה בן מימון (רמב""ם)","ראשונים","ראשוני הראשונים","1138","1204"
"הקדמת מלחמת השם","משה בן נחמן","ראשונים","","1038","1492"
"הקדמת תוספות יום טוב למשנה","יום-טוב ליפמן הלר","אחרונים","","1500","1945"
"הקשורים ליעקב ד - פסח גדול","","אחרונים","","",""
"הר בשן","","אחרונים","","",""
"הר המור","","אחרונים","","",""
"הר המוריה על משנה תורה, הלכות איסורי המזבח","מאיר יונה ברנצקי","אחרונים","","1500","1945"
"הר המוריה על משנה תורה, הלכות ביאת מקדש","מאיר יונה ברנצקי","אחרונים","","1500","1945"
"הר המוריה על משנה תורה, הלכות בית הבחירה","מאיר יונה ברנצקי","אחרונים","","1500","1945"
"הר המוריה על משנה תורה, הלכות בכורות","מאיר יונה ברנצקי","אחרונים","","1500","1945"
"הר המוריה על משנה תורה, הלכות חגיגה","מאיר יונה ברנצקי","אחרונים","","1500","1945"
"הר המוריה על משנה תורה, הלכות כלי המקדש והעובדין בו","מאיר יונה ברנצקי","אחרונים","","1500","1945"
"הר המוריה על משנה תורה, הלכות מחוסרי כפרה","מאיר יונה ברנצקי","אחרונים","","1500","1945"
"הר המוריה על משנה תורה, הלכות מעילה","מאיר יונה ברנצקי","אחרונים","","1500","1945"
"הר המוריה על משנה תורה, הלכות מעשה הקרבנות","מאיר יונה ברנצקי","אחרונים","","1500","1945"
"הר המוריה על משנה תורה, הלכות עבודת יום הכפורים","מאיר יונה ברנצקי","אחרונים","","1500","1945"
"הר המוריה על משנה תורה, הלכות פסולי המוקדשין","מאיר יונה ברנצקי","אחרונים","","1500","1945"
"הר המוריה על משנה תורה, הלכות קרבן פסח","מאיר יונה ברנצקי","אחרונים","","1500","1945"
"הר המוריה על משנה תורה, הלכות שגגות","מאיר יונה ברנצקי","אחרונים","","1500","1945"
"הר המוריה על משנה תורה, הלכות תמורה","מאיר יונה ברנצקי","אחרונים","","1500","1945"
"הר המוריה על משנה תורה, הלכות תמידים ומוספין","מאיר יונה ברנצקי","אחרונים","","1500","1945"
"הר שפר","","אחרונים","","",""
"הרוקח","","ראשונים","","",""
"הרחב דבר על במדבר","נפתלי צבי יהודה ברלין","אחרונים","","1500","1945"
"הרחב דבר על בראשית","נפתלי צבי יהודה ברלין","אחרונים","","1500","1945"
"הרחב דבר על דברים","נפתלי צבי יהודה ברלין","אחרונים","","1500","1945"
"הרחב דבר על ויקרא","נפתלי צבי יהודה ברלין","אחרונים","","1500","1945"
"הרחב דבר על שמות","נפתלי צבי יהודה ברלין","אחרונים","","1500","1945"
"הרי בשמים","","אחרונים","","",""
"השגות הראב""ד בבא בתרא","ראב""ד","ראשונים","","1038","1492"
"השגות הראב""ד בבא קמא","ראב""ד","ראשונים","","1038","1492"
"השגות הראב""ד גיטין","ראב""ד","ראשונים","","1038","1492"
"השגות הראב""ד כתובות","ראב""ד","ראשונים","","1038","1492"
"השגות הראב""ד מכות","ראב""ד","ראשונים","","1038","1492"
"השגות הראב""ד על משנה תורה, הלכות אבל","ראב""ד","ראשונים","","1038","1492"
"השגות הראב""ד על משנה תורה, הלכות איסורי ביאה","ראב""ד","ראשונים","","1038","1492"
"השגות הראב""ד על משנה תורה, הלכות איסורי המזבח","ראב""ד","ראשונים","","1038","1492"
"השגות הראב""ד על משנה תורה, הלכות אישות","ראב""ד","ראשונים","","1038","1492"
"השגות הראב""ד על משנה תורה, הלכות ביאת מקדש","ראב""ד","ראשונים","","1038","1492"
"השגות הראב""ד על משנה תורה, הלכות ביכורים ושאר מתנות כהונה שבגבולין","ראב""ד","ראשונים","","1038","1492"
"השגות הראב""ד על משנה תורה, הלכות בית הבחירה","ראב""ד","ראשונים","","1038","1492"
"השגות הראב""ד על משנה תורה, הלכות בכורות","ראב""ד","ראשונים","","1038","1492"
"השגות הראב""ד על משנה תורה, הלכות ברכות","ראב""ד","ראשונים","","1038","1492"
"השגות הראב""ד על משנה תורה, הלכות גזילה ואבידה","ראב""ד","ראשונים","","1038","1492"
"השגות הראב""ד על משנה תורה, הלכות גירושין","ראב""ד","ראשונים","","1038","1492"
"השגות הראב""ד על משנה תורה, הלכות גניבה","ראב""ד","ראשונים","","1038","1492"
"השגות הראב""ד על משנה תורה, הלכות דעות","ראב""ד","ראשונים","","1038","1492"
"השגות הראב""ד על משנה תורה, הלכות זכייה ומתנה","ראב""ד","ראשונים","","1038","1492"
"השגות הראב""ד על משנה תורה, הלכות חגיגה","ראב""ד","ראשונים","","1038","1492"
"השגות הראב""ד על משנה תורה, הלכות חובל ומזיק","ראב""ד","ראשונים","","1038","1492"
"השגות הראב""ד על משנה תורה, הלכות חמץ ומצה","ראב""ד","ראשונים","","1038","1492"
"השגות הראב""ד על משנה תורה, הלכות טומאת אוכלים","ראב""ד","ראשונים","","1038","1492"
"השגות הראב""ד על משנה תורה, הלכות טומאת מת","ראב""ד","ראשונים","","1038","1492"
"השגות הראב""ד על משנה תורה, הלכות טומאת צרעת","ראב""ד","ראשונים","","1038","1492"
"השגות הראב""ד על משנה תורה, הלכות טוען ונטען","ראב""ד","ראשונים","","1038","1492"
"השגות הראב""ד על משנה תורה, הלכות יבום וחליצה","","ראשונים","","",""
"השגות הראב""ד על משנה תורה, הלכות יסודי התורה","ראב""ד","ראשונים","","1038","1492"
"השגות הראב""ד על משנה תורה, הלכות כלאים","ראב""ד","ראשונים","","1038","1492"
"השגות הראב""ד על משנה תורה, הלכות כלי המקדש והעובדין בו","ראב""ד","ראשונים","","1038","1492"
"השגות הראב""ד על משנה תורה, הלכות כלים","ראב""ד","ראשונים","","1038","1492"
"השגות הראב""ד על משנה תורה, הלכות מאכלות אסורות","ראב""ד","ראשונים","","1038","1492"
"השגות הראב""ד על משנה תורה, הלכות מגילה וחנוכה","ראב""ד","ראשונים","","1038","1492"
"השגות הראב""ד על משנה תורה, הלכות מחוסרי כפרה","ראב""ד","ראשונים","","1038","1492"
"השגות הראב""ד על משנה תורה, הלכות מטמאי משכב ומושב","ראב""ד","ראשונים","","1038","1492"
"השגות הראב""ד על משנה תורה, הלכות מילה","ראב""ד","ראשונים","","1038","1492"
"השגות הראב""ד על משנה תורה, הלכות מכירה","ראב""ד","ראשונים","","1038","1492"
"השגות הראב""ד על משנה תורה, הלכות מלווה ולווה","ראב""ד","ראשונים","","1038","1492"
"השגות הראב""ד על משנה תורה, הלכות מלכים ומלחמות","ראב""ד","ראשונים","","1038","1492"
"השגות הראב""ד על משנה תורה, הלכות ממרים","ראב""ד","ראשונים","","1038","1492"
"השגות הראב""ד על משנה תורה, הלכות מעילה","ראב""ד","ראשונים","","1038","1492"
"השגות הראב""ד על משנה תורה, הלכות מעשה הקרבנות","ראב""ד","ראשונים","","1038","1492"
"השגות הראב""ד על משנה תורה, הלכות מעשר שני ונטע רבעי","ראב""ד","ראשונים","","1038","1492"
"השגות הראב""ד על משנה תורה, הלכות מעשרות","ראב""ד","ראשונים","","1038","1492"
"השגות הראב""ד על משנה תורה, הלכות מקואות","ראב""ד","ראשונים","","1038","1492"
"השגות הראב""ד על משנה תורה, הלכות מתנות עניים","ראב""ד","ראשונים","","1038","1492"
"השגות הראב""ד על משנה תורה, הלכות נדרים","ראב""ד","ראשונים","","1038","1492"
"השגות הראב""ד על משנה תורה, הלכות נזירות","ראב""ד","ראשונים","","1038","1492"
"השגות הראב""ד על משנה תורה, הלכות נזקי ממון","ראב""ד","ראשונים","","1038","1492"
"השגות הראב""ד על משנה תורה, הלכות נחלות","ראב""ד","ראשונים","","1038","1492"
"השגות הראב""ד על משנה תורה, הלכות נערה בתולה","","ראשונים","","",""
"השגות הראב""ד על משנה תורה, הלכות סוטה","","ראשונים","","",""
"השגות הראב""ד על משנה תורה, הלכות סנהדרין והעונשין המסורין להם","ראב""ד","ראשונים","","1038","1492"
"השגות הראב""ד על משנה תורה, הלכות עבדים","ראב""ד","ראשונים","","1038","1492"
"השגות הראב""ד על משנה תורה, הלכות עבודה זרה וחוקות הגויים","ראב""ד","ראשונים","","1038","1492"
"השגות הראב""ד על משנה תורה, הלכות עבודת יום הכפורים","ראב""ד","ראשונים","","1038","1492"
"השגות הראב""ד על משנה תורה, הלכות עדות","ראב""ד","ראשונים","","1038","1492"
"השגות הראב""ד על משנה תורה, הלכות עירובין","ראב""ד","ראשונים","","1038","1492"
"השגות הראב""ד על משנה תורה, הלכות ערכים וחרמין","ראב""ד","ראשונים","","1038","1492"
"השגות הראב""ד על משנה תורה, הלכות פסולי המוקדשין","ראב""ד","ראשונים","","1038","1492"
"השגות הראב""ד על משנה תורה, הלכות פרה אדומה","ראב""ד","ראשונים","","1038","1492"
"השגות הראב""ד על משנה תורה, הלכות ציצית","ראב""ד","ראשונים","","1038","1492"
"השגות הראב""ד על משנה תורה, הלכות קידוש החודש","ראב""ד","ראשונים","","1038","1492"
"השגות הראב""ד על משנה תורה, הלכות קרבן פסח","ראב""ד","ראשונים","","1038","1492"
"השגות הראב""ד על משנה תורה, הלכות קריאת שמע","ראב""ד","ראשונים","","1038","1492"
"השגות הראב""ד על משנה תורה, הלכות רוצח ושמירת נפש","ראב""ד","ראשונים","","1038","1492"
"השגות הראב""ד על משנה תורה, הלכות שאלה ופיקדון","ראב""ד","ראשונים","","1038","1492"
"השגות הראב""ד על משנה תורה, הלכות שאר אבות הטומאות","ראב""ד","ראשונים","","1038","1492"
"השגות הראב""ד על משנה תורה, הלכות שבועות","ראב""ד","ראשונים","","1038","1492"
"השגות הראב""ד על משנה תורה, הלכות שביתת יום טוב","ראב""ד","ראשונים","","1038","1492"
"השגות הראב""ד על משנה תורה, הלכות שביתת עשור","ראב""ד","ראשונים","","1038","1492"
"השגות הראב""ד על משנה תורה, הלכות שבת","ראב""ד","ראשונים","","1038","1492"
"השגות הראב""ד על משנה תורה, הלכות שגגות","ראב""ד","ראשונים","","1038","1492"
"השגות הראב""ד על משנה תורה, הלכות שופר וסוכה ולולב","ראב""ד","ראשונים","","1038","1492"
"השגות הראב""ד על משנה תורה, הלכות שחיטה","ראב""ד","ראשונים","","1038","1492"
"השגות הראב""ד על משנה תורה, הלכות שכירות","ראב""ד","ראשונים","","1038","1492"
"השגות הראב""ד על משנה תורה, הלכות שכנים","ראב""ד","ראשונים","","1038","1492"
"השגות הראב""ד על משנה תורה, הלכות שלוחין ושותפין","ראב""ד","ראשונים","","1038","1492"
"השגות הראב""ד על משנה תורה, הלכות שמיטה ויובל","ראב""ד","ראשונים","","1038","1492"
"השגות הראב""ד על משנה תורה, הלכות שקלים","ראב""ד","ראשונים","","1038","1492"
"השגות הראב""ד על משנה תורה, הלכות תלמוד תורה","ראב""ד","ראשונים","","1038","1492"
"השגות הראב""ד על משנה תורה, הלכות תמורה","ראב""ד","ראשונים","","1038","1492"
"השגות הראב""ד על משנה תורה, הלכות תמידים ומוספין","ראב""ד","ראשונים","","1038","1492"
"השגות הראב""ד על משנה תורה, הלכות תעניות","ראב""ד","ראשונים","","1038","1492"
"השגות הראב""ד על משנה תורה, הלכות תפילה וברכת כהנים","ראב""ד","ראשונים","","1038","1492"
"השגות הראב""ד על משנה תורה, הלכות תפילין ומזוזה וספר תורה","ראב""ד","ראשונים","","1038","1492"
"השגות הראב""ד על משנה תורה, הלכות תרומות","ראב""ד","ראשונים","","1038","1492"
"השגות הראב""ד על משנה תורה, הלכות תשובה","ראב""ד","ראשונים","","1038","1492"
"השגות הראב""ד שבועות","ראב""ד","ראשונים","","1038","1492"
"השגות הרמב""ן על ספר המצוות","רמב״ן","ראשונים","","1038","1492"
"השיב משה אבן העזר","","אחרונים","","",""
"השיב משה אורח חיים","","אחרונים","","",""
"השיב משה חושן משפט","","אחרונים","","",""
"השיב משה יורה דעה","","אחרונים","","",""
"השלמה על עבודה זרה","","ראשונים","","",""
"השמטות הריטבא על יבמות","","ראשונים","","",""
"השמטות הריטב״א על עבודה זרה","","ראשונים","","",""
"התעוררות תשובה חלק א","","אחרונים","","",""
"התעוררות תשובה חלק ב","","אחרונים","","",""
"התעוררות תשובה חלק ג","","אחרונים","","",""
"ואהבתי ושברי","","ראשונים","","",""
"ובחרת בחיים","","אחרונים","","",""
"וביום השבת","","מחברי זמננו","","",""
"וזאת ליהודה","","אחרונים","","",""
"וזה לשונו - בבא קמא","","מחברי זמננו","","",""
"וזה לשונו - מוקצה","","מחברי זמננו","","",""
"וזה לשונו - סנהדרין","","מחברי זמננו","","",""
"וזה לשונו - קידושין - על סדר הדפים","","מחברי זמננו","","",""
"וזה לשונו - קידושין - ערכים","","מחברי זמננו","","",""
"וזה לשונו - רוב וחזקה","","מחברי זמננו","","",""
"וזה לשונו - שטרות","","מחברי זמננו","","",""
"וידבר דוד","","אחרונים","","",""
"ויוסף אברהם","","אחרונים","","",""
"ויוסף שאול (אלישר)","","אחרונים","","",""
"וילקט יוסף","","אחרונים","","",""
"ויקח אברהם","","אחרונים","","",""
"ויקרא","","תורה שבכתב","","",""
"ויקרא אברהם","","אחרונים","","",""
"ויקרא רבה","","חז""ל","","",""
"ומצור דבש","","אחרונים","","",""
"ונגש הכהן","","אחרונים","","",""
"ונתנה תוקף","","ראשונים","","",""
"זבח השלמים","","אחרונים","","",""
"זבח פסח על הגדה של פסח","אברבנאל","ראשונים","","1038","1492"
"זבחים","","חז""ל","","",""
"זבחים שלמים","","אחרונים","","",""
"זה הכלל","","אחרונים","","",""
"זוהר הרקיע","שמעון בן צמח דוראן","ראשונים","","1038","1492"
"זוהר חדש","","חז""ל","","",""
"זיו משנה","","אחרונים","","",""
"זית רענן חלק א","","אחרונים","","",""
"זית רענן חלק ב","","אחרונים","","",""
"זכה אשר","","ראשונים","","",""
"זכור לאברהם","","אחרונים","","",""
"זכותא דאברהם","","אחרונים","","",""
"זכותא דאברהם (דרושים)","","אחרונים","","",""
"זכר יהוסף","","אחרונים","","",""
"זכר יהוסף חלק ב","","אחרונים","","",""
"זכר יהוסף חלק ג","","אחרונים","","",""
"זכר יהוסף חלק ד","","אחרונים","","",""
"זכר ישעיהו","","אחרונים","","",""
"זכרו תורת משה","","אחרונים","","",""
"זכרון אהרן","","אחרונים","","",""
"זכרון י-הודה גרינוולד חלק א","","אחרונים","","",""
"זכרון יעקב","","אחרונים","","",""
"זכרון לבני ישראל","","אחרונים","","",""
"זכרון מלך","","אחרונים","","",""
"זכריה","","תורה שבכתב","","",""
"זמרת הארץ","","אחרונים","","",""
"זמרת הארץ לקוטי תנינא","","אחרונים","","",""
"זקן אהרן (קורץ)","","אחרונים","","",""
"זרוע ימין על הגדה של פסח","חיים דוד אזולאי","אחרונים","","1500","1945"
"זרוע ימין על משנה אבות","חיים דוד אזולאי","אחרונים","","1500","1945"
"זרע אברהם","","אחרונים","","",""
"זרע יעקב","","אחרונים","","",""
"זרע יצחק","","אחרונים","","",""
"זרע קודש","נפתלי צבי הורוביץ","אחרונים","","1500","1945"
"חָכְמַת הַיְּהוּדִי מקאמה","","אחרונים","","",""
"חבל יוסף (אולם המשפט) חלק ב","","אחרונים","","",""
"חבל יוסף (חדרי דעה)","","אחרונים","","",""
"חבל יוסף (חוקי העזרה)","","אחרונים","","",""
"חבצלת השרון על דניאל","אלשיך","אחרונים","","1500","1945"
"חבקוק","","תורה שבכתב","","",""
"חברותא על בבא בתרא","","מחברי זמננו","","",""
"חברותא על בבא מציעא","","מחברי זמננו","","",""
"חברותא על בבא קמא","","מחברי זמננו","","",""
"חברותא על ביצה","","מחברי זמננו","","",""
"חברותא על בכורות","","מחברי זמננו","","",""
"חברותא על ברכות","","מחברי זמננו","","",""
"חברותא על גיטין","","מחברי זמננו","","",""
"חברותא על הוריות","","מחברי זמננו","","",""
"חברותא על זבחים","","מחברי זמננו","","",""
"חברותא על חגיגה","","מחברי זמננו","","",""
"חברותא על חולין","","מחברי זמננו","","",""
"חברותא על יבמות","","מחברי זמננו","","",""
"חברותא על יומא","","מחברי זמננו","","",""
"חברותא על כריתות","","מחברי זמננו","","",""
"חברותא על כתובות","","מחברי זמננו","","",""
"חברותא על מגילה","","מחברי זמננו","","",""
"חברותא על מועד קטן","","מחברי זמננו","","",""
"חברותא על מכות","","מחברי זמננו","","",""
"חברותא על מנחות","","מחברי זמננו","","",""
"חברותא על מעילה","","מחברי זמננו","","",""
"חברותא על נדה","","מחברי זמננו","","",""
"חברותא על נדרים","","מחברי זמננו","","",""
"חברותא על נזיר","","מחברי זמננו","","",""
"חברותא על סוטה","","מחברי זמננו","","",""
"חברותא על סוכה","","מחברי זמננו","","",""
"חברותא על סנהדרין","","מחברי זמננו","","",""
"חברותא על עבודה זרה","","מחברי זמננו","","",""
"חברותא על עירובין","","מחברי זמננו","","",""
"חברותא על ערכין","","מחברי זמננו","","",""
"חברותא על פסחים","","מחברי זמננו","","",""
"חברותא על קידושין","","מחברי זמננו","","",""
"חברותא על ראש השנה","","מחברי זמננו","","",""
"חברותא על שבועות","","מחברי זמננו","","",""
"חברותא על שבת","","מחברי זמננו","","",""
"חברותא על שקלים","","מחברי זמננו","","",""
"חברותא על תמורה","","מחברי זמננו","","",""
"חברותא על תמיד","","מחברי זמננו","","",""
"חברותא על תענית","","מחברי זמננו","","",""
"חגי","","תורה שבכתב","","",""
"חגיגה","","חז""ל","","",""
"חדושי הלכות נדה על שולחן ערוך יורה דעה","יהונתן אייבשיץ","אחרונים","","1500","1945"
"חדושי הלכות על בבא בתרא","מהרש""א","אחרונים","","1500","1945"
"חדושי הלכות על בבא מציעא","מהרש""א","אחרונים","","1500","1945"
"חדושי הלכות על בבא קמא","מהרש""א","אחרונים","","1500","1945"
"חדושי הלכות על ביצה","מהרש""א","אחרונים","","1500","1945"
"חדושי הלכות על בכורות","מהרש""א","אחרונים","","1500","1945"
"חדושי הלכות על גיטין","מהרש""א","אחרונים","","1500","1945"
"חדושי הלכות על הוריות","מהרש""א","אחרונים","","1500","1945"
"חדושי הלכות על חולין","מהרש""א","אחרונים","","1500","1945"
"חדושי הלכות על יבמות","מהרש""א","אחרונים","","1500","1945"
"חדושי הלכות על מכות","מהרש""א","אחרונים","","1500","1945"
"חדושי הלכות על מנחות","מהרש""א","אחרונים","","1500","1945"
"חדושי הלכות על נדרים","מהרש""א","אחרונים","","1500","1945"
"חדושי הלכות על סוטה","מהרש""א","אחרונים","","1500","1945"
"חדושי הלכות על סוכה","מהרש""א","אחרונים","","1500","1945"
"חדושי הלכות על סנהדרין","מהרש""א","אחרונים","","1500","1945"
"חדושי הלכות על עבודה זרה","מהרש""א","אחרונים","","1500","1945"
"חדושי הלכות על פסחים","מהרש""א","אחרונים","","1500","1945"
"חדושי הלכות על קידושין","מהרש""א","אחרונים","","1500","1945"
"חדושי הלכות על ראש השנה","מהרש""א","אחרונים","","1500","1945"
"חדושי הלכות על שבועות","מהרש""א","אחרונים","","1500","1945"
"חדושי הר""י מיגאש על בבא בתרא","","ראשונים","","",""
"חדושי הר""י מיגאש על שבועות","","ראשונים","","",""
"חדושי הרא""ה על כתובות","אהרן הלוי","ראשונים","","1038","1492"
"חדושי הרי מיגאש על בבא מציעא","","ראשונים","","",""
"חדושי רעא על תלמוד בבלי","","אחרונים","","",""
"חדות יעקב","","אחרונים","","",""
"חובות הלבבות","בחיי אבן פקודה","ראשונים","","1038","1492"
"חובת התלמידים","קלונימוס קלמן שפירא","אחרונים","","1500","1945"
"חוות דעת ביאורים","","אחרונים","","",""
"חוות דעת חדושים","","אחרונים","","",""
"חוות יאיר","יאיר חיים בכרך","אחרונים","","1500","1945"
"חוזק יד","","אחרונים","","",""
"חוט המשולש חלק א","","אחרונים","","",""
"חוט המשולש חלק ב","","אחרונים","","",""
"חוט המשולש חלק ג","","אחרונים","","",""
"חוט השני","","אחרונים","","",""
"חולין","","חז""ל","","",""
"חומת אנך על איוב","חיים דוד אזולאי","אחרונים","","1500","1945"
"חומת אנך על איכה","חיים דוד אזולאי","אחרונים","","1500","1945"
"חומת אנך על אסתר","חיים דוד אזולאי","אחרונים","","1500","1945"
"חומת אנך על דברי הימים א","חיים דוד אזולאי","אחרונים","","1500","1945"
"חומת אנך על דברי הימים ב","חיים דוד אזולאי","אחרונים","","1500","1945"
"חומת אנך על דניאל","חיים דוד אזולאי","אחרונים","","1500","1945"
"חומת אנך על הושע","חיים דוד אזולאי","אחרונים","","1500","1945"
"חומת אנך על זכריה","חיים דוד אזולאי","אחרונים","","1500","1945"
"חומת אנך על חבקוק","חיים דוד אזולאי","אחרונים","","1500","1945"
"חומת אנך על חגי","חיים דוד אזולאי","אחרונים","","1500","1945"
"חומת אנך על יהושע","חיים דוד אזולאי","אחרונים","","1500","1945"
"חומת אנך על יואל","חיים דוד אזולאי","אחרונים","","1500","1945"
"חומת אנך על יונה","חיים דוד אזולאי","אחרונים","","1500","1945"
"חומת אנך על יחזקאל","חיים דוד אזולאי","אחרונים","","1500","1945"
"חומת אנך על ירמיה","חיים דוד אזולאי","אחרונים","","1500","1945"
"חומת אנך על ישעיה","חיים דוד אזולאי","אחרונים","","1500","1945"
"חומת אנך על ישעיהו","","אחרונים","","",""
"חומת אנך על מיכה","חיים דוד אזולאי","אחרונים","","1500","1945"
"חומת אנך על מלאכי","חיים דוד אזולאי","אחרונים","","1500","1945"
"חומת אנך על מלכים א","חיים דוד אזולאי","אחרונים","","1500","1945"
"חומת אנך על מלכים ב","חיים דוד אזולאי","אחרונים","","1500","1945"
"חומת אנך על משלי","חיים דוד אזולאי","אחרונים","","1500","1945"
"חומת אנך על נחום","חיים דוד אזולאי","אחרונים","","1500","1945"
"חומת אנך על נחמיה","חיים דוד אזולאי","אחרונים","","1500","1945"
"חומת אנך על עובדיה","חיים דוד אזולאי","אחרונים","","1500","1945"
"חומת אנך על עזרא","חיים דוד אזולאי","אחרונים","","1500","1945"
"חומת אנך על עמוס","חיים דוד אזולאי","אחרונים","","1500","1945"
"חומת אנך על צפניה","חיים דוד אזולאי","אחרונים","","1500","1945"
"חומת אנך על קהלת","חיים דוד אזולאי","אחרונים","","1500","1945"
"חומת אנך על רות","חיים דוד אזולאי","אחרונים","","1500","1945"
"חומת אנך על שופטים","חיים דוד אזולאי","אחרונים","","1500","1945"
"חומת אנך על שיר השירים","חיים דוד אזולאי","אחרונים","","1500","1945"
"חומת אנך על שמואל א","חיים דוד אזולאי","אחרונים","","1500","1945"
"חומת אנך על שמואל ב","חיים דוד אזולאי","אחרונים","","1500","1945"
"חומת אנך על תהלים","חיים דוד אזולאי","אחרונים","","1500","1945"
"חומת אנך על תורה","חיים דוד אזולאי","אחרונים","","1500","1945"
"חוסן יהושע","","אחרונים","","",""
"חופת חתנים","","אחרונים","","",""
"חוקי חיים","","אחרונים","","",""
"חורב","שמשון רפאל הירש","אחרונים","","1500","1945"
"חזה התנופה","משה די ברושלייש","אחרונים","","1500","1945"
"חזון איש, אורח חיים מועד","","מחברי זמננו","","",""
"חזון איש, אמונה ובטחון","","מחברי זמננו","","",""
"חזון איש, זרעים","","מחברי זמננו","","",""
"חזון איש, חושן משפט נזיקין","","מחברי זמננו","","",""
"חזון איש, טהרות","","אחרונים","","",""
"חזון איש, יורה דעה","","מחברי זמננו","","",""
"חזון למועד","","אחרונים","","",""
"חזון נחום","","אחרונים","","",""
"חזקוני","חזקוני","ראשונים","","1038","1492"
"חיבור על כלאים (דת אש)","","אחרונים","","",""
"חידוד הלכה","","אחרונים","","",""
"חידוד הלכות על נדה","","אחרונים","","",""
"חידושי אגדות על בבא בתרא","מהרש""א","אחרונים","","1500","1945"
"חידושי אגדות על בבא מציעא","מהרש""א","אחרונים","","1500","1945"
"חידושי אגדות על בבא קמא","מהרש""א","אחרונים","","1500","1945"
"חידושי אגדות על ביצה","מהרש""א","אחרונים","","1500","1945"
"חידושי אגדות על בכורות","מהרש""א","אחרונים","","1500","1945"
"חידושי אגדות על ברכות","מהרש""א","אחרונים","","1500","1945"
"חידושי אגדות על גיטין","מהרש""א","אחרונים","","1500","1945"
"חידושי אגדות על הוריות","מהרש""א","אחרונים","","1500","1945"
"חידושי אגדות על זבחים","מהרש""א","אחרונים","","1500","1945"
"חידושי אגדות על חגיגה","מהרש""א","אחרונים","","1500","1945"
"חידושי אגדות על חולין","מהרש""א","אחרונים","","1500","1945"
"חידושי אגדות על יבמות","מהרש""א","אחרונים","","1500","1945"
"חידושי אגדות על יומא","מהרש""א","אחרונים","","1500","1945"
"חידושי אגדות על כריתות","מהרש""א","אחרונים","","1500","1945"
"חידושי אגדות על כתובות","מהרש""א","אחרונים","","1500","1945"
"חידושי אגדות על מגילה","מהרש""א","אחרונים","","1500","1945"
"חידושי אגדות על מועד קטן","מהרש""א","אחרונים","","1500","1945"
"חידושי אגדות על מכות","מהרש""א","אחרונים","","1500","1945"
"חידושי אגדות על מנחות","מהרש""א","אחרונים","","1500","1945"
"חידושי אגדות על מעילה","מהרש""א","אחרונים","","1500","1945"
"חידושי אגדות על נדה","מהרש""א","אחרונים","","1500","1945"
"חידושי אגדות על נדרים","מהרש""א","אחרונים","","1500","1945"
"חידושי אגדות על נזיר","מהרש""א","אחרונים","","1500","1945"
"חידושי אגדות על סוטה","מהרש""א","אחרונים","","1500","1945"
"חידושי אגדות על סוכה","מהרש""א","אחרונים","","1500","1945"
"חידושי אגדות על סנהדרין","מהרש""א","אחרונים","","1500","1945"
"חידושי אגדות על עבודה זרה","מהרש""א","אחרונים","","1500","1945"
"חידושי אגדות על עירובין","מהרש""א","אחרונים","","1500","1945"
"חידושי אגדות על ערכין","מהרש""א","אחרונים","","1500","1945"
"חידושי אגדות על פסחים","מהרש""א","אחרונים","","1500","1945"
"חידושי אגדות על קידושין","מהרש""א","אחרונים","","1500","1945"
"חידושי אגדות על ראש השנה","מהרש""א","אחרונים","","1500","1945"
"חידושי אגדות על שבועות","מהרש""א","אחרונים","","1500","1945"
"חידושי אגדות על שבת","מהרש""א","אחרונים","","1500","1945"
"חידושי אגדות על תמורה","מהרש""א","אחרונים","","1500","1945"
"חידושי אגדות על תמיד","מהרש""א","אחרונים","","1500","1945"
"חידושי אגדות על תענית","מהרש""א","אחרונים","","1500","1945"
"חידושי אנשי שם","","אחרונים","","",""
"חידושי אנשי שם על בבא בתרא","נתן נטע שפירא","אחרונים","","1500","1945"
"חידושי אנשי שם על בבא מציעא","נתן נטע שפירא","אחרונים","","1500","1945"
"חידושי אנשי שם על בבא קמא","נתן נטע שפירא","אחרונים","","1500","1945"
"חידושי אנשי שם על ביצה","נתן נטע שפירא","אחרונים","","1500","1945"
"חידושי אנשי שם על ברכות","נתן נטע שפירא","אחרונים","","1500","1945"
"חידושי אנשי שם על גיטין","נתן נטע שפירא","אחרונים","","1500","1945"
"חידושי אנשי שם על חולין","נתן נטע שפירא","אחרונים","","1500","1945"
"חידושי אנשי שם על יבמות","נתן נטע שפירא","אחרונים","","1500","1945"
"חידושי אנשי שם על יומא","נתן נטע שפירא","אחרונים","","1500","1945"
"חידושי אנשי שם על כתובות","נתן נטע שפירא","אחרונים","","1500","1945"
"חידושי אנשי שם על מגילה","נתן נטע שפירא","אחרונים","","1500","1945"
"חידושי אנשי שם על מועד קטן","נתן נטע שפירא","אחרונים","","1500","1945"
"חידושי אנשי שם על מכות","נתן נטע שפירא","אחרונים","","1500","1945"
"חידושי אנשי שם על מנחות","נתן נטע שפירא","אחרונים","","1500","1945"
"חידושי אנשי שם על סוכה","נתן נטע שפירא","אחרונים","","1500","1945"
"חידושי אנשי שם על סנהדרין","נתן נטע שפירא","אחרונים","","1500","1945"
"חידושי אנשי שם על עבודה זרה","נתן נטע שפירא","אחרונים","","1500","1945"
"חידושי אנשי שם על עירובין","נתן נטע שפירא","אחרונים","","1500","1945"
"חידושי אנשי שם על פסחים","נתן נטע שפירא","אחרונים","","1500","1945"
"חידושי אנשי שם על קידושין","נתן נטע שפירא","אחרונים","","1500","1945"
"חידושי אנשי שם על ראש השנה","נתן נטע שפירא","אחרונים","","1500","1945"
"חידושי אנשי שם על שבועות","נתן נטע שפירא","אחרונים","","1500","1945"
"חידושי אנשי שם על שבת","נתן נטע שפירא","אחרונים","","1500","1945"
"חידושי אנשי שם על תענית","נתן נטע שפירא","אחרונים","","1500","1945"
"חידושי גור אריה על פסחים","","אחרונים","","",""
"חידושי הלכות על ברכות","מהרש""א","אחרונים","","1500","1945"
"חידושי הלכות על חגיגה","מהרש""א","אחרונים","","1500","1945"
"חידושי הלכות על יומא","מהרש""א","אחרונים","","1500","1945"
"חידושי הלכות על מגילה","מהרש""א","אחרונים","","1500","1945"
"חידושי הלכות על מועד קטן","מהרש""א","אחרונים","","1500","1945"
"חידושי הלכות על מסכת כתובות","מהרש""א","אחרונים","","1500","1945"
"חידושי הלכות על מסכת נדה","מהרש""א","אחרונים","","1500","1945"
"חידושי הלכות על עירובין","מהרש""א","אחרונים","","1500","1945"
"חידושי הלכות על שבת","מהרש""א","אחרונים","","1500","1945"
"חידושי הלכות על תענית","מהרש""א","אחרונים","","1500","1945"
"חידושי המהריט על כתובות","","ראשונים","","",""
"חידושי המהריט על קידושין","","ראשונים","","",""
"חידושי המהריט על שבת","","ראשונים","","",""
"חידושי הראבד על עבודה זרה","","ראשונים","","",""
"חידושי הראה על עבודה זרה","","ראשונים","","",""
"חידושי הרדד","","אחרונים","","",""
"חידושי הרד״ל על איכה רבה","","אחרונים","","",""
"חידושי הרד״ל על אסתר רבה","","אחרונים","","",""
"חידושי הרד״ל על במדבר רבה","","אחרונים","","",""
"חידושי הרד״ל על בראשית רבה","","אחרונים","","",""
"חידושי הרד״ל על דברים רבה","","אחרונים","","",""
"חידושי הרד״ל על ויקרא רבה","","אחרונים","","",""
"חידושי הרד״ל על קהלת רבה","","אחרונים","","",""
"חידושי הרד״ל על רות רבה","","אחרונים","","",""
"חידושי הרד״ל על שיר השירים רבה","","אחרונים","","",""
"חידושי הרד״ל על שמות רבה","","אחרונים","","",""
"חידושי הרי""מ על בבא בתרא","","אחרונים","","",""
"חידושי הרי""מ על בבא מציעא","","אחרונים","","",""
"חידושי הרי""מ על בבא קמא","","אחרונים","","",""
"חידושי הרי""מ על גיטין","","אחרונים","","",""
"חידושי הרי""מ על התורה","","אחרונים","","",""
"חידושי הרי""מ על כתובות","","אחרונים","","",""
"חידושי הרי""מ על קידושין","","אחרונים","","",""
"חידושי הרי""מ על שבועות","","אחרונים","","",""
"חידושי הריטבא סוכה מכתב יד","","ראשונים","","",""
"חידושי הרימ על שולחן ערוך אבן העזר","","אחרונים","","",""
"חידושי הרימ על שולחן ערוך חושן משפט חלק א","","אחרונים","","",""
"חידושי הרימ על שולחן ערוך חושן משפט חלק ב","","אחרונים","","",""
"חידושי הרמב""ם על ראש השנה","משה בן מימון (רמב""ם)","ראשונים","ראשוני הראשונים","1138","1204"
"חידושי הרן (מיוחס לו) על שבת","","ראשונים","","",""
"חידושי הרן על בבא מציעא","","ראשונים","","",""
"חידושי הרן על מגילה","","ראשונים","","",""
"חידושי הרן על עבודה זרה","","ראשונים","","",""
"חידושי הרן על ראש השנה","","ראשונים","","",""
"חידושי הרן על שבת [מיוחס להריטבא]","","ראשונים","","",""
"חידושי ופירושי מהרי״ק","","ראשונים","","",""
"חידושי חתם סופר על בבא בתרא","משה סופר","אחרונים","","1500","1945"
"חידושי חתם סופר על בבא מציעא","משה סופר","אחרונים","","1500","1945"
"חידושי חתם סופר על בבא קמא","משה סופר","אחרונים","","1500","1945"
"חידושי חתם סופר על ביצה","משה סופר","אחרונים","","1500","1945"
"חידושי חתם סופר על גיטין","משה סופר","אחרונים","","1500","1945"
"חידושי חתם סופר על חולין","משה סופר","אחרונים","","1500","1945"
"חידושי חתם סופר על כתובות","משה סופר","אחרונים","","1500","1945"
"חידושי חתם סופר על מגילה","משה סופר","אחרונים","","1500","1945"
"חידושי חתם סופר על נדה","משה סופר","אחרונים","","1500","1945"
"חידושי חתם סופר על נדרים","משה סופר","אחרונים","","1500","1945"
"חידושי חתם סופר על סוכה","משה סופר","אחרונים","","1500","1945"
"חידושי חתם סופר על סנהדרין","משה סופר","אחרונים","","1500","1945"
"חידושי חתם סופר על עבודה זרה","משה סופר","אחרונים","","1500","1945"
"חידושי חתם סופר על פסחים","משה סופר","אחרונים","","1500","1945"
"חידושי חתם סופר על שבועות","משה סופר","אחרונים","","1500","1945"
"חידושי חתם סופר על שבת","משה סופר","אחרונים","","1500","1945"
"חידושי חתם סופר על תלמוד ירושלמי בבא בתרא","","אחרונים","","",""
"חידושי חתם סופר על תלמוד ירושלמי בבא מציעא","","אחרונים","","",""
"חידושי חתם סופר על תלמוד ירושלמי בבא קמא","","אחרונים","","",""
"חידושי חתם סופר על תלמוד ירושלמי ביצה","","אחרונים","","",""
"חידושי חתם סופר על תלמוד ירושלמי ברכות","","אחרונים","","",""
"חידושי חתם סופר על תלמוד ירושלמי דמאי","","אחרונים","","",""
"חידושי חתם סופר על תלמוד ירושלמי הוריות","","אחרונים","","",""
"חידושי חתם סופר על תלמוד ירושלמי חלה","","אחרונים","","",""
"חידושי חתם סופר על תלמוד ירושלמי יבמות","","אחרונים","","",""
"חידושי חתם סופר על תלמוד ירושלמי יומא","","אחרונים","","",""
"חידושי חתם סופר על תלמוד ירושלמי כלאים","","אחרונים","","",""
"חידושי חתם סופר על תלמוד ירושלמי כתובות","","אחרונים","","",""
"חידושי חתם סופר על תלמוד ירושלמי מגילה","","אחרונים","","",""
"חידושי חתם סופר על תלמוד ירושלמי מועד קטן","","אחרונים","","",""
"חידושי חתם סופר על תלמוד ירושלמי נדה","","אחרונים","","",""
"חידושי חתם סופר על תלמוד ירושלמי נדרים","","אחרונים","","",""
"חידושי חתם סופר על תלמוד ירושלמי נזיר","","אחרונים","","",""
"חידושי חתם סופר על תלמוד ירושלמי סוטה","","אחרונים","","",""
"חידושי חתם סופר על תלמוד ירושלמי סוכה","","אחרונים","","",""
"חידושי חתם סופר על תלמוד ירושלמי עבודה זרה","","אחרונים","","",""
"חידושי חתם סופר על תלמוד ירושלמי עירובין","","אחרונים","","",""
"חידושי חתם סופר על תלמוד ירושלמי ערלה","","אחרונים","","",""
"חידושי חתם סופר על תלמוד ירושלמי פאה","","אחרונים","","",""
"חידושי חתם סופר על תלמוד ירושלמי פסחים","","אחרונים","","",""
"חידושי חתם סופר על תלמוד ירושלמי קידושין","","אחרונים","","",""
"חידושי חתם סופר על תלמוד ירושלמי שבועות","","אחרונים","","",""
"חידושי חתם סופר על תלמוד ירושלמי שבת","","אחרונים","","",""
"חידושי חתם סופר על תלמוד ירושלמי שקלים","","אחרונים","","",""
"חידושי חתם סופר על תלמוד ירושלמי תענית","","אחרונים","","",""
"חידושי חתם סופר על תלמוד ירושלמי תרומות","","אחרונים","","",""
"חידושי מהר""א גריידץ על תלמוד ירושלמי ביצה","","אחרונים","","",""
"חידושי מהר""א גריידץ על תלמוד ירושלמי בכורים","","אחרונים","","",""
"חידושי מהר""א גריידץ על תלמוד ירושלמי ברכות","","אחרונים","","",""
"חידושי מהר""א גריידץ על תלמוד ירושלמי חגיגה","","אחרונים","","",""
"חידושי מהר""א גריידץ על תלמוד ירושלמי יבמות","","אחרונים","","",""
"חידושי מהר""א גריידץ על תלמוד ירושלמי כלאים","","אחרונים","","",""
"חידושי מהר""א גריידץ על תלמוד ירושלמי מעשר שני","","אחרונים","","",""
"חידושי מהר""א גריידץ על תלמוד ירושלמי נדרים","","אחרונים","","",""
"חידושי מהר""א גריידץ על תלמוד ירושלמי סוטה","","אחרונים","","",""
"חידושי מהר""א גריידץ על תלמוד ירושלמי סנהדרין","","אחרונים","","",""
"חידושי מהר""א גריידץ על תלמוד ירושלמי ערלה","","אחרונים","","",""
"חידושי מהר""א גריידץ על תלמוד ירושלמי פסחים","","אחרונים","","",""
"חידושי מהר""א גריידץ על תלמוד ירושלמי שבת","","אחרונים","","",""
"חידושי מהר""א גריידץ על תלמוד ירושלמי שקלים","","אחרונים","","",""
"חידושי מהראך","","אחרונים","","",""
"חידושי מהראך חלק א","","אחרונים","","",""
"חידושי מהראך חלק ב","","אחרונים","","",""
"חידושי מהראל על השס","","אחרונים","","",""
"חידושי מהראל על שחיטה וטריפות","","אחרונים","","",""
"חידושי מהריא על כתובות","","אחרונים","","",""
"חידושי מהריו וידקר","","אחרונים","","",""
"חידושי מים חיים על משנה תורה, הלכות דעות","חזקיה די סילוה","אחרונים","","1500","1945"
"חידושי מים חיים על משנה תורה, הלכות יסודי התורה","חזקיה די סילוה","אחרונים","","1500","1945"
"חידושי מים חיים על משנה תורה, הלכות עבודה זרה וחוקות הגויים","חזקיה די סילוה","אחרונים","","1500","1945"
"חידושי מים חיים על משנה תורה, הלכות תלמוד תורה","חזקיה די סילוה","אחרונים","","1500","1945"
"חידושי רבי אריה ליב מאלין","","אחרונים","","",""
"חידושי רבי זרחיה גוטה","זרחיה גוטה","אחרונים","ראשוני האחרונים","",""
"חידושי רבי יהודה הצרפתי על מסכת פסחים","רבי יהודה הצרפתי","אחרונים","","",""
"חידושי רבי עקיבא איגר על מסכת בבא בתרא","עקיבא איגר","אחרונים","","1500","1945"
"חידושי רבי עקיבא איגר על מסכת בבא מציעא","עקיבא איגר","אחרונים","","1500","1945"
"חידושי רבי עקיבא איגר על מסכת בבא קמא","עקיבא איגר","אחרונים","","1500","1945"
"חידושי רבי עקיבא איגר על מסכת ביצה","עקיבא איגר","אחרונים","","1500","1945"
"חידושי רבי עקיבא איגר על מסכת ברכות","עקיבא איגר","אחרונים","","1500","1945"
"חידושי רבי עקיבא איגר על מסכת גיטין","עקיבא איגר","אחרונים","","1500","1945"
"חידושי רבי עקיבא איגר על מסכת זבחים","עקיבא איגר","אחרונים","","1500","1945"
"חידושי רבי עקיבא איגר על מסכת חגיגה","עקיבא איגר","אחרונים","","1500","1945"
"חידושי רבי עקיבא איגר על מסכת חולין","עֲקִיבָא  אֵיגֶר","אחרונים","","1500","1945"
"חידושי רבי עקיבא איגר על מסכת יבמות","עֲקִיבָא  אֵיגֶר","אחרונים","","1500","1945"
"חידושי רבי עקיבא איגר על מסכת יומא","עֲקִיבָא  אֵיגֶר","אחרונים","","1500","1945"
"חידושי רבי עקיבא איגר על מסכת כתובות","עֲקִיבָא  אֵיגֶר","אחרונים","","1500","1945"
"חידושי רבי עקיבא איגר על מסכת מגילה","עֲקִיבָא  אֵיגֶר","אחרונים","","1500","1945"
"חידושי רבי עקיבא איגר על מסכת מועד קטן","עֲקִיבָא  אֵיגֶר","אחרונים","","1500","1945"
"חידושי רבי עקיבא איגר על מסכת מכות","עֲקִיבָא  אֵיגֶר","אחרונים","","1500","1945"
"חידושי רבי עקיבא איגר על מסכת נדרים","עֲקִיבָא  אֵיגֶר","אחרונים","","1500","1945"
"חידושי רבי עקיבא איגר על מסכת סוכה","עֲקִיבָא  אֵיגֶר","אחרונים","","1500","1945"
"חידושי רבי עקיבא איגר על מסכת עבודה זרה","עֲקִיבָא  אֵיגֶר","אחרונים","","1500","1945"
"חידושי רבי עקיבא איגר על מסכת עירובין","עֲקִיבָא  אֵיגֶר","אחרונים","","1500","1945"
"חידושי רבי עקיבא איגר על מסכת פסחים","עֲקִיבָא  אֵיגֶר","אחרונים","","1500","1945"
"חידושי רבי עקיבא איגר על מסכת קידושין","עֲקִיבָא  אֵיגֶר","אחרונים","","1500","1945"
"חידושי רבי עקיבא איגר על מסכת ראש השנה","עֲקִיבָא  אֵיגֶר","אחרונים","","1500","1945"
"חידושי רבי עקיבא איגר על מסכת שבועות","עֲקִיבָא  אֵיגֶר","אחרונים","","1500","1945"
"חידושי רבי עקיבא איגר על מסכת שבת","עֲקִיבָא  אֵיגֶר","אחרונים","","1500","1945"
"חידושי רבי עקיבא איגר על מסכת תמורה","עֲקִיבָא  אֵיגֶר","אחרונים","","1500","1945"
"חידושי רבי עקיבא איגר על מסכת תענית","עֲקִיבָא  אֵיגֶר","אחרונים","","1500","1945"
"חידושי רבי עקיבא איגר על משנה תורה, הלכות ברכות","עֲקִיבָא  אֵיגֶר","אחרונים","","1500","1945"
"חידושי רבי עקיבא איגר על משנה תורה, הלכות דעות","עֲקִיבָא  אֵיגֶר","אחרונים","","1500","1945"
"חידושי רבי עקיבא איגר על משנה תורה, הלכות חמץ ומצה","עֲקִיבָא  אֵיגֶר","אחרונים","","1500","1945"
"חידושי רבי עקיבא איגר על משנה תורה, הלכות יסודי התורה","עֲקִיבָא  אֵיגֶר","אחרונים","","1500","1945"
"חידושי רבי עקיבא איגר על משנה תורה, הלכות מילה","עֲקִיבָא  אֵיגֶר","אחרונים","","1500","1945"
"חידושי רבי עקיבא איגר על משנה תורה, הלכות עבודה זרה וחוקות הגויים","עֲקִיבָא  אֵיגֶר","אחרונים","","1500","1945"
"חידושי רבי עקיבא איגר על משנה תורה, הלכות ציצית","עֲקִיבָא  אֵיגֶר","אחרונים","","1500","1945"
"חידושי רבי עקיבא איגר על משנה תורה, הלכות קרבן פסח","עֲקִיבָא  אֵיגֶר","אחרונים","","1500","1945"
"חידושי רבי עקיבא איגר על משנה תורה, הלכות קריאת שמע","עֲקִיבָא  אֵיגֶר","אחרונים","","1500","1945"
"חידושי רבי עקיבא איגר על משנה תורה, הלכות שבת","עֲקִיבָא  אֵיגֶר","אחרונים","","1500","1945"
"חידושי רבי עקיבא איגר על משנה תורה, הלכות תלמוד תורה","עֲקִיבָא  אֵיגֶר","אחרונים","","1500","1945"
"חידושי רבי עקיבא איגר על משנה תורה, הלכות תפילה וברכת כהנים","עֲקִיבָא  אֵיגֶר","אחרונים","","1500","1945"
"חידושי רבי עקיבא איגר על משנה תורה, הלכות תפילין ומזוזה וספר תורה","עֲקִיבָא  אֵיגֶר","אחרונים","","1500","1945"
"חידושי רבי עקיבא איגר על משנה תורה, הלכות תשובה","עֲקִיבָא  אֵיגֶר","אחרונים","","1500","1945"
"חידושי רבי רפאל חיים בן עטר","רבי רפאל חיים בן עטר","אחרונים","","",""
"חידושי רבי שמעון על בבא בתרא","","אחרונים","","",""
"חידושי רבי שמעון על בבא מציעא","","אחרונים","","",""
"חידושי רבי שמעון על בבא קמא","","אחרונים","","",""
"חידושי רבי שמעון על גיטין","","אחרונים","","",""
"חידושי רבי שמעון על נדרים","","אחרונים","","",""
"חידושי רבי שמעון על קידושין","","אחרונים","","",""
"חידושי רידב""ז על תלמוד ירושלמי בבא בתרא","","אחרונים","","",""
"חידושי רידב""ז על תלמוד ירושלמי בבא מציעא","","אחרונים","","",""
"חידושי רידב""ז על תלמוד ירושלמי בבא קמא","","אחרונים","","",""
"חידושי רידב""ז על תלמוד ירושלמי ביצה","","אחרונים","","",""
"חידושי רידב""ז על תלמוד ירושלמי בכורים","","אחרונים","","",""
"חידושי רידב""ז על תלמוד ירושלמי ברכות","","אחרונים","","",""
"חידושי רידב""ז על תלמוד ירושלמי גיטין","","אחרונים","","",""
"חידושי רידב""ז על תלמוד ירושלמי דמאי","","אחרונים","","",""
"חידושי רידב""ז על תלמוד ירושלמי הוריות","","אחרונים","","",""
"חידושי רידב""ז על תלמוד ירושלמי חגיגה","","אחרונים","","",""
"חידושי רידב""ז על תלמוד ירושלמי חלה","","אחרונים","","",""
"חידושי רידב""ז על תלמוד ירושלמי יבמות","","אחרונים","","",""
"חידושי רידב""ז על תלמוד ירושלמי יומא","","אחרונים","","",""
"חידושי רידב""ז על תלמוד ירושלמי כלאים","","אחרונים","","",""
"חידושי רידב""ז על תלמוד ירושלמי כתובות","","אחרונים","","",""
"חידושי רידב""ז על תלמוד ירושלמי מגילה","","אחרונים","","",""
"חידושי רידב""ז על תלמוד ירושלמי מועד קטן","","אחרונים","","",""
"חידושי רידב""ז על תלמוד ירושלמי מכות","","אחרונים","","",""
"חידושי רידב""ז על תלמוד ירושלמי מעשר שני","","אחרונים","","",""
"חידושי רידב""ז על תלמוד ירושלמי מעשרות","","אחרונים","","",""
"חידושי רידב""ז על תלמוד ירושלמי נדה","","אחרונים","","",""
"חידושי רידב""ז על תלמוד ירושלמי נדרים","","אחרונים","","",""
"חידושי רידב""ז על תלמוד ירושלמי נזיר","","אחרונים","","",""
"חידושי רידב""ז על תלמוד ירושלמי סוטה","","אחרונים","","",""
"חידושי רידב""ז על תלמוד ירושלמי סוכה","","אחרונים","","",""
"חידושי רידב""ז על תלמוד ירושלמי סנהדרין","","אחרונים","","",""
"חידושי רידב""ז על תלמוד ירושלמי עבודה זרה","","אחרונים","","",""
"חידושי רידב""ז על תלמוד ירושלמי ערלה","","אחרונים","","",""
"חידושי רידב""ז על תלמוד ירושלמי פאה","","אחרונים","","",""
"חידושי רידב""ז על תלמוד ירושלמי פסחים","","אחרונים","","",""
"חידושי רידב""ז על תלמוד ירושלמי קידושין","","אחרונים","","",""
"חידושי רידב""ז על תלמוד ירושלמי ראש השנה","","אחרונים","","",""
"חידושי רידב""ז על תלמוד ירושלמי שבועות","","אחרונים","","",""
"חידושי רידב""ז על תלמוד ירושלמי שביעית","","אחרונים","","",""
"חידושי רידב""ז על תלמוד ירושלמי שבת","","אחרונים","","",""
"חידושי רידב""ז על תלמוד ירושלמי שקלים","","אחרונים","","",""
"חידושי רידב""ז על תלמוד ירושלמי תרומות","","אחרונים","","",""
"חידושי רמב""ן על בבא בתרא","רמב״ן","ראשונים","","1038","1492"
"חידושי רמב""ן על בבא מציעא","רמב״ן","ראשונים","","1038","1492"
"חידושי רמב""ן על ביצה","רמב״ן","ראשונים","","1038","1492"
"חידושי רמב""ן על ברכות","רמב״ן","ראשונים","","1038","1492"
"חידושי רמב""ן על גיטין","רמב״ן","ראשונים","","1038","1492"
"חידושי רמב""ן על חגיגה","רמב״ן","ראשונים","","1038","1492"
"חידושי רמב""ן על חולין","רמב״ן","ראשונים","","1038","1492"
"חידושי רמב""ן על יבמות","רמב״ן","ראשונים","","1038","1492"
"חידושי רמב""ן על יומא","רמב״ן","ראשונים","","1038","1492"
"חידושי רמב""ן על מגילה","רמב״ן","ראשונים","","1038","1492"
"חידושי רמב""ן על מועד קטן","רמב״ן","ראשונים","","1038","1492"
"חידושי רמב""ן על מכות","רמב״ן","ראשונים","","1038","1492"
"חידושי רמב""ן על נדה","רמב״ן","ראשונים","","1038","1492"
"חידושי רמב""ן על נזיר","רמב״ן","ראשונים","","1038","1492"
"חידושי רמב""ן על סוטה","רמב״ן","ראשונים","","1038","1492"
"חידושי רמב""ן על סוכה","רמב״ן","ראשונים","","1038","1492"
"חידושי רמב""ן על סנהדרין","רמב״ן","ראשונים","","1038","1492"
"חידושי רמב""ן על עבודה זרה","רמב״ן","ראשונים","","1038","1492"
"חידושי רמב""ן על עירובין","רמב״ן","ראשונים","","1038","1492"
"חידושי רמב""ן על פסחים","רמב״ן","ראשונים","","1038","1492"
"חידושי רמב""ן על קידושין","רמב״ן","ראשונים","","1038","1492"
"חידושי רמב""ן על ראש השנה","רמב״ן","ראשונים","","1038","1492"
"חידושי רמב""ן על שבועות","רמב״ן","ראשונים","","1038","1492"
"חידושי רמב""ן על שבת","רמב״ן","ראשונים","","1038","1492"
"חידושי רמב""ן על תענית","רמב״ן","ראשונים","","1038","1492"
"חידושי רמב״ן על כתובות","רמב״ן","ראשונים","","1038","1492"
"חידושים והגהות הגרי""ב על משנה תורה, הלכות דעות","ישעיה פיק ברלין","אחרונים","","1500","1945"
"חידושים והגהות הגרי""ב על משנה תורה, הלכות קידוש החודש","ישעיה פיק ברלין","אחרונים","","1500","1945"
"חידושים והגהות הגרי""ב על משנה תורה, הלכות שביתת יום טוב","ישעיה פיק ברלין","אחרונים","","1500","1945"
"חידושים והגהות הגרי""ב על משנה תורה, הלכות שבת","ישעיה פיק ברלין","אחרונים","","1500","1945"
"חידושים והגהות הגרי""ב על משנה תורה, הלכות שופר וסוכה ולולב","ישעיה פיק ברלין","אחרונים","","1500","1945"
"חידושים והגהות הגרי""ב על משנה תורה, הלכות תלמוד תורה","ישעיה פיק ברלין","אחרונים","","1500","1945"
"חידושים והגהות הגרי""ב על משנה תורה, הלכות תפילה וברכת כהנים","ישעיה פיק ברלין","אחרונים","","1500","1945"
"חידושים והגהות הגרי""ב על משנה תורה, הלכות תשובה","ישעיה פיק ברלין","אחרונים","","1500","1945"
"חידושים והגהות הגרי""ב על משנה תורה, מסירת תורה שבעל פה","ישעיה פיק ברלין","אחרונים","","1500","1945"
"חידושים ומקורים מבעל מנחת חינוך על משנה תורה, הלכות אבל","יוסף בן משה באב""ד","אחרונים","","1500","1945"
"חידושים ומקורים מבעל מנחת חינוך על משנה תורה, הלכות איסורי ביאה","יוסף בן משה באב""ד","אחרונים","","1500","1945"
"חידושים ומקורים מבעל מנחת חינוך על משנה תורה, הלכות איסורי המזבח","יוסף בן משה באב""ד","אחרונים","","1500","1945"
"חידושים ומקורים מבעל מנחת חינוך על משנה תורה, הלכות אישות","יוסף בן משה באב""ד","אחרונים","","1500","1945"
"חידושים ומקורים מבעל מנחת חינוך על משנה תורה, הלכות ביאת מקדש","יוסף בן משה באב""ד","אחרונים","","1500","1945"
"חידושים ומקורים מבעל מנחת חינוך על משנה תורה, הלכות ביכורים ושאר מתנות כהונה שבגבולין","יוסף בן משה באב""ד","אחרונים","","1500","1945"
"חידושים ומקורים מבעל מנחת חינוך על משנה תורה, הלכות בית הבחירה","יוסף בן משה באב""ד","אחרונים","","1500","1945"
"חידושים ומקורים מבעל מנחת חינוך על משנה תורה, הלכות בכורות","יוסף בן משה באב""ד","אחרונים","","1500","1945"
"חידושים ומקורים מבעל מנחת חינוך על משנה תורה, הלכות דעות","יוסף בן משה באב""ד","אחרונים","","1500","1945"
"חידושים ומקורים מבעל מנחת חינוך על משנה תורה, הלכות חגיגה","יוסף בן משה באב""ד","אחרונים","","1500","1945"
"חידושים ומקורים מבעל מנחת חינוך על משנה תורה, הלכות חמץ ומצה","יוסף בן משה באב""ד","אחרונים","","1500","1945"
"חידושים ומקורים מבעל מנחת חינוך על משנה תורה, הלכות טומאת צרעת","יוסף בן משה באב""ד","אחרונים","","1500","1945"
"חידושים ומקורים מבעל מנחת חינוך על משנה תורה, הלכות כלאים","יוסף בן משה באב""ד","אחרונים","","1500","1945"
"חידושים ומקורים מבעל מנחת חינוך על משנה תורה, הלכות כלי המקדש והעובדין בו","יוסף בן משה באב""ד","אחרונים","","1500","1945"
"חידושים ומקורים מבעל מנחת חינוך על משנה תורה, הלכות מאכלות אסורות","יוסף בן משה באב""ד","אחרונים","","1500","1945"
"חידושים ומקורים מבעל מנחת חינוך על משנה תורה, הלכות מגילה וחנוכה","יוסף בן משה באב""ד","אחרונים","","1500","1945"
"חידושים ומקורים מבעל מנחת חינוך על משנה תורה, הלכות מחוסרי כפרה","יוסף בן משה באב""ד","אחרונים","","1500","1945"
"חידושים ומקורים מבעל מנחת חינוך על משנה תורה, הלכות מטמאי משכב ומושב","יוסף בן משה באב""ד","אחרונים","","1500","1945"
"חידושים ומקורים מבעל מנחת חינוך על משנה תורה, הלכות מכירה","יוסף בן משה באב""ד","אחרונים","","1500","1945"
"חידושים ומקורים מבעל מנחת חינוך על משנה תורה, הלכות מלכים ומלחמות","יוסף בן משה באב""ד","אחרונים","","1500","1945"
"חידושים ומקורים מבעל מנחת חינוך על משנה תורה, הלכות מעילה","יוסף בן משה באב""ד","אחרונים","","1500","1945"
"חידושים ומקורים מבעל מנחת חינוך על משנה תורה, הלכות מעשה הקרבנות","יוסף בן משה באב""ד","אחרונים","","1500","1945"
"חידושים ומקורים מבעל מנחת חינוך על משנה תורה, הלכות מעשר שני ונטע רבעי","יוסף בן משה באב""ד","אחרונים","","1500","1945"
"חידושים ומקורים מבעל מנחת חינוך על משנה תורה, הלכות מתנות עניים","יוסף בן משה באב""ד","אחרונים","","1500","1945"
"חידושים ומקורים מבעל מנחת חינוך על משנה תורה, הלכות נדרים","יוסף בן משה באב""ד","אחרונים","","1500","1945"
"חידושים ומקורים מבעל מנחת חינוך על משנה תורה, הלכות נזירות","יוסף בן משה באב""ד","אחרונים","","1500","1945"
"חידושים ומקורים מבעל מנחת חינוך על משנה תורה, הלכות נזקי ממון","יוסף בן משה באב""ד","אחרונים","","1500","1945"
"חידושים ומקורים מבעל מנחת חינוך על משנה תורה, הלכות נערה בתולה","יוסף בן משה באב""ד","אחרונים","","1500","1945"
"חידושים ומקורים מבעל מנחת חינוך על משנה תורה, הלכות סוטה","יוסף בן משה באב""ד","אחרונים","","1500","1945"
"חידושים ומקורים מבעל מנחת חינוך על משנה תורה, הלכות סנהדרין והעונשין המסורין להם","יוסף בן משה באב""ד","אחרונים","","1500","1945"
"חידושים ומקורים מבעל מנחת חינוך על משנה תורה, הלכות עבדים","יוסף בן משה באב""ד","אחרונים","","1500","1945"
"חידושים ומקורים מבעל מנחת חינוך על משנה תורה, הלכות עבודה זרה וחוקות הגויים","יוסף בן משה באב""ד","אחרונים","","1500","1945"
"חידושים ומקורים מבעל מנחת חינוך על משנה תורה, הלכות עבודת יום הכפורים","יוסף בן משה באב""ד","אחרונים","","1500","1945"
"חידושים ומקורים מבעל מנחת חינוך על משנה תורה, הלכות עדות","יוסף בן משה באב""ד","אחרונים","","1500","1945"
"חידושים ומקורים מבעל מנחת חינוך על משנה תורה, הלכות ערכים וחרמין","יוסף בן משה באב""ד","אחרונים","","1500","1945"
"חידושים ומקורים מבעל מנחת חינוך על משנה תורה, הלכות פסולי המוקדשין","יוסף בן משה באב""ד","אחרונים","","1500","1945"
"חידושים ומקורים מבעל מנחת חינוך על משנה תורה, הלכות פרה אדומה","יוסף בן משה באב""ד","אחרונים","","1500","1945"
"חידושים ומקורים מבעל מנחת חינוך על משנה תורה, הלכות ציצית","יוסף בן משה באב""ד","אחרונים","","1500","1945"
"חידושים ומקורים מבעל מנחת חינוך על משנה תורה, הלכות קידוש החודש","יוסף בן משה באב""ד","אחרונים","","1500","1945"
"חידושים ומקורים מבעל מנחת חינוך על משנה תורה, הלכות קרבן פסח","יוסף בן משה באב""ד","אחרונים","","1500","1945"
"חידושים ומקורים מבעל מנחת חינוך על משנה תורה, הלכות קריאת שמע","יוסף בן משה באב""ד","אחרונים","","1500","1945"
"חידושים ומקורים מבעל מנחת חינוך על משנה תורה, הלכות רוצח ושמירת נפש","יוסף בן משה באב""ד","אחרונים","","1500","1945"
"חידושים ומקורים מבעל מנחת חינוך על משנה תורה, הלכות שאר אבות הטומאות","יוסף בן משה באב""ד","אחרונים","","1500","1945"
"חידושים ומקורים מבעל מנחת חינוך על משנה תורה, הלכות שבועות","יוסף בן משה באב""ד","אחרונים","","1500","1945"
"חידושים ומקורים מבעל מנחת חינוך על משנה תורה, הלכות שבת","יוסף בן משה באב""ד","אחרונים","","1500","1945"
"חידושים ומקורים מבעל מנחת חינוך על משנה תורה, הלכות שופר וסוכה ולולב","יוסף בן משה באב""ד","אחרונים","","1500","1945"
"חידושים ומקורים מבעל מנחת חינוך על משנה תורה, הלכות שחיטה","יוסף בן משה באב""ד","אחרונים","","1500","1945"
"חידושים ומקורים מבעל מנחת חינוך על משנה תורה, הלכות שמיטה ויובל","יוסף בן משה באב""ד","אחרונים","","1500","1945"
"חידושים ומקורים מבעל מנחת חינוך על משנה תורה, הלכות שקלים","יוסף בן משה באב""ד","אחרונים","","1500","1945"
"חידושים ומקורים מבעל מנחת חינוך על משנה תורה, הלכות תלמוד תורה","יוסף בן משה באב""ד","אחרונים","","1500","1945"
"חידושים ומקורים מבעל מנחת חינוך על משנה תורה, הלכות תמורה","יוסף בן משה באב""ד","אחרונים","","1500","1945"
"חידושים ומקורים מבעל מנחת חינוך על משנה תורה, הלכות תמידים ומוספין","יוסף בן משה באב""ד","אחרונים","","1500","1945"
"חידושים ומקורים מבעל מנחת חינוך על משנה תורה, הלכות תעניות","יוסף בן משה באב""ד","אחרונים","","1500","1945"
"חידושים ומקורים מבעל מנחת חינוך על משנה תורה, הלכות תפילה וברכת כהנים","יוסף בן משה באב""ד","אחרונים","","1500","1945"
"חידושים ומקורים מבעל מנחת חינוך על משנה תורה, הלכות תפילין ומזוזה וספר תורה","יוסף בן משה באב""ד","אחרונים","","1500","1945"
"חידושים ומקורים מבעל מנחת חינוך על משנה תורה, הלכות תרומות","יוסף בן משה באב""ד","אחרונים","","1500","1945"
"חידושים ומקורים מהר""ץ חיות על משנה תורה, הלכות אבל","צבי הירש חיות","אחרונים","","1500","1945"
"חידושים ומקורים מהר""ץ חיות על משנה תורה, הלכות איסורי ביאה","צבי הירש חיות","אחרונים","","1500","1945"
"חידושים ומקורים מהר""ץ חיות על משנה תורה, הלכות אישות","צבי הירש חיות","אחרונים","","1500","1945"
"חידושים ומקורים מהר""ץ חיות על משנה תורה, הלכות ביאת מקדש","צבי הירש חיות","אחרונים","","1500","1945"
"חידושים ומקורים מהר""ץ חיות על משנה תורה, הלכות דעות","צבי הירש חיות","אחרונים","","1500","1945"
"חידושים ומקורים מהר""ץ חיות על משנה תורה, הלכות חמץ ומצה","צבי הירש חיות","אחרונים","","1500","1945"
"חידושים ומקורים מהר""ץ חיות על משנה תורה, הלכות יסודי התורה","צבי הירש חיות","אחרונים","","1500","1945"
"חידושים ומקורים מהר""ץ חיות על משנה תורה, הלכות מלכים ומלחמות","צבי הירש חיות","אחרונים","","1500","1945"
"חידושים ומקורים מהר""ץ חיות על משנה תורה, הלכות ממרים","צבי הירש חיות","אחרונים","","1500","1945"
"חידושים ומקורים מהר""ץ חיות על משנה תורה, הלכות נזקי ממון","צבי הירש חיות","אחרונים","","1500","1945"
"חידושים ומקורים מהר""ץ חיות על משנה תורה, הלכות סוטה","צבי הירש חיות","אחרונים","","1500","1945"
"חידושים ומקורים מהר""ץ חיות על משנה תורה, הלכות סנהדרין והעונשין המסורין להם","צבי הירש חיות","אחרונים","","1500","1945"
"חידושים ומקורים מהר""ץ חיות על משנה תורה, הלכות עבודה זרה וחוקות הגויים","צבי הירש חיות","אחרונים","","1500","1945"
"חידושים ומקורים מהר""ץ חיות על משנה תורה, הלכות עבודת יום הכפורים","צבי הירש חיות","אחרונים","","1500","1945"
"חידושים ומקורים מהר""ץ חיות על משנה תורה, הלכות קידוש החודש","צבי הירש חיות","אחרונים","","1500","1945"
"חידושים ומקורים מהר""ץ חיות על משנה תורה, הלכות רוצח ושמירת נפש","צבי הירש חיות","אחרונים","","1500","1945"
"חידושים ומקורים מהר""ץ חיות על משנה תורה, הלכות שבת","צבי הירש חיות","אחרונים","","1500","1945"
"חידושים ומקורים מהר""ץ חיות על משנה תורה, הלכות שופר וסוכה ולולב","צבי הירש חיות","אחרונים","","1500","1945"
"חידושים ומקורים מהר""ץ חיות על משנה תורה, הלכות תלמוד תורה","צבי הירש חיות","אחרונים","","1500","1945"
"חידושים ומקורים מהר""ץ חיות על משנה תורה, הלכות תפילה וברכת כהנים","צבי הירש חיות","אחרונים","","1500","1945"
"חידושים ומקורים מהר""ץ חיות על משנה תורה, הלכות תפילין ומזוזה וספר תורה","צבי הירש חיות","אחרונים","","1500","1945"
"חידושים ומקורים מהר""ץ חיות על משנה תורה, הלכות תשובה","צבי הירש חיות","אחרונים","","1500","1945"
"חידושים ומקורים מהרב זלמן מווילנא על משנה תורה, הלכות גירושין","","אחרונים","","",""
"חידושים ומקורים מהרב זלמן מווילנא על משנה תורה, הלכות עבודה זרה וחוקות הגויים","","אחרונים","","",""
"חידושים ומקורים מהרב זלמן מווילנא על משנה תורה, הלכות שביתת יום טוב","","אחרונים","","",""
"חידושים ומקורים מהרב זלמן מווילנא על משנה תורה, הלכות תשובה","","אחרונים","","",""
"חידושים מהגאון בעל מחנה אפרים על משנה תורה, הלכות אבל","אפרים נבון","אחרונים","","1500","1945"
"חידושים מהגאון בעל מחנה אפרים על משנה תורה, הלכות איסורי ביאה","אפרים נבון","אחרונים","","1500","1945"
"חידושים מהגאון בעל מחנה אפרים על משנה תורה, הלכות אישות","אפרים נבון","אחרונים","","1500","1945"
"חידושים מהגאון בעל מחנה אפרים על משנה תורה, הלכות ביכורים ושאר מתנות כהונה שבגבולין","אפרים נבון","אחרונים","","1500","1945"
"חידושים מהגאון בעל מחנה אפרים על משנה תורה, הלכות בכורות","אפרים נבון","אחרונים","","1500","1945"
"חידושים מהגאון בעל מחנה אפרים על משנה תורה, הלכות גירושין","אפרים נבון","אחרונים","","1500","1945"
"חידושים מהגאון בעל מחנה אפרים על משנה תורה, הלכות חגיגה","אפרים נבון","אחרונים","","1500","1945"
"חידושים מהגאון בעל מחנה אפרים על משנה תורה, הלכות חמץ ומצה","אפרים נבון","אחרונים","","1500","1945"
"חידושים מהגאון בעל מחנה אפרים על משנה תורה, הלכות טומאת מת","אפרים נבון","אחרונים","","1500","1945"
"חידושים מהגאון בעל מחנה אפרים על משנה תורה, הלכות טוען ונטען","אפרים נבון","אחרונים","","1500","1945"
"חידושים מהגאון בעל מחנה אפרים על משנה תורה, הלכות יבום וחליצה","אפרים נבון","אחרונים","","1500","1945"
"חידושים מהגאון בעל מחנה אפרים על משנה תורה, הלכות כלאים","אפרים נבון","אחרונים","","1500","1945"
"חידושים מהגאון בעל מחנה אפרים על משנה תורה, הלכות מאכלות אסורות","אפרים נבון","אחרונים","","1500","1945"
"חידושים מהגאון בעל מחנה אפרים על משנה תורה, הלכות מלווה ולווה","אפרים נבון","אחרונים","","1500","1945"
"חידושים מהגאון בעל מחנה אפרים על משנה תורה, הלכות ממרים","אפרים נבון","אחרונים","","1500","1945"
"חידושים מהגאון בעל מחנה אפרים על משנה תורה, הלכות מעילה","אפרים נבון","אחרונים","","1500","1945"
"חידושים מהגאון בעל מחנה אפרים על משנה תורה, הלכות מעשר שני ונטע רבעי","אפרים נבון","אחרונים","","1500","1945"
"חידושים מהגאון בעל מחנה אפרים על משנה תורה, הלכות מעשרות","אפרים נבון","אחרונים","","1500","1945"
"חידושים מהגאון בעל מחנה אפרים על משנה תורה, הלכות נדרים","אפרים נבון","אחרונים","","1500","1945"
"חידושים מהגאון בעל מחנה אפרים על משנה תורה, הלכות נזירות","אפרים נבון","אחרונים","","1500","1945"
"חידושים מהגאון בעל מחנה אפרים על משנה תורה, הלכות נחלות","אפרים נבון","אחרונים","","1500","1945"
"חידושים מהגאון בעל מחנה אפרים על משנה תורה, הלכות נערה בתולה","אפרים נבון","אחרונים","","1500","1945"
"חידושים מהגאון בעל מחנה אפרים על משנה תורה, הלכות סוטה","אפרים נבון","אחרונים","","1500","1945"
"חידושים מהגאון בעל מחנה אפרים על משנה תורה, הלכות סנהדרין והעונשין המסורין להם","אפרים נבון","אחרונים","","1500","1945"
"חידושים מהגאון בעל מחנה אפרים על משנה תורה, הלכות עבדים","אפרים נבון","אחרונים","","1500","1945"
"חידושים מהגאון בעל מחנה אפרים על משנה תורה, הלכות עדות","אפרים נבון","אחרונים","","1500","1945"
"חידושים מהגאון בעל מחנה אפרים על משנה תורה, הלכות ערכים וחרמין","אפרים נבון","אחרונים","","1500","1945"
"חידושים מהגאון בעל מחנה אפרים על משנה תורה, הלכות פסולי המוקדשין","אפרים נבון","אחרונים","","1500","1945"
"חידושים מהגאון בעל מחנה אפרים על משנה תורה, הלכות קרבן פסח","אפרים נבון","אחרונים","","1500","1945"
"חידושים מהגאון בעל מחנה אפרים על משנה תורה, הלכות שאלה ופיקדון","אפרים נבון","אחרונים","","1500","1945"
"חידושים מהגאון בעל מחנה אפרים על משנה תורה, הלכות שאר אבות הטומאות","אפרים נבון","אחרונים","","1500","1945"
"חידושים מהגאון בעל מחנה אפרים על משנה תורה, הלכות שבועות","אפרים נבון","אחרונים","","1500","1945"
"חידושים מהגאון בעל מחנה אפרים על משנה תורה, הלכות שביתת יום טוב","אפרים נבון","אחרונים","","1500","1945"
"חידושים מהגאון בעל מחנה אפרים על משנה תורה, הלכות שביתת עשור","אפרים נבון","אחרונים","","1500","1945"
"חידושים מהגאון בעל מחנה אפרים על משנה תורה, הלכות שבת","אפרים נבון","אחרונים","","1500","1945"
"חידושים מהגאון בעל מחנה אפרים על משנה תורה, הלכות שגגות","אפרים נבון","אחרונים","","1500","1945"
"חידושים מהגאון בעל מחנה אפרים על משנה תורה, הלכות שחיטה","אפרים נבון","אחרונים","","1500","1945"
"חידושים מהגאון בעל מחנה אפרים על משנה תורה, הלכות שכירות","אפרים נבון","אחרונים","","1500","1945"
"חידושים מהגאון בעל מחנה אפרים על משנה תורה, הלכות שמיטה ויובל","אפרים נבון","אחרונים","","1500","1945"
"חידושים מהגאון בעל מחנה אפרים על משנה תורה, הלכות תרומות","אפרים נבון","אחרונים","","1500","1945"
"חיי אדם","אברהם דנציג","אחרונים","","1500","1945"
"חיי יוסף","","חז""ל","","",""
"חיי מוהר""ן","נתן שטרנהרץ","אחרונים","","1500","1945"
"חיים וחסד","חיים חייקל מאמדור","אחרונים","","1500","1945"
"חיים ומלך","","אחרונים","","",""
"חיים עד העולם","","אחרונים","","",""
"חיים שאל חלק א","","אחרונים","","",""
"חיים שאל חלק ב","","אחרונים","","",""
"חיל המקדש","","אחרונים","","",""
"חכם צבי","צבי אשכנזי","אחרונים","","1500","1945"
"חכמת אדם","אברהם דנציג","אחרונים","","1500","1945"
"חכמת שלמה על בבא בתרא","מהרש""ל","אחרונים","","1500","1945"
"חכמת שלמה על בבא מציעא","מהרש""ל","אחרונים","","1500","1945"
"חכמת שלמה על בבא קמא","מהרש""ל","אחרונים","","1500","1945"
"חכמת שלמה על ביצה","מהרש""ל","אחרונים","","1500","1945"
"חכמת שלמה על ברכות","מהרש""ל","אחרונים","","1500","1945"
"חכמת שלמה על גיטין","מהרש""ל","אחרונים","","1500","1945"
"חכמת שלמה על חולין","מהרש""ל","אחרונים","","1500","1945"
"חכמת שלמה על יבמות","מהרש""ל","אחרונים","","1500","1945"
"חכמת שלמה על כתובות","מהרש""ל","אחרונים","","1500","1945"
"חכמת שלמה על מכות","מהרש""ל","אחרונים","","1500","1945"
"חכמת שלמה על נדה","מהרש""ל","אחרונים","","1500","1945"
"חכמת שלמה על סוטה","מהרש""ל","אחרונים","","1500","1945"
"חכמת שלמה על סוכה","מהרש""ל","אחרונים","","1500","1945"
"חכמת שלמה על סנהדרין","מהרש""ל","אחרונים","","1500","1945"
"חכמת שלמה על עירובין","מהרש""ל","אחרונים","","1500","1945"
"חכמת שלמה על פסחים","מהרש""ל","אחרונים","","1500","1945"
"חכמת שלמה על קידושין","מהרש""ל","אחרונים","","1500","1945"
"חכמת שלמה על שבועות","מהרש""ל","אחרונים","","1500","1945"
"חכמת שלמה על שבת","מהרש""ל","אחרונים","","1500","1945"
"חכמת שלמה על שולחן ערוך, אבן העזר","שלמה קלוגר","אחרונים","","1500","1945"
"חכמת שלמה על שולחן ערוך, אורח חיים","שלמה קלוגר","אחרונים","","1500","1945"
"חכמת שלמה על שולחן ערוך, חושן משפט","שלמה קלוגר","אחרונים","","1500","1945"
"חלום מרדכי ותפלתו ותפלת אסתר","","חז""ל","","",""
"חלק יעקב","","אחרונים","","",""
"חלקו של יוסף","","אחרונים","","",""
"חלקו של יוסף (שס)","","אחרונים","","",""
"חלקי אבנים","","אחרונים","","",""
"חלקת מחוקק","משה בן יצחק יהודה","אחרונים","","1500","1945"
"חלקת מחוקק על איוב","אלשיך","אחרונים","","1500","1945"
"חמדת ימים א","","אחרונים","","",""
"חמדת ימים ב","","אחרונים","","",""
"חמדת ימים ג","","אחרונים","","",""
"חמדת ישראל על משנה תורה, הלכות מלכים ומלחמות","מאיר דן רפאל פְּלוֹצְקִי","אחרונים","","1500","1945"
"חמדת שלמה העתק מדרשה לשבת שובה","","אחרונים","","",""
"חמדת שלמה על בבא מציעא","","אחרונים","","",""
"חמדת שלמה על ביצה","","אחרונים","","",""
"חמדת שלמה על גיטין","","אחרונים","","",""
"חמדת שלמה על זבחים","","אחרונים","","",""
"חמדת שלמה על יבמות","","אחרונים","","",""
"חמדת שלמה על יומא","","אחרונים","","",""
"חמדת שלמה על כתובות","","אחרונים","","",""
"חמדת שלמה על פסחים","","אחרונים","","",""
"חמדת שלמה על קידושין","","אחרונים","","",""
"חמדת שלמה על ראש השנה","","אחרונים","","",""
"חמדת שלמה על שבת","","אחרונים","","",""
"חמודי דניאל","","אחרונים","","",""
"חמש חנוכות","","אחרונים","","",""
"חנה אריאל","יצחק אייזיק אפשטיין","אחרונים","","1500","1945"
"חנה דוד על חלה","","אחרונים","","",""
"חנוכת התורה","העשיל מקראקא, אברהם יהושע העשל מקראקא","אחרונים","","1500","1945"
"חסד לאברהם","אברהם אזולאי","אחרונים","","1500","1945"
"חסד לאברהם (תאומים)","","אחרונים","","",""
"חסד לאלפים אורח חיים","","אחרונים","","",""
"חסדי יונתן","","אחרונים","","",""
"חפץ השם","","אחרונים","","",""
"חפץ חיים","רבי ישראל מאיר הכהן","אחרונים","","1500","1945"
"חפץ חיים על הרמבם","","אחרונים","","",""
"חפץ חיים על ספרא","רבי ישראל מאיר הכהן","אחרונים","","1500","1945"
"חפץ נחמד וגנת ורדים","רבי מכלוף אוחיון","אחרונים","","",""
"חצי יהונתן","","אחרונים","","",""
"חק יעקב על שולחן ערוך אורח חיים","יעקב ריישר","אחרונים","","1500","1945"
"חק לישראל - במדבר","","אחרונים","","",""
"חק לישראל - בראשית","","אחרונים","","",""
"חק לישראל - דברים","","אחרונים","","",""
"חק לישראל - ויקרא","","אחרונים","","",""
"חק לישראל - שמות","","אחרונים","","",""
"חק נתן","","אחרונים","","",""
"חק נתן על זבחים","","אחרונים","","",""
"חק נתן על מנחות","","אחרונים","","",""
"חק נתן על משנה מדות","","אחרונים","","",""
"חשק שלמה על משנה תורה, הלכות ביכורים ושאר מתנות כהונה שבגבולין","שלמה הכהן","אחרונים","","1500","1945"
"חשק שלמה על משנה תורה, הלכות כלאים","שלמה הכהן","אחרונים","","1500","1945"
"חשק שלמה על משנה תורה, הלכות מעשר שני ונטע רבעי","שלמה הכהן","אחרונים","","1500","1945"
"חשק שלמה על משנה תורה, הלכות מעשרות","שלמה הכהן","אחרונים","","1500","1945"
"חשק שלמה על משנה תורה, הלכות מתנות עניים","שלמה הכהן","אחרונים","","1500","1945"
"חשק שלמה על משנה תורה, הלכות נדרים","שלמה הכהן","אחרונים","","1500","1945"
"חשק שלמה על משנה תורה, הלכות נזירות","שלמה הכהן","אחרונים","","1500","1945"
"חשק שלמה על משנה תורה, הלכות ערכים וחרמין","שלמה הכהן","אחרונים","","1500","1945"
"חשק שלמה על משנה תורה, הלכות שבועות","שלמה הכהן","אחרונים","","1500","1945"
"חשק שלמה על משנה תורה, הלכות שמיטה ויובל","שלמה הכהן","אחרונים","","1500","1945"
"חשק שלמה על משנה תורה, הלכות תרומות","שלמה הכהן","אחרונים","","1500","1945"
"חתם סופר על התורה","משה סופר","אחרונים","","1500","1945"
"חתם סופר על שלחן ערוך אורח חיים","משה סופר","אחרונים","","1500","1945"
"חתם סופר על שלחן ערוך חושן משפט","","אחרונים","","",""
"טהרת ישראל","","אחרונים","","",""
"טוב הלבנון","ישראל בן משה הלוי זמושץ","אחרונים","","1500","1945"
"טוב טעם ודעת","","אחרונים","","",""
"טוב עין","","אחרונים","","",""
"טובת מראה","","אחרונים","","",""
"טופסי גיטין","עזרא צורף","אחרונים","","",""
"טור","יעקב בן אשר","ראשונים","","1038","1492"
"טורי אבן","","אחרונים","","",""
"טורי אבן רוקח","","אחרונים","","",""
"טורי זהב על שולחן ערוך אבן העזר","דוד הלוי סגל","אחרונים","","1500","1945"
"טורי זהב על שולחן ערוך אורח חיים","דוד הלוי סגל","אחרונים","","1500","1945"
"טורי זהב על שולחן ערוך חושן משפט","דוד הלוי סגל","אחרונים","","1500","1945"
"טורי זהב על שולחן ערוך יורה דעה","דוד הלוי סגל","אחרונים","","1500","1945"
"טיב גיטין (מודעי)","","אחרונים","","",""
"טיב קידושין","","אחרונים","","",""
"טעבעלה באנדי על הגדה של פסח","","אחרונים","","",""
"טעם ארבע תקופות (ילקוט מדרשים)","","חז""ל","","",""
"טעם המלך","","אחרונים","","",""
"טעם שבע נקודות של שבעה מלכים (ילקוט מדרשים)","","חז""ל","","",""
"טעמא דקרא","","מחברי זמננו","","",""
"טעמי המנהגים","אברהם יצחק שפרלינג","אחרונים","","1500","1945"
"יבמות","","חז""ל","","",""
"יבמות מהדורא בתרא","מהרש""א","אחרונים","","1500","1945"
"יגל יעקב","","אחרונים","","",""
"יד אברהם על שולחן ערוך יורה דעה","אברהם משכיל לאיתן","אחרונים","","1500","1945"
"יד איתן על משנה תורה, הלכות אבל","אברהם משכיל לאיתן","אחרונים","","1500","1945"
"יד איתן על משנה תורה, הלכות איסורי ביאה","אברהם משכיל לאיתן","אחרונים","","1500","1945"
"יד איתן על משנה תורה, הלכות איסורי המזבח","אברהם משכיל לאיתן","אחרונים","","1500","1945"
"יד איתן על משנה תורה, הלכות אישות","אברהם משכיל לאיתן","אחרונים","","1500","1945"
"יד איתן על משנה תורה, הלכות ביאת מקדש","אברהם משכיל לאיתן","אחרונים","","1500","1945"
"יד איתן על משנה תורה, הלכות ביכורים ושאר מתנות כהונה שבגבולין","אברהם משכיל לאיתן","אחרונים","","1500","1945"
"יד איתן על משנה תורה, הלכות בית הבחירה","אברהם משכיל לאיתן","אחרונים","","1500","1945"
"יד איתן על משנה תורה, הלכות בכורות","אברהם משכיל לאיתן","אחרונים","","1500","1945"
"יד איתן על משנה תורה, הלכות ברכות","אברהם משכיל לאיתן","אחרונים","","1500","1945"
"יד איתן על משנה תורה, הלכות גזילה ואבידה","אברהם משכיל לאיתן","אחרונים","","1500","1945"
"יד איתן על משנה תורה, הלכות גניבה","אברהם משכיל לאיתן","אחרונים","","1500","1945"
"יד איתן על משנה תורה, הלכות דעות","אברהם משכיל לאיתן","אחרונים","","1500","1945"
"יד איתן על משנה תורה, הלכות זכייה ומתנה","אברהם משכיל לאיתן","אחרונים","","1500","1945"
"יד איתן על משנה תורה, הלכות חגיגה","אברהם משכיל לאיתן","אחרונים","","1500","1945"
"יד איתן על משנה תורה, הלכות חובל ומזיק","אברהם משכיל לאיתן","אחרונים","","1500","1945"
"יד איתן על משנה תורה, הלכות חמץ ומצה","אברהם משכיל לאיתן","אחרונים","","1500","1945"
"יד איתן על משנה תורה, הלכות טומאת אוכלים","אברהם משכיל לאיתן","אחרונים","","1500","1945"
"יד איתן על משנה תורה, הלכות טומאת מת","אברהם משכיל לאיתן","אחרונים","","1500","1945"
"יד איתן על משנה תורה, הלכות טומאת צרעת","אברהם משכיל לאיתן","אחרונים","","1500","1945"
"יד איתן על משנה תורה, הלכות יסודי התורה","אברהם משכיל לאיתן","אחרונים","","1500","1945"
"יד איתן על משנה תורה, הלכות כלאים","אברהם משכיל לאיתן","אחרונים","","1500","1945"
"יד איתן על משנה תורה, הלכות כלי המקדש והעובדין בו","אברהם משכיל לאיתן","אחרונים","","1500","1945"
"יד איתן על משנה תורה, הלכות כלים","אברהם משכיל לאיתן","אחרונים","","1500","1945"
"יד איתן על משנה תורה, הלכות מאכלות אסורות","אברהם משכיל לאיתן","אחרונים","","1500","1945"
"יד איתן על משנה תורה, הלכות מטמאי משכב ומושב","אברהם משכיל לאיתן","אחרונים","","1500","1945"
"יד איתן על משנה תורה, הלכות מילה","אברהם משכיל לאיתן","אחרונים","","1500","1945"
"יד איתן על משנה תורה, הלכות מכירה","אברהם משכיל לאיתן","אחרונים","","1500","1945"
"יד איתן על משנה תורה, הלכות מלווה ולווה","אברהם משכיל לאיתן","אחרונים","","1500","1945"
"יד איתן על משנה תורה, הלכות מלכים ומלחמות","אברהם משכיל לאיתן","אחרונים","","1500","1945"
"יד איתן על משנה תורה, הלכות ממרים","אברהם משכיל לאיתן","אחרונים","","1500","1945"
"יד איתן על משנה תורה, הלכות מעילה","אברהם משכיל לאיתן","אחרונים","","1500","1945"
"יד איתן על משנה תורה, הלכות מעשה הקרבנות","אברהם משכיל לאיתן","אחרונים","","1500","1945"
"יד איתן על משנה תורה, הלכות מעשר שני ונטע רבעי","אברהם משכיל לאיתן","אחרונים","","1500","1945"
"יד איתן על משנה תורה, הלכות מעשרות","אברהם משכיל לאיתן","אחרונים","","1500","1945"
"יד איתן על משנה תורה, הלכות מקואות","אברהם משכיל לאיתן","אחרונים","","1500","1945"
"יד איתן על משנה תורה, הלכות מתנות עניים","אברהם משכיל לאיתן","אחרונים","","1500","1945"
"יד איתן על משנה תורה, הלכות נדרים","אברהם משכיל לאיתן","אחרונים","","1500","1945"
"יד איתן על משנה תורה, הלכות נזירות","אברהם משכיל לאיתן","אחרונים","","1500","1945"
"יד איתן על משנה תורה, הלכות נזקי ממון","אברהם משכיל לאיתן","אחרונים","","1500","1945"
"יד איתן על משנה תורה, הלכות סוטה","אברהם משכיל לאיתן","אחרונים","","1500","1945"
"יד איתן על משנה תורה, הלכות סנהדרין והעונשין המסורין להם","אברהם משכיל לאיתן","אחרונים","","1500","1945"
"יד איתן על משנה תורה, הלכות עבדים","אברהם משכיל לאיתן","אחרונים","","1500","1945"
"יד איתן על משנה תורה, הלכות עבודה זרה וחוקות הגויים","אברהם משכיל לאיתן","אחרונים","","1500","1945"
"יד איתן על משנה תורה, הלכות עבודת יום הכפורים","אברהם משכיל לאיתן","אחרונים","","1500","1945"
"יד איתן על משנה תורה, הלכות עדות","אברהם משכיל לאיתן","אחרונים","","1500","1945"
"יד איתן על משנה תורה, הלכות עירובין","אברהם משכיל לאיתן","אחרונים","","1500","1945"
"יד איתן על משנה תורה, הלכות ערכים וחרמין","אברהם משכיל לאיתן","אחרונים","","1500","1945"
"יד איתן על משנה תורה, הלכות פסולי המוקדשין","אברהם משכיל לאיתן","אחרונים","","1500","1945"
"יד איתן על משנה תורה, הלכות פרה אדומה","אברהם משכיל לאיתן","אחרונים","","1500","1945"
"יד איתן על משנה תורה, הלכות ציצית","אברהם משכיל לאיתן","אחרונים","","1500","1945"
"יד איתן על משנה תורה, הלכות קידוש החודש","אברהם משכיל לאיתן","אחרונים","","1500","1945"
"יד איתן על משנה תורה, הלכות קרבן פסח","אברהם משכיל לאיתן","אחרונים","","1500","1945"
"יד איתן על משנה תורה, הלכות רוצח ושמירת נפש","אברהם משכיל לאיתן","אחרונים","","1500","1945"
"יד איתן על משנה תורה, הלכות שאר אבות הטומאות","אברהם משכיל לאיתן","אחרונים","","1500","1945"
"יד איתן על משנה תורה, הלכות שבועות","אברהם משכיל לאיתן","אחרונים","","1500","1945"
"יד איתן על משנה תורה, הלכות שביתת יום טוב","אברהם משכיל לאיתן","אחרונים","","1500","1945"
"יד איתן על משנה תורה, הלכות שביתת עשור","אברהם משכיל לאיתן","אחרונים","","1500","1945"
"יד איתן על משנה תורה, הלכות שבת","אברהם משכיל לאיתן","אחרונים","","1500","1945"
"יד איתן על משנה תורה, הלכות שגגות","אברהם משכיל לאיתן","אחרונים","","1500","1945"
"יד איתן על משנה תורה, הלכות שופר וסוכה ולולב","אברהם משכיל לאיתן","אחרונים","","1500","1945"
"יד איתן על משנה תורה, הלכות שחיטה","אברהם משכיל לאיתן","אחרונים","","1500","1945"
"יד איתן על משנה תורה, הלכות שכירות","אברהם משכיל לאיתן","אחרונים","","1500","1945"
"יד איתן על משנה תורה, הלכות שמיטה ויובל","אברהם משכיל לאיתן","אחרונים","","1500","1945"
"יד איתן על משנה תורה, הלכות תלמוד תורה","אברהם משכיל לאיתן","אחרונים","","1500","1945"
"יד איתן על משנה תורה, הלכות תמורה","אברהם משכיל לאיתן","אחרונים","","1500","1945"
"יד איתן על משנה תורה, הלכות תמידים ומוספין","אברהם משכיל לאיתן","אחרונים","","1500","1945"
"יד איתן על משנה תורה, הלכות תעניות","אברהם משכיל לאיתן","אחרונים","","1500","1945"
"יד איתן על משנה תורה, הלכות תפילה וברכת כהנים","אברהם משכיל לאיתן","אחרונים","","1500","1945"
"יד איתן על משנה תורה, הלכות תפילין ומזוזה וספר תורה","אברהם משכיל לאיתן","אחרונים","","1500","1945"
"יד איתן על משנה תורה, הלכות תרומות","אברהם משכיל לאיתן","אחרונים","","1500","1945"
"יד איתן על משנה תורה, הלכות תשובה","אברהם משכיל לאיתן","אחרונים","","1500","1945"
"יד אליעזר חלק א","","אחרונים","","",""
"יד אליעזר חלק ב","","אחרונים","","",""
"יד אפרים על שלחן ערוך אורח חיים","אפרים זלמן מרגליות","אחרונים","","1500","1945"
"יד אפרים על שלחן ערוך יורה דעה","אפרים זלמן מרגליות","אחרונים","","1500","1945"
"יד דוד - רבי דוד אופנהיים","דוד אופנהיים","אחרונים","","",""
"יד דוד על ביצה","","אחרונים","","",""
"יד דוד על ברכות","","אחרונים","","",""
"יד דוד על חגיגה","","אחרונים","","",""
"יד דוד על יומא","","אחרונים","","",""
"יד דוד על מגילה","","אחרונים","","",""
"יד דוד על מועד קטן","","אחרונים","","",""
"יד דוד על משנה תורה, הלכות אבל","","אחרונים","","",""
"יד דוד על משנה תורה, הלכות איסורי ביאה","","אחרונים","","",""
"יד דוד על משנה תורה, הלכות אישות","","אחרונים","","",""
"יד דוד על משנה תורה, הלכות ביכורים ושאר מתנות כהונה שבגבולין","","אחרונים","","",""
"יד דוד על משנה תורה, הלכות ברכות","","אחרונים","","",""
"יד דוד על משנה תורה, הלכות גזילה ואבידה","","אחרונים","","",""
"יד דוד על משנה תורה, הלכות דעות","","אחרונים","","",""
"יד דוד על משנה תורה, הלכות חמץ ומצה","","אחרונים","","",""
"יד דוד על משנה תורה, הלכות טומאת אוכלים","","אחרונים","","",""
"יד דוד על משנה תורה, הלכות טומאת צרעת","","אחרונים","","",""
"יד דוד על משנה תורה, הלכות יבום וחליצה","","אחרונים","","",""
"יד דוד על משנה תורה, הלכות יסודי התורה","","אחרונים","","",""
"יד דוד על משנה תורה, הלכות כלאים","","אחרונים","","",""
"יד דוד על משנה תורה, הלכות כלים","","אחרונים","","",""
"יד דוד על משנה תורה, הלכות מטמאי משכב ומושב","","אחרונים","","",""
"יד דוד על משנה תורה, הלכות מעילה","","אחרונים","","",""
"יד דוד על משנה תורה, הלכות נדרים","","אחרונים","","",""
"יד דוד על משנה תורה, הלכות נערה בתולה","","אחרונים","","",""
"יד דוד על משנה תורה, הלכות סוטה","","אחרונים","","",""
"יד דוד על משנה תורה, הלכות סנהדרין והעונשין המסורין להם","","אחרונים","","",""
"יד דוד על משנה תורה, הלכות עבודה זרה וחוקות הגויים","","אחרונים","","",""
"יד דוד על משנה תורה, הלכות עדות","","אחרונים","","",""
"יד דוד על משנה תורה, הלכות עירובין","","אחרונים","","",""
"יד דוד על משנה תורה, הלכות ציצית","","אחרונים","","",""
"יד דוד על משנה תורה, הלכות קידוש החודש","","אחרונים","","",""
"יד דוד על משנה תורה, הלכות קרבן פסח","","אחרונים","","",""
"יד דוד על משנה תורה, הלכות קריאת שמע","","אחרונים","","",""
"יד דוד על משנה תורה, הלכות רוצח ושמירת נפש","","אחרונים","","",""
"יד דוד על משנה תורה, הלכות שאר אבות הטומאות","","אחרונים","","",""
"יד דוד על משנה תורה, הלכות שבת","","אחרונים","","",""
"יד דוד על משנה תורה, הלכות שגגות","","אחרונים","","",""
"יד דוד על משנה תורה, הלכות שחיטה","","אחרונים","","",""
"יד דוד על משנה תורה, הלכות תלמוד תורה","","אחרונים","","",""
"יד דוד על משנה תורה, הלכות תמידים ומוספין","","אחרונים","","",""
"יד דוד על משנה תורה, הלכות תרומות","","אחרונים","","",""
"יד דוד על משנה תורה, הלכות תשובה","","אחרונים","","",""
"יד דוד על סוכה","","אחרונים","","",""
"יד דוד על עירובין","","אחרונים","","",""
"יד דוד על פסחים","","אחרונים","","",""
"יד דוד על ראש השנה","","אחרונים","","",""
"יד דוד על שבת","","אחרונים","","",""
"יד דוד על תענית","","אחרונים","","",""
"יד המלך (לנדא)","","אחרונים","","",""
"יד המלך (פאלומבו)","","אחרונים","","",""
"יד ושם הל' שביעית","","אחרונים","","",""
"יד יעבץ","","אחרונים","","",""
"יד יצחק","","אחרונים","","",""
"יד יצחק - א","","אחרונים","","",""
"יד יצחק - ב","","אחרונים","","",""
"יד מלך","","אחרונים","","",""
"יד רמה על בבא בתרא","מאיר הלוי אבולעפיה","ראשונים","","1038","1492"
"יד רמה על סנהדרין","מאיר הלוי אבולעפיה","ראשונים","","1038","1492"
"יד שלמה","","אחרונים","","",""
"ידי אליהו","","אחרונים","","",""
"ידי דוד","","אחרונים","","",""
"ידי משה על במדבר רבה","","אחרונים","","",""
"ידי משה על בראשית רבה","יעקב משה אשכנזי","אחרונים","","1500","1945"
"ידי משה על דברים רבה","יעקב משה אשכנזי","אחרונים","","1500","1945"
"ידי משה על ויקרא רבה","יעקב משה אשכנזי","אחרונים","","1500","1945"
"ידי משה על קהלת רבה","יעקב משה אשכנזי","אחרונים","","1500","1945"
"ידי משה על שיר השירים רבה","יעקב משה אשכנזי","אחרונים","","1500","1945"
"ידי משה על שמות רבה","יעקב משה אשכנזי","אחרונים","","1500","1945"
"ידיד נפש","","אחרונים","","",""
"ידיו של משה","","אחרונים","","",""
"יהושע","","תורה שבכתב","","",""
"יהל אור על ספר הזהר","אליהו בן שלמה זלמן מווילנה","אחרונים","","1500","1945"
"יואל","","תורה שבכתב","","",""
"יום תרועה","","אחרונים","","",""
"יומא","","חז""ל","","",""
"יון מצולה","","אחרונים","","",""
"יונה","","תורה שבכתב","","",""
"יוסף אבן יחיא על אסתר","יוסף אבן יחייא","אחרונים","","1500","1945"
"יוסף אבן יחיא על דניאל","יוסף אבן יחייא","אחרונים","","1500","1945"
"יוסף בסדר","חיים דוד אזולאי","אחרונים","","1500","1945"
"יוסף חי","","אחרונים","","",""
"יושר דברי אמת","","ראשונים","","1038","1492"
"יושר לבב","","אחרונים","","",""
"יזכור","","אחרונים","","",""
"יחזקאל","","תורה שבכתב","","",""
"ייטב לב במדבר","","אחרונים","","",""
"ייטב לב בראשית","","אחרונים","","",""
"ייטב לב דברים","","אחרונים","","",""
"ייטב לב ויקרא","","אחרונים","","",""
"ייטב לב שמות","","אחרונים","","",""
"יכהן פאר על משנה תורה, הלכות איסורי המזבח","חנוך צבי הכהן לוין","אחרונים","","1500","1945"
"יכהן פאר על משנה תורה, הלכות ביאת מקדש","חנוך צבי הכהן לוין","אחרונים","","1500","1945"
"יכהן פאר על משנה תורה, הלכות כלי המקדש והעובדין בו","חנוך צבי הכהן לוין","אחרונים","","1500","1945"
"יכהן פאר על משנה תורה, הלכות מעשה הקרבנות","חנוך צבי הכהן לוין","אחרונים","","1500","1945"
"יכהן פאר על משנה תורה, הלכות עבודת יום הכפורים","חנוך צבי הכהן לוין","אחרונים","","1500","1945"
"יכהן פאר על משנה תורה, הלכות קרבן פסח","חנוך צבי הכהן לוין","אחרונים","","1500","1945"
"יכהן פאר על משנה תורה, הלכות תמידים ומוספין","חנוך צבי הכהן לוין","אחרונים","","1500","1945"
"יכין אבות","ישראל ליפשיץ‎‎","אחרונים","","1500","1945"
"יכין אהלות","ישראל ליפשיץ‎‎","אחרונים","","1500","1945"
"יכין בבא בתרא","ישראל ליפשיץ‎‎","אחרונים","","1500","1945"
"יכין בבא מציעא","ישראל ליפשיץ‎‎","אחרונים","","1500","1945"
"יכין בבא קמא","ישראל ליפשיץ‎‎","אחרונים","","1500","1945"
"יכין ביכורים","ישראל ליפשיץ‎‎","אחרונים","","1500","1945"
"יכין ביצה","ישראל ליפשיץ‎‎","אחרונים","","1500","1945"
"יכין בכורות","ישראל ליפשיץ‎‎","אחרונים","","1500","1945"
"יכין ברכות","ישראל ליפשיץ‎‎","אחרונים","","1500","1945"
"יכין גיטין","ישראל ליפשיץ‎‎","אחרונים","","1500","1945"
"יכין דמאי","ישראל ליפשיץ‎‎","אחרונים","","1500","1945"
"יכין הוריות","ישראל ליפשיץ‎‎","אחרונים","","1500","1945"
"יכין זבחים","ישראל ליפשיץ‎‎","אחרונים","","1500","1945"
"יכין זבים","ישראל ליפשיץ‎‎","אחרונים","","1500","1945"
"יכין חגיגה","ישראל ליפשיץ‎‎","אחרונים","","1500","1945"
"יכין חולין","ישראל ליפשיץ‎‎","אחרונים","","1500","1945"
"יכין חלה","ישראל ליפשיץ‎‎","אחרונים","","1500","1945"
"יכין טבול יום","ישראל ליפשיץ‎‎","אחרונים","","1500","1945"
"יכין טהרות","ישראל ליפשיץ‎‎","אחרונים","","1500","1945"
"יכין יבמות","ישראל ליפשיץ‎‎","אחרונים","","1500","1945"
"יכין ידים","ישראל ליפשיץ‎‎","אחרונים","","1500","1945"
"יכין יומא","ישראל ליפשיץ‎‎","אחרונים","","1500","1945"
"יכין כלאים","ישראל ליפשיץ‎‎","אחרונים","","1500","1945"
"יכין כלים","ישראל ליפשיץ‎‎","אחרונים","","1500","1945"
"יכין כריתות","ישראל ליפשיץ‎‎","אחרונים","","1500","1945"
"יכין כתובות","ישראל ליפשיץ‎‎","אחרונים","","1500","1945"
"יכין מגילה","ישראל ליפשיץ‎‎","אחרונים","","1500","1945"
"יכין מדות","ישראל ליפשיץ‎‎","אחרונים","","1500","1945"
"יכין מועד קטן","ישראל ליפשיץ‎‎","אחרונים","","1500","1945"
"יכין מכות","ישראל ליפשיץ‎‎","אחרונים","","1500","1945"
"יכין מכשירין","ישראל ליפשיץ‎‎","אחרונים","","1500","1945"
"יכין מנחות","ישראל ליפשיץ‎‎","אחרונים","","1500","1945"
"יכין מעילה","ישראל ליפשיץ‎‎","אחרונים","","1500","1945"
"יכין מעשר שני","ישראל ליפשיץ‎‎","אחרונים","","1500","1945"
"יכין מעשרות","ישראל ליפשיץ‎‎","אחרונים","","1500","1945"
"יכין מקואות","ישראל ליפשיץ‎‎","אחרונים","","1500","1945"
"יכין נגעים","ישראל ליפשיץ‎‎","אחרונים","","1500","1945"
"יכין נדה","ישראל ליפשיץ‎‎","אחרונים","","1500","1945"
"יכין נדרים","ישראל ליפשיץ‎‎","אחרונים","","1500","1945"
"יכין נזיר","ישראל ליפשיץ‎‎","אחרונים","","1500","1945"
"יכין סוטה","ישראל ליפשיץ‎‎","אחרונים","","1500","1945"
"יכין סוכה","ישראל ליפשיץ‎‎","אחרונים","","1500","1945"
"יכין סנהדרין","ישראל ליפשיץ‎‎","אחרונים","","1500","1945"
"יכין עבודה זרה","ישראל ליפשיץ‎‎","אחרונים","","1500","1945"
"יכין עדיות","ישראל ליפשיץ‎‎","אחרונים","","1500","1945"
"יכין עוקצים","ישראל ליפשיץ‎‎","אחרונים","","1500","1945"
"יכין עירובין","ישראל ליפשיץ‎‎","אחרונים","","1500","1945"
"יכין ערכין","ישראל ליפשיץ‎‎","אחרונים","","1500","1945"
"יכין ערלה","ישראל ליפשיץ‎‎","אחרונים","","1500","1945"
"יכין פאה","ישראל ליפשיץ‎‎","אחרונים","","1500","1945"
"יכין פסחים","ישראל ליפשיץ‎‎","אחרונים","","1500","1945"
"יכין פרה","ישראל ליפשיץ‎‎","אחרונים","","1500","1945"
"יכין קידושין","ישראל ליפשיץ‎‎","אחרונים","","1500","1945"
"יכין קינים","ישראל ליפשיץ‎‎","אחרונים","","1500","1945"
"יכין ראש השנה","ישראל ליפשיץ‎‎","אחרונים","","1500","1945"
"יכין שבועות","ישראל ליפשיץ‎‎","אחרונים","","1500","1945"
"יכין שביעית","ישראל ליפשיץ‎‎","אחרונים","","1500","1945"
"יכין שבת","ישראל ליפשיץ‎‎","אחרונים","","1500","1945"
"יכין שקלים","ישראל ליפשיץ‎‎","אחרונים","","1500","1945"
"יכין תמורה","ישראל ליפשיץ‎‎","אחרונים","","1500","1945"
"יכין תמיד","ישראל ליפשיץ‎‎","אחרונים","","1500","1945"
"יכין תענית","ישראל ליפשיץ‎‎","אחרונים","","1500","1945"
"יכין תרומות","ישראל ליפשיץ‎‎","אחרונים","","1500","1945"
"ילקוט דוד - באוהל דוד","","אחרונים","","",""
"ילקוט דרושים","יצחק אייזנשטאט","אחרונים","","",""
"ילקוט הגרשוני אורח חיים א","","אחרונים","","",""
"ילקוט הגרשוני אורח חיים ב","","אחרונים","","",""
"ילקוט הגרשוני על השס חלק א","","אחרונים","","",""
"ילקוט שמעוני על התורה","","חז""ל","","",""
"ילקוט שמעוני על נ""ך","","חז""ל","","",""
"ים של שלמה על ביצה","","אחרונים","","",""
"ים של שלמה על גיטין","","אחרונים","","",""
"ים של שלמה על חולין","","אחרונים","","",""
"ים של שלמה על כתובות","","אחרונים","","",""
"ים של שלמה על קידושין","","אחרונים","","",""
"ימי מוהרנת חלק ראשון","","אחרונים","","",""
"ימי מוהרנת חלק שני","","אחרונים","","",""
"ימי שלמה","","אחרונים","","",""
"ימין המלך","","אחרונים","","",""
"יסוד היראה","","ראשונים","","",""
"יסוד התשובה","רבינו יונה","ראשונים","","1038","1492"
"יסוד ושורש העבודה","אלכסנדר זיסקינד מהוראדנא, בעל יסוד ושורש העבודה","אחרונים","","1500","1945"
"יסוד מורא וסוד תורה","אבן עזרא","ראשונים","","1038","1492"
"יעב""ץ על סדר עולם רבה","יעקב עמדין","אחרונים","","1500","1945"
"יערות דבש חלק א","יהונתן אייבשיץ","אחרונים","","1500","1945"
"יערות דבש חלק ב","יהונתן אייבשיץ","אחרונים","","1500","1945"
"יפה ענף על איכה רבה","שמואל יפה אשכנזי","אחרונים","","1500","1945"
"יפה ענף על אסתר רבה","שמואל יפה אשכנזי","אחרונים","","1500","1945"
"יפה ענף על רות רבה","שמואל יפה אשכנזי","אחרונים","","1500","1945"
"יפה קול על שיר השירים רבה","שמואל יפה אשכנזי","אחרונים","","1500","1945"
"יפה תואר על במדבר רבה","שמואל יפה אשכנזי","אחרונים","","1500","1945"
"יפה תואר על בראשית רבה","שמואל יפה אשכנזי","אחרונים","","1500","1945"
"יפה תואר על דברים רבה","שמואל יפה אשכנזי","אחרונים","","1500","1945"
"יפה תואר על ויקרא רבה","שמואל יפה אשכנזי","אחרונים","","1500","1945"
"יפה תואר על קהלת רבה","שמואל יפה אשכנזי","אחרונים","","1500","1945"
"יפה תואר על שמות רבה","שמואל יפה אשכנזי","אחרונים","","1500","1945"
"יצחק ירנן על משנה תורה, הלכות אבל","אליקים בן יצחק גאטינייו","אחרונים","","1500","1945"
"יצחק ירנן על משנה תורה, הלכות איסורי ביאה","אליקים בן יצחק גאטינייו","אחרונים","","1500","1945"
"יצחק ירנן על משנה תורה, הלכות איסורי המזבח","אליקים בן יצחק גאטינייו","אחרונים","","1500","1945"
"יצחק ירנן על משנה תורה, הלכות אישות","אליקים בן יצחק גאטינייו","אחרונים","","1500","1945"
"יצחק ירנן על משנה תורה, הלכות ביאת מקדש","אליקים בן יצחק גאטינייו","אחרונים","","1500","1945"
"יצחק ירנן על משנה תורה, הלכות ביכורים ושאר מתנות כהונה שבגבולין","אליקים בן יצחק גאטינייו","אחרונים","","1500","1945"
"יצחק ירנן על משנה תורה, הלכות בית הבחירה","אליקים בן יצחק גאטינייו","אחרונים","","1500","1945"
"יצחק ירנן על משנה תורה, הלכות בכורות","אליקים בן יצחק גאטינייו","אחרונים","","1500","1945"
"יצחק ירנן על משנה תורה, הלכות ברכות","אליקים בן יצחק גאטינייו","אחרונים","","1500","1945"
"יצחק ירנן על משנה תורה, הלכות גזילה ואבידה","אליקים בן יצחק גאטינייו","אחרונים","","1500","1945"
"יצחק ירנן על משנה תורה, הלכות גירושין","אליקים בן יצחק גאטינייו","אחרונים","","1500","1945"
"יצחק ירנן על משנה תורה, הלכות דעות","אליקים בן יצחק גאטינייו","אחרונים","","1500","1945"
"יצחק ירנן על משנה תורה, הלכות זכייה ומתנה","אליקים בן יצחק גאטינייו","אחרונים","","1500","1945"
"יצחק ירנן על משנה תורה, הלכות חגיגה","אליקים בן יצחק גאטינייו","אחרונים","","1500","1945"
"יצחק ירנן על משנה תורה, הלכות חמץ ומצה","אליקים בן יצחק גאטינייו","אחרונים","","1500","1945"
"יצחק ירנן על משנה תורה, הלכות טומאת אוכלים","אליקים בן יצחק גאטינייו","אחרונים","","1500","1945"
"יצחק ירנן על משנה תורה, הלכות טומאת מת","אליקים בן יצחק גאטינייו","אחרונים","","1500","1945"
"יצחק ירנן על משנה תורה, הלכות טומאת צרעת","אליקים בן יצחק גאטינייו","אחרונים","","1500","1945"
"יצחק ירנן על משנה תורה, הלכות יבום וחליצה","אליקים בן יצחק גאטינייו","אחרונים","","1500","1945"
"יצחק ירנן על משנה תורה, הלכות יסודי התורה","אליקים בן יצחק גאטינייו","אחרונים","","1500","1945"
"יצחק ירנן על משנה תורה, הלכות כלאים","אליקים בן יצחק גאטינייו","אחרונים","","1500","1945"
"יצחק ירנן על משנה תורה, הלכות כלי המקדש והעובדין בו","אליקים בן יצחק גאטינייו","אחרונים","","1500","1945"
"יצחק ירנן על משנה תורה, הלכות מאכלות אסורות","אליקים בן יצחק גאטינייו","אחרונים","","1500","1945"
"יצחק ירנן על משנה תורה, הלכות מגילה וחנוכה","אליקים בן יצחק גאטינייו","אחרונים","","1500","1945"
"יצחק ירנן על משנה תורה, הלכות מחוסרי כפרה","אליקים בן יצחק גאטינייו","אחרונים","","1500","1945"
"יצחק ירנן על משנה תורה, הלכות מילה","אליקים בן יצחק גאטינייו","אחרונים","","1500","1945"
"יצחק ירנן על משנה תורה, הלכות מכירה","אליקים בן יצחק גאטינייו","אחרונים","","1500","1945"
"יצחק ירנן על משנה תורה, הלכות מלווה ולווה","אליקים בן יצחק גאטינייו","אחרונים","","1500","1945"
"יצחק ירנן על משנה תורה, הלכות מלכים ומלחמות","אליקים בן יצחק גאטינייו","אחרונים","","1500","1945"
"יצחק ירנן על משנה תורה, הלכות ממרים","אליקים בן יצחק גאטינייו","אחרונים","","1500","1945"
"יצחק ירנן על משנה תורה, הלכות מעילה","אליקים בן יצחק גאטינייו","אחרונים","","1500","1945"
"יצחק ירנן על משנה תורה, הלכות מעשה הקרבנות","אליקים בן יצחק גאטינייו","אחרונים","","1500","1945"
"יצחק ירנן על משנה תורה, הלכות מעשר שני ונטע רבעי","אליקים בן יצחק גאטינייו","אחרונים","","1500","1945"
"יצחק ירנן על משנה תורה, הלכות מעשרות","אליקים בן יצחק גאטינייו","אחרונים","","1500","1945"
"יצחק ירנן על משנה תורה, הלכות מקואות","אליקים בן יצחק גאטינייו","אחרונים","","1500","1945"
"יצחק ירנן על משנה תורה, הלכות מתנות עניים","אליקים בן יצחק גאטינייו","אחרונים","","1500","1945"
"יצחק ירנן על משנה תורה, הלכות נדרים","אליקים בן יצחק גאטינייו","אחרונים","","1500","1945"
"יצחק ירנן על משנה תורה, הלכות נזירות","אליקים בן יצחק גאטינייו","אחרונים","","1500","1945"
"יצחק ירנן על משנה תורה, הלכות נערה בתולה","אליקים בן יצחק גאטינייו","אחרונים","","1500","1945"
"יצחק ירנן על משנה תורה, הלכות סוטה","אליקים בן יצחק גאטינייו","אחרונים","","1500","1945"
"יצחק ירנן על משנה תורה, הלכות סנהדרין והעונשין המסורין להם","אליקים בן יצחק גאטינייו","אחרונים","","1500","1945"
"יצחק ירנן על משנה תורה, הלכות עבדים","אליקים בן יצחק גאטינייו","אחרונים","","1500","1945"
"יצחק ירנן על משנה תורה, הלכות עבודה זרה וחוקות הגויים","אליקים בן יצחק גאטינייו","אחרונים","","1500","1945"
"יצחק ירנן על משנה תורה, הלכות עבודת יום הכפורים","אליקים בן יצחק גאטינייו","אחרונים","","1500","1945"
"יצחק ירנן על משנה תורה, הלכות עדות","אליקים בן יצחק גאטינייו","אחרונים","","1500","1945"
"יצחק ירנן על משנה תורה, הלכות עירובין","אליקים בן יצחק גאטינייו","אחרונים","","1500","1945"
"יצחק ירנן על משנה תורה, הלכות ערכים וחרמין","אליקים בן יצחק גאטינייו","אחרונים","","1500","1945"
"יצחק ירנן על משנה תורה, הלכות פסולי המוקדשין","אליקים בן יצחק גאטינייו","אחרונים","","1500","1945"
"יצחק ירנן על משנה תורה, הלכות ציצית","אליקים בן יצחק גאטינייו","אחרונים","","1500","1945"
"יצחק ירנן על משנה תורה, הלכות קידוש החודש","אליקים בן יצחק גאטינייו","אחרונים","","1500","1945"
"יצחק ירנן על משנה תורה, הלכות קרבן פסח","אליקים בן יצחק גאטינייו","אחרונים","","1500","1945"
"יצחק ירנן על משנה תורה, הלכות קריאת שמע","אליקים בן יצחק גאטינייו","אחרונים","","1500","1945"
"יצחק ירנן על משנה תורה, הלכות רוצח ושמירת נפש","אליקים בן יצחק גאטינייו","אחרונים","","1500","1945"
"יצחק ירנן על משנה תורה, הלכות שאר אבות הטומאות","אליקים בן יצחק גאטינייו","אחרונים","","1500","1945"
"יצחק ירנן על משנה תורה, הלכות שבועות","אליקים בן יצחק גאטינייו","אחרונים","","1500","1945"
"יצחק ירנן על משנה תורה, הלכות שביתת עשור","אליקים בן יצחק גאטינייו","אחרונים","","1500","1945"
"יצחק ירנן על משנה תורה, הלכות שבת","אליקים בן יצחק גאטינייו","אחרונים","","1500","1945"
"יצחק ירנן על משנה תורה, הלכות שגגות","אליקים בן יצחק גאטינייו","אחרונים","","1500","1945"
"יצחק ירנן על משנה תורה, הלכות שופר וסוכה ולולב","אליקים בן יצחק גאטינייו","אחרונים","","1500","1945"
"יצחק ירנן על משנה תורה, הלכות שחיטה","אליקים בן יצחק גאטינייו","אחרונים","","1500","1945"
"יצחק ירנן על משנה תורה, הלכות שכירות","אליקים בן יצחק גאטינייו","אחרונים","","1500","1945"
"יצחק ירנן על משנה תורה, הלכות שכנים","אליקים בן יצחק גאטינייו","אחרונים","","1500","1945"
"יצחק ירנן על משנה תורה, הלכות שלוחין ושותפין","אליקים בן יצחק גאטינייו","אחרונים","","1500","1945"
"יצחק ירנן על משנה תורה, הלכות שמיטה ויובל","אליקים בן יצחק גאטינייו","אחרונים","","1500","1945"
"יצחק ירנן על משנה תורה, הלכות שקלים","אליקים בן יצחק גאטינייו","אחרונים","","1500","1945"
"יצחק ירנן על משנה תורה, הלכות תלמוד תורה","אליקים בן יצחק גאטינייו","אחרונים","","1500","1945"
"יצחק ירנן על משנה תורה, הלכות תמורה","אליקים בן יצחק גאטינייו","אחרונים","","1500","1945"
"יצחק ירנן על משנה תורה, הלכות תמידים ומוספין","אליקים בן יצחק גאטינייו","אחרונים","","1500","1945"
"יצחק ירנן על משנה תורה, הלכות תעניות","אליקים בן יצחק גאטינייו","אחרונים","","1500","1945"
"יצחק ירנן על משנה תורה, הלכות תפילה וברכת כהנים","אליקים בן יצחק גאטינייו","אחרונים","","1500","1945"
"יצחק ירנן על משנה תורה, הלכות תפילין ומזוזה וספר תורה","אליקים בן יצחק גאטינייו","אחרונים","","1500","1945"
"יצחק ירנן על משנה תורה, הלכות תרומות","אליקים בן יצחק גאטינייו","אחרונים","","1500","1945"
"יצחק ירנן על משנה תורה, הלכות תשובה","אליקים בן יצחק גאטינייו","אחרונים","","1500","1945"
"יקר מפז","ישראל הופשטיין מקוז'ניץ","אחרונים","","1500","1945"
"יקר תפארת על משנה תורה, הלכות עבדים","דוד בן שלמה אבן אבי זמרא","אחרונים","","1500","1945"
"יקר תפארת על משנה תורה, הלכות שלוחין ושותפין","דוד בן שלמה אבן אבי זמרא","אחרונים","","1500","1945"
"ירח האיתנים","","אחרונים","","",""
"יריעות שלמה על התורה","מהרש""ל","אחרונים","","1500","1945"
"ירמיהו","","תורה שבכתב","","",""
"יש מאין חלק א","","אחרונים","","",""
"יש מאין חלק ב","","אחרונים","","",""
"יש סדר למשנה הקדמה","ישעיה פיק ברלין","אחרונים","","1500","1945"
"יש סדר למשנה על משנה ביכורים","ישעיה פיק ברלין","אחרונים","","1500","1945"
"יש סדר למשנה על משנה ביצה","ישעיה פיק ברלין","אחרונים","","1500","1945"
"יש סדר למשנה על משנה ברכות","ישעיה פיק ברלין","אחרונים","","1500","1945"
"יש סדר למשנה על משנה דמאי","ישעיה פיק ברלין","אחרונים","","1500","1945"
"יש סדר למשנה על משנה חגיגה","ישעיה פיק ברלין","אחרונים","","1500","1945"
"יש סדר למשנה על משנה חלה","ישעיה פיק ברלין","אחרונים","","1500","1945"
"יש סדר למשנה על משנה יומא","ישעיה פיק ברלין","אחרונים","","1500","1945"
"יש סדר למשנה על משנה כלאים","ישעיה פיק ברלין","אחרונים","","1500","1945"
"יש סדר למשנה על משנה מגילה","ישעיה פיק ברלין","אחרונים","","1500","1945"
"יש סדר למשנה על משנה מועד קטן","ישעיה פיק ברלין","אחרונים","","1500","1945"
"יש סדר למשנה על משנה מעשר שני","ישעיה פיק ברלין","אחרונים","","1500","1945"
"יש סדר למשנה על משנה מעשרות","ישעיה פיק ברלין","אחרונים","","1500","1945"
"יש סדר למשנה על משנה סוכה","ישעיה פיק ברלין","אחרונים","","1500","1945"
"יש סדר למשנה על משנה עירובין","ישעיה פיק ברלין","אחרונים","","1500","1945"
"יש סדר למשנה על משנה ערלה","ישעיה פיק ברלין","אחרונים","","1500","1945"
"יש סדר למשנה על משנה פאה","ישעיה פיק ברלין","אחרונים","","1500","1945"
"יש סדר למשנה על משנה פסחים","ישעיה פיק ברלין","אחרונים","","1500","1945"
"יש סדר למשנה על משנה ראש השנה","ישעיה פיק ברלין","אחרונים","","1500","1945"
"יש סדר למשנה על משנה שביעית","ישעיה פיק ברלין","אחרונים","","1500","1945"
"יש סדר למשנה על משנה שבת","ישעיה פיק ברלין","אחרונים","","1500","1945"
"יש סדר למשנה על משנה שקלים","ישעיה פיק ברלין","אחרונים","","1500","1945"
"יש סדר למשנה על משנה תענית","ישעיה פיק ברלין","אחרונים","","1500","1945"
"יש סדר למשנה על משנה תרומות","ישעיה פיק ברלין","אחרונים","","1500","1945"
"ישועה בישראל","","אחרונים","","",""
"ישועות יעקב עהת","","אחרונים","","",""
"ישועות מלכו","","אחרונים","","",""
"ישמח ישראל","","אחרונים","","",""
"ישמח משה","משה טייטלבוים מאוהעל","אחרונים","","1500","1945"
"ישמח משה על השס","","אחרונים","","",""
"ישמח משה על טור ושולחן ערוך","","אחרונים","","",""
"ישמח משה על נך","","אחרונים","","",""
"ישמח משה על תפלות יוט וליקוטים","","אחרונים","","",""
"ישע אלהים על אסתר","אברהם בן יצחק צהלון","אחרונים","","1500","1945"
"ישעיהו","","תורה שבכתב","","",""
"ישראל קדושים","צדוק הכהן רבינוביץ","אחרונים","","1500","1945"
"יתר הבז","","אחרונים","","",""
"כבוד יוט","","אחרונים","","",""
"כד הקמח","בחיי בן אשר","ראשונים","","1038","1492"
"כוס אליהו על הגדה של פסח","אליהו בן הרוש","אחרונים","","1500","1945"
"כוס הישועות","","אחרונים","","",""
"ככר לאדן על תלמוד ירושלמי בבא מציעא","","אחרונים","","",""
"ככר לאדן על תלמוד ירושלמי בבא קמא","","אחרונים","","",""
"ככר לאדן על תלמוד ירושלמי בכורים","","אחרונים","","",""
"ככר לאדן על תלמוד ירושלמי ברכות","","אחרונים","","",""
"ככר לאדן על תלמוד ירושלמי דמאי","","אחרונים","","",""
"ככר לאדן על תלמוד ירושלמי הוריות","","אחרונים","","",""
"ככר לאדן על תלמוד ירושלמי חלה","","אחרונים","","",""
"ככר לאדן על תלמוד ירושלמי כלאים","","אחרונים","","",""
"ככר לאדן על תלמוד ירושלמי מכות","","אחרונים","","",""
"ככר לאדן על תלמוד ירושלמי מעשר שני","","אחרונים","","",""
"ככר לאדן על תלמוד ירושלמי מעשרות","","אחרונים","","",""
"ככר לאדן על תלמוד ירושלמי נדה","","אחרונים","","",""
"ככר לאדן על תלמוד ירושלמי סנהדרין","","אחרונים","","",""
"ככר לאדן על תלמוד ירושלמי עבודה זרה","","אחרונים","","",""
"ככר לאדן על תלמוד ירושלמי ערלה","","אחרונים","","",""
"ככר לאדן על תלמוד ירושלמי פאה","","אחרונים","","",""
"ככר לאדן על תלמוד ירושלמי שבועות","","אחרונים","","",""
"ככר לאדן על תלמוד ירושלמי שביעית","","אחרונים","","",""
"ככר לאדן על תלמוד ירושלמי שבת","","אחרונים","","",""
"ככר לאדן על תלמוד ירושלמי תרומות","","אחרונים","","",""
"כל בו","","ראשונים","","",""
"כלי חמדה על התורה","מאיר דן רפאל פְּלוֹצְקִי","אחרונים","","1500","1945"
"כלי יקר על במדבר","שלמה אפרים מלונטשיץ","אחרונים","","1500","1945"
"כלי יקר על בראשית","שלמה אפרים מלונטשיץ","אחרונים","","1500","1945"
"כלי יקר על דברים","שלמה אפרים מלונטשיץ","אחרונים","","1500","1945"
"כלי יקר על ויקרא","שלמה אפרים מלונטשיץ","אחרונים","","1500","1945"
"כלי יקר על נביאים","","אחרונים","","",""
"כלי יקר על שמות","שלמה אפרים מלונטשיץ","אחרונים","","1500","1945"
"כללות שרשי החכמה","","אחרונים","","",""
"כללי הפוסקים החדש - מלוקט מהשדי חמד","","אחרונים","","",""
"כללי התחלת החכמה","אריה לייב ליפקין","אחרונים","","1500","1945"
"כללי מאמר החכמה","","אחרונים","","",""
"כללי ספר מלחמות משה","","אחרונים","","",""
"כללי ספר קנאת ה' צבאות","","אחרונים","","",""
"כללי פתחי חכמה ודעת","","אחרונים","","",""
"כסא רחמים על אבות דרבי נתן","חיים דוד אזולאי","אחרונים","","1500","1945"
"כסא רחמים על מסכת כלה","חיים דוד אזולאי","אחרונים","","1500","1945"
"כסא רחמים על מסכת סופרים","חיים דוד אזולאי","אחרונים","","1500","1945"
"כסף הקדשים על שולחן ערוך חושן משפט","אברהם דוד וואהרמן","אחרונים","","1500","1945"
"כסף משנה על משנה תורה, הלכות אבל","יוסף קארו","אחרונים","","1500","1945"
"כסף משנה על משנה תורה, הלכות איסורי ביאה","יוסף קארו","אחרונים","","1500","1945"
"כסף משנה על משנה תורה, הלכות איסורי המזבח","יוסף קארו","אחרונים","","1500","1945"
"כסף משנה על משנה תורה, הלכות אישות","יוסף קארו","אחרונים","","1500","1945"
"כסף משנה על משנה תורה, הלכות ביאת מקדש","יוסף קארו","אחרונים","","1500","1945"
"כסף משנה על משנה תורה, הלכות ביכורים ושאר מתנות כהונה שבגבולין","יוסף קארו","אחרונים","","1500","1945"
"כסף משנה על משנה תורה, הלכות בית הבחירה","יוסף קארו","אחרונים","","1500","1945"
"כסף משנה על משנה תורה, הלכות בכורות","יוסף קארו","אחרונים","","1500","1945"
"כסף משנה על משנה תורה, הלכות ברכות","יוסף קארו","אחרונים","","1500","1945"
"כסף משנה על משנה תורה, הלכות גזילה ואבידה","יוסף קארו","אחרונים","","1500","1945"
"כסף משנה על משנה תורה, הלכות גירושין","יוסף קארו","אחרונים","","1500","1945"
"כסף משנה על משנה תורה, הלכות גניבה","יוסף קארו","אחרונים","","1500","1945"
"כסף משנה על משנה תורה, הלכות דעות","יוסף קארו","אחרונים","","1500","1945"
"כסף משנה על משנה תורה, הלכות זכייה ומתנה","יוסף קארו","אחרונים","","1500","1945"
"כסף משנה על משנה תורה, הלכות חגיגה","יוסף קארו","אחרונים","","1500","1945"
"כסף משנה על משנה תורה, הלכות חובל ומזיק","יוסף קארו","אחרונים","","1500","1945"
"כסף משנה על משנה תורה, הלכות חמץ ומצה","יוסף קארו","אחרונים","","1500","1945"
"כסף משנה על משנה תורה, הלכות טומאת אוכלים","יוסף קארו","אחרונים","","1500","1945"
"כסף משנה על משנה תורה, הלכות טומאת מת","יוסף קארו","אחרונים","","1500","1945"
"כסף משנה על משנה תורה, הלכות טומאת צרעת","יוסף קארו","אחרונים","","1500","1945"
"כסף משנה על משנה תורה, הלכות טוען ונטען","יוסף קארו","אחרונים","","1500","1945"
"כסף משנה על משנה תורה, הלכות יבום וחליצה","יוסף קארו","אחרונים","","1500","1945"
"כסף משנה על משנה תורה, הלכות יסודי התורה","יוסף קארו","אחרונים","","1500","1945"
"כסף משנה על משנה תורה, הלכות כלאים","יוסף קארו","אחרונים","","1500","1945"
"כסף משנה על משנה תורה, הלכות כלי המקדש והעובדין בו","יוסף קארו","אחרונים","","1500","1945"
"כסף משנה על משנה תורה, הלכות כלים","יוסף קארו","אחרונים","","1500","1945"
"כסף משנה על משנה תורה, הלכות מאכלות אסורות","יוסף קארו","אחרונים","","1500","1945"
"כסף משנה על משנה תורה, הלכות מגילה וחנוכה","יוסף קארו","אחרונים","","1500","1945"
"כסף משנה על משנה תורה, הלכות מחוסרי כפרה","יוסף קארו","אחרונים","","1500","1945"
"כסף משנה על משנה תורה, הלכות מטמאי משכב ומושב","יוסף קארו","אחרונים","","1500","1945"
"כסף משנה על משנה תורה, הלכות מילה","יוסף קארו","אחרונים","","1500","1945"
"כסף משנה על משנה תורה, הלכות מכירה","יוסף קארו","אחרונים","","1500","1945"
"כסף משנה על משנה תורה, הלכות מלווה ולווה","יוסף קארו","אחרונים","","1500","1945"
"כסף משנה על משנה תורה, הלכות מלכים ומלחמות","יוסף קארו","אחרונים","","1500","1945"
"כסף משנה על משנה תורה, הלכות ממרים","יוסף קארו","אחרונים","","1500","1945"
"כסף משנה על משנה תורה, הלכות מעילה","יוסף קארו","אחרונים","","1500","1945"
"כסף משנה על משנה תורה, הלכות מעשה הקרבנות","יוסף קארו","אחרונים","","1500","1945"
"כסף משנה על משנה תורה, הלכות מעשר שני ונטע רבעי","יוסף קארו","אחרונים","","1500","1945"
"כסף משנה על משנה תורה, הלכות מעשרות","יוסף קארו","אחרונים","","1500","1945"
"כסף משנה על משנה תורה, הלכות מקואות","יוסף קארו","אחרונים","","1500","1945"
"כסף משנה על משנה תורה, הלכות מתנות עניים","יוסף קארו","אחרונים","","1500","1945"
"כסף משנה על משנה תורה, הלכות נדרים","יוסף קארו","אחרונים","","1500","1945"
"כסף משנה על משנה תורה, הלכות נזירות","יוסף קארו","אחרונים","","1500","1945"
"כסף משנה על משנה תורה, הלכות נזקי ממון","יוסף קארו","אחרונים","","1500","1945"
"כסף משנה על משנה תורה, הלכות נחלות","יוסף קארו","אחרונים","","1500","1945"
"כסף משנה על משנה תורה, הלכות נערה בתולה","יוסף קארו","אחרונים","","1500","1945"
"כסף משנה על משנה תורה, הלכות סוטה","יוסף קארו","אחרונים","","1500","1945"
"כסף משנה על משנה תורה, הלכות סנהדרין והעונשין המסורין להם","יוסף קארו","אחרונים","","1500","1945"
"כסף משנה על משנה תורה, הלכות עבדים","יוסף קארו","אחרונים","","1500","1945"
"כסף משנה על משנה תורה, הלכות עבודה זרה וחוקות הגויים","יוסף קארו","אחרונים","","1500","1945"
"כסף משנה על משנה תורה, הלכות עבודת יום הכפורים","יוסף קארו","אחרונים","","1500","1945"
"כסף משנה על משנה תורה, הלכות עדות","יוסף קארו","אחרונים","","1500","1945"
"כסף משנה על משנה תורה, הלכות עירובין","יוסף קארו","אחרונים","","1500","1945"
"כסף משנה על משנה תורה, הלכות ערכים וחרמין","יוסף קארו","אחרונים","","1500","1945"
"כסף משנה על משנה תורה, הלכות פסולי המוקדשין","יוסף קארו","אחרונים","","1500","1945"
"כסף משנה על משנה תורה, הלכות פרה אדומה","יוסף קארו","אחרונים","","1500","1945"
"כסף משנה על משנה תורה, הלכות ציצית","יוסף קארו","אחרונים","","1500","1945"
"כסף משנה על משנה תורה, הלכות קידוש החודש","יוסף קארו","אחרונים","","1500","1945"
"כסף משנה על משנה תורה, הלכות קרבן פסח","יוסף קארו","אחרונים","","1500","1945"
"כסף משנה על משנה תורה, הלכות קריאת שמע","יוסף קארו","אחרונים","","1500","1945"
"כסף משנה על משנה תורה, הלכות רוצח ושמירת נפש","יוסף קארו","אחרונים","","1500","1945"
"כסף משנה על משנה תורה, הלכות שאלה ופיקדון","יוסף קארו","אחרונים","","1500","1945"
"כסף משנה על משנה תורה, הלכות שאר אבות הטומאות","יוסף קארו","אחרונים","","1500","1945"
"כסף משנה על משנה תורה, הלכות שבועות","יוסף קארו","אחרונים","","1500","1945"
"כסף משנה על משנה תורה, הלכות שביתת יום טוב","יוסף קארו","אחרונים","","1500","1945"
"כסף משנה על משנה תורה, הלכות שביתת עשור","יוסף קארו","אחרונים","","1500","1945"
"כסף משנה על משנה תורה, הלכות שבת","יוסף קארו","אחרונים","","1500","1945"
"כסף משנה על משנה תורה, הלכות שגגות","יוסף קארו","אחרונים","","1500","1945"
"כסף משנה על משנה תורה, הלכות שופר וסוכה ולולב","יוסף קארו","אחרונים","","1500","1945"
"כסף משנה על משנה תורה, הלכות שחיטה","יוסף קארו","אחרונים","","1500","1945"
"כסף משנה על משנה תורה, הלכות שכירות","יוסף קארו","אחרונים","","1500","1945"
"כסף משנה על משנה תורה, הלכות שכנים","יוסף קארו","אחרונים","","1500","1945"
"כסף משנה על משנה תורה, הלכות שלוחין ושותפין","יוסף קארו","אחרונים","","1500","1945"
"כסף משנה על משנה תורה, הלכות שמיטה ויובל","יוסף קארו","אחרונים","","1500","1945"
"כסף משנה על משנה תורה, הלכות שקלים","יוסף קארו","אחרונים","","1500","1945"
"כסף משנה על משנה תורה, הלכות תלמוד תורה","יוסף קארו","אחרונים","","1500","1945"
"כסף משנה על משנה תורה, הלכות תמורה","יוסף קארו","אחרונים","","1500","1945"
"כסף משנה על משנה תורה, הלכות תמידים ומוספין","יוסף קארו","אחרונים","","1500","1945"
"כסף משנה על משנה תורה, הלכות תעניות","יוסף קארו","אחרונים","","1500","1945"
"כסף משנה על משנה תורה, הלכות תפילה וברכת כהנים","יוסף קארו","אחרונים","","1500","1945"
"כסף משנה על משנה תורה, הלכות תפילין ומזוזה וספר תורה","יוסף קארו","אחרונים","","1500","1945"
"כסף משנה על משנה תורה, הלכות תרומות","יוסף קארו","אחרונים","","1500","1945"
"כסף משנה על משנה תורה, הלכות תשובה","יוסף קארו","אחרונים","","1500","1945"
"כסף נבחר חלק א","","אחרונים","","",""
"כסף נבחר חלק ב","","אחרונים","","",""
"כסף נבחר חלק ג","","אחרונים","","",""
"כף אחת","חיים דוד אזולאי","אחרונים","","1500","1945"
"כף החיים","","אחרונים","","",""
"כף החיים על שולחן ערוך אורח חיים","יעקב חיים סופר","אחרונים","","1500","1945"
"כף החיים על שולחן ערוך יורה דעה","יעקב חיים סופר","אחרונים","","1500","1945"
"כפות תמרים על סוכה","","אחרונים","","",""
"כפי אהרן","","אחרונים","","",""
"כפי אהרן הערות על ספר חוקי חיים","","אחרונים","","",""
"כפי אהרן חלק א","","אחרונים","","",""
"כפי אהרן חלק ב","","אחרונים","","",""
"כפי אהרן על בבא מציעא","","אחרונים","","",""
"כפי אהרן על בבא קמא","","אחרונים","","",""
"כפי אהרן על ביצה","","אחרונים","","",""
"כפי אהרן על ברכות","","אחרונים","","",""
"כפי אהרן על זבחים","","אחרונים","","",""
"כפי אהרן על טור אורח חיים","","אחרונים","","",""
"כפי אהרן על טור חושן משפט","","אחרונים","","",""
"כפי אהרן על יבמות","","אחרונים","","",""
"כפי אהרן על יומא","","אחרונים","","",""
"כפי אהרן על כתובות","","אחרונים","","",""
"כפי אהרן על מגילה","","אחרונים","","",""
"כפי אהרן על נדה","","אחרונים","","",""
"כפי אהרן על נדרים","","אחרונים","","",""
"כפי אהרן על סוטה","","אחרונים","","",""
"כפי אהרן על סוכה","","אחרונים","","",""
"כפי אהרן על עבודה זרה","","אחרונים","","",""
"כפי אהרן על פסחים","","אחרונים","","",""
"כפי אהרן על קידושין","","אחרונים","","",""
"כפי אהרן על תמורה","","אחרונים","","",""
"כפי אהרן על תענית","","אחרונים","","",""
"כרוב ממשח","","אחרונים","","",""
"כריתות","","חז""ל","","",""
"כרך של רומי","","אחרונים","","",""
"כרם חמד","","אחרונים","","",""
"כרם יהושע לאנג","","אחרונים","","",""
"כרם שלמה","שלמה קלוגר","אחרונים","","1500","1945"
"כרתי על שולחן ערוך יורה דעה","יהונתן אייבשיץ","אחרונים","","1500","1945"
"כתב יד רש""י על בכורות","רש״י","ראשונים","","1038","1492"
"כתב יד רש""י על מנחות","רש״י","ראשונים","","1038","1492"
"כתב סופר אבן העזר","","אחרונים","","",""
"כתב סופר אורח חיים","","אחרונים","","",""
"כתב סופר גיטין חלק א","","אחרונים","","",""
"כתב סופר גיטין חלק ב","","אחרונים","","",""
"כתב סופר חושן משפט","","אחרונים","","",""
"כתב סופר יורה דעה","","אחרונים","","",""
"כתב סופר על חולין","","אחרונים","","",""
"כתבי הרמבם","","ראשונים","","",""
"כתבי קודש על השולחן ערוך","","אחרונים","","",""
"כתבי קודש על השס","","אחרונים","","",""
"כתבי רבי אברהם אזולאי","רבי אברהם אזולאי (ת""ך-תק""א)","אחרונים","","1660","1741"
"כתבי רבי שלמה עמאר","רבי שלמה עמאר ממראכש","אחרונים","","",""
"כתוב שם ביצה","ראב""ד","ראשונים","","1038","1492"
"כתוב שם ברכות","ראב""ד","ראשונים","","1038","1492"
"כתוב שם מגילה","ראב""ד","ראשונים","","1038","1492"
"כתוב שם מועד קטן","ראב""ד","ראשונים","","1038","1492"
"כתוב שם סוכה","ראב""ד","ראשונים","","1038","1492"
"כתוב שם פסחים","ראב""ד","ראשונים","","1038","1492"
"כתוב שם תענית","ראב""ד","ראשונים","","1038","1492"
"כתובות","","חז""ל","","",""
"כתונת יוסף","","אחרונים","","",""
"כתונת פסים","יעקב יוסף מפולנאה","אחרונים","","1500","1945"
"כתם פז על ספר הזהר","שמעון לביא","אחרונים","","1500","1945"
"כתר המלך","","אחרונים","","",""
"כתר מלכות","שלמה בן יהודה אבן גבירול","ראשונים","","1038","1492"
"כתר ראש","","אחרונים","","",""
"כתר שם טוב","ישראל בעל שם טוב","אחרונים","","1500","1945"
"כתר תורה (ר לוי מקדאני)","","אחרונים","","",""
"כתר תורה (ר מאיר מברדיטשוב)","","אחרונים","","",""
"לב חיים פלג'י חלק ב","","אחרונים","","",""
"לב חכמים על מסכת שמחות","בנימין בן שאול קצנלנבוגן","אחרונים","","1500","1945"
"לב מבין","","אחרונים","","",""
"לב שלם על משנה תורה, הלכות איסורי ביאה","שלמה בן יחיאל שלם","אחרונים","","1500","1945"
"לב שלם על משנה תורה, הלכות אישות","שלמה בן יחיאל שלם","אחרונים","","1500","1945"
"לב שלם על משנה תורה, הלכות ברכות","שלמה בן יחיאל שלם","אחרונים","","1500","1945"
"לב שלם על משנה תורה, הלכות גירושין","שלמה בן יחיאל שלם","אחרונים","","1500","1945"
"לב שלם על משנה תורה, הלכות חמץ ומצה","שלמה בן יחיאל שלם","אחרונים","","1500","1945"
"לב שלם על משנה תורה, הלכות יבום וחליצה","שלמה בן יחיאל שלם","אחרונים","","1500","1945"
"לב שלם על משנה תורה, הלכות יסודי התורה","שלמה בן יחיאל שלם","אחרונים","","1500","1945"
"לב שלם על משנה תורה, הלכות מאכלות אסורות","שלמה בן יחיאל שלם","אחרונים","","1500","1945"
"לב שלם על משנה תורה, הלכות מגילה וחנוכה","שלמה בן יחיאל שלם","אחרונים","","1500","1945"
"לב שלם על משנה תורה, הלכות נערה בתולה","שלמה בן יחיאל שלם","אחרונים","","1500","1945"
"לב שלם על משנה תורה, הלכות סוטה","שלמה בן יחיאל שלם","אחרונים","","1500","1945"
"לב שלם על משנה תורה, הלכות עבודה זרה וחוקות הגויים","שלמה בן יחיאל שלם","אחרונים","","1500","1945"
"לב שלם על משנה תורה, הלכות ציצית","שלמה בן יחיאל שלם","אחרונים","","1500","1945"
"לב שלם על משנה תורה, הלכות קידוש החודש","שלמה בן יחיאל שלם","אחרונים","","1500","1945"
"לב שלם על משנה תורה, הלכות שביתת יום טוב","שלמה בן יחיאל שלם","אחרונים","","1500","1945"
"לב שלם על משנה תורה, הלכות שבת","שלמה בן יחיאל שלם","אחרונים","","1500","1945"
"לב שלם על משנה תורה, הלכות שחיטה","שלמה בן יחיאל שלם","אחרונים","","1500","1945"
"לב שלם על משנה תורה, הלכות שקלים","שלמה בן יחיאל שלם","אחרונים","","1500","1945"
"לב שלם על משנה תורה, הלכות תלמוד תורה","שלמה בן יחיאל שלם","אחרונים","","1500","1945"
"לב שלם על משנה תורה, הלכות תעניות","שלמה בן יחיאל שלם","אחרונים","","1500","1945"
"לב שלם על משנה תורה, הלכות תפילה וברכת כהנים","שלמה בן יחיאל שלם","אחרונים","","1500","1945"
"לב שלם על משנה תורה, הלכות תשובה","שלמה בן יחיאל שלם","אחרונים","","1500","1945"
"לב שמח","אברהם אליגרי","אחרונים","","1500","1945"
"לבב דוד","","אחרונים","","",""
"לבוש האורה","הרב מרדכי יפה","אחרונים","","1500","1945"
"לבוש מרדכי","רבי מרדכי למשעאלי המכונה אלסקר (חי בסביבות תק""ס)","אחרונים","","",""
"לבוש מרדכי בבא מציעא","","אחרונים","","",""
"לבוש מרדכי בבא קמא","","אחרונים","","",""
"לבוש מרדכי על גיטין","","אחרונים","","",""
"לבוש מרדכי על זבחים","","אחרונים","","",""
"לבוש מרדכי על יבמות","","אחרונים","","",""
"לבוש מרדכי על מנחות","","אחרונים","","",""
"לבוש מרדכי על מעילה","","אחרונים","","",""
"לבושי מרדכי על אבן העזר מהדורא תנינא","","אחרונים","","",""
"לבושי מרדכי על אורח חיים","","אחרונים","","",""
"לבושי מרדכי על אורח חיים מהדורא תליתאי","","אחרונים","","",""
"לבושי מרדכי על אורח חיים מהדורא תנינא","","אחרונים","","",""
"לבושי מרדכי על חושן משפט","","אחרונים","","",""
"לבושי מרדכי על חושן משפט מהדורא תנינא","","אחרונים","","",""
"לבושי מרדכי על יורה דעה","","אחרונים","","",""
"לבושי מרדכי על יורה דעה מהדורא תליתאי","","אחרונים","","",""
"לבושי מרדכי על יורה דעה מהדורא תנינא","","אחרונים","","",""
"לבושי שרד על שלחן ערוך אורח חיים","דוד שלמה אייבשיץ","אחרונים","","1500","1945"
"לדוד אמת","","אחרונים","","",""
"לדוד להזכיר","רבי דוד זאגורי","אחרונים","","1803","1898"
"לוח ארז החדש על התורה","","אחרונים","","",""
"לוח ארז חלק א","","אחרונים","","",""
"לוח ארז חלק ב","","אחרונים","","",""
"לחם אבירים","","אחרונים","","",""
"לחם דמעה על איכה","שמואל די אוזידא","אחרונים","","1500","1945"
"לחם משנה על משנה תורה, הלכות אבל","אברהם די בוטון","אחרונים","","1500","1945"
"לחם משנה על משנה תורה, הלכות איסורי ביאה","אברהם די בוטון","אחרונים","","1500","1945"
"לחם משנה על משנה תורה, הלכות איסורי המזבח","אברהם די בוטון","אחרונים","","1500","1945"
"לחם משנה על משנה תורה, הלכות אישות","אברהם די בוטון","אחרונים","","1500","1945"
"לחם משנה על משנה תורה, הלכות בכורות","אברהם די בוטון","אחרונים","","1500","1945"
"לחם משנה על משנה תורה, הלכות ברכות","אברהם די בוטון","אחרונים","","1500","1945"
"לחם משנה על משנה תורה, הלכות גזילה ואבידה","אברהם די בוטון","אחרונים","","1500","1945"
"לחם משנה על משנה תורה, הלכות גירושין","אברהם די בוטון","אחרונים","","1500","1945"
"לחם משנה על משנה תורה, הלכות גניבה","אברהם די בוטון","אחרונים","","1500","1945"
"לחם משנה על משנה תורה, הלכות דעות","אברהם די בוטון","אחרונים","","1500","1945"
"לחם משנה על משנה תורה, הלכות זכייה ומתנה","אברהם די בוטון","אחרונים","","1500","1945"
"לחם משנה על משנה תורה, הלכות חגיגה","אברהם די בוטון","אחרונים","","1500","1945"
"לחם משנה על משנה תורה, הלכות חובל ומזיק","אברהם די בוטון","אחרונים","","1500","1945"
"לחם משנה על משנה תורה, הלכות חמץ ומצה","אברהם די בוטון","אחרונים","","1500","1945"
"לחם משנה על משנה תורה, הלכות טוען ונטען","אברהם די בוטון","אחרונים","","1500","1945"
"לחם משנה על משנה תורה, הלכות יבום וחליצה","אברהם די בוטון","אחרונים","","1500","1945"
"לחם משנה על משנה תורה, הלכות יסודי התורה","אברהם די בוטון","אחרונים","","1500","1945"
"לחם משנה על משנה תורה, הלכות מאכלות אסורות","אברהם די בוטון","אחרונים","","1500","1945"
"לחם משנה על משנה תורה, הלכות מגילה וחנוכה","אברהם די בוטון","אחרונים","","1500","1945"
"לחם משנה על משנה תורה, הלכות מחוסרי כפרה","אברהם די בוטון","אחרונים","","1500","1945"
"לחם משנה על משנה תורה, הלכות מכירה","אברהם די בוטון","אחרונים","","1500","1945"
"לחם משנה על משנה תורה, הלכות מלווה ולווה","אברהם די בוטון","אחרונים","","1500","1945"
"לחם משנה על משנה תורה, הלכות מלכים ומלחמות","אברהם די בוטון","אחרונים","","1500","1945"
"לחם משנה על משנה תורה, הלכות ממרים","אברהם די בוטון","אחרונים","","1500","1945"
"לחם משנה על משנה תורה, הלכות מעשה הקרבנות","אברהם די בוטון","אחרונים","","1500","1945"
"לחם משנה על משנה תורה, הלכות נדרים","אברהם די בוטון","אחרונים","","1500","1945"
"לחם משנה על משנה תורה, הלכות נזירות","אברהם די בוטון","אחרונים","","1500","1945"
"לחם משנה על משנה תורה, הלכות נזקי ממון","אברהם די בוטון","אחרונים","","1500","1945"
"לחם משנה על משנה תורה, הלכות נחלות","אברהם די בוטון","אחרונים","","1500","1945"
"לחם משנה על משנה תורה, הלכות סנהדרין והעונשין המסורין להם","אברהם די בוטון","אחרונים","","1500","1945"
"לחם משנה על משנה תורה, הלכות עבדים","אברהם די בוטון","אחרונים","","1500","1945"
"לחם משנה על משנה תורה, הלכות עבודה זרה וחוקות הגויים","אברהם די בוטון","אחרונים","","1500","1945"
"לחם משנה על משנה תורה, הלכות עבודת יום הכפורים","אברהם די בוטון","אחרונים","","1500","1945"
"לחם משנה על משנה תורה, הלכות עדות","אברהם די בוטון","אחרונים","","1500","1945"
"לחם משנה על משנה תורה, הלכות עירובין","אברהם די בוטון","אחרונים","","1500","1945"
"לחם משנה על משנה תורה, הלכות ערכים וחרמין","אברהם די בוטון","אחרונים","","1500","1945"
"לחם משנה על משנה תורה, הלכות פסולי המוקדשין","אברהם די בוטון","אחרונים","","1500","1945"
"לחם משנה על משנה תורה, הלכות קידוש החודש","אברהם די בוטון","אחרונים","","1500","1945"
"לחם משנה על משנה תורה, הלכות קרבן פסח","אברהם די בוטון","אחרונים","","1500","1945"
"לחם משנה על משנה תורה, הלכות קריאת שמע","אברהם די בוטון","אחרונים","","1500","1945"
"לחם משנה על משנה תורה, הלכות שאלה ופיקדון","אברהם די בוטון","אחרונים","","1500","1945"
"לחם משנה על משנה תורה, הלכות שבועות","אברהם די בוטון","אחרונים","","1500","1945"
"לחם משנה על משנה תורה, הלכות שביתת יום טוב","אברהם די בוטון","אחרונים","","1500","1945"
"לחם משנה על משנה תורה, הלכות שביתת עשור","אברהם די בוטון","אחרונים","","1500","1945"
"לחם משנה על משנה תורה, הלכות שבת","אברהם די בוטון","אחרונים","","1500","1945"
"לחם משנה על משנה תורה, הלכות שגגות","אברהם די בוטון","אחרונים","","1500","1945"
"לחם משנה על משנה תורה, הלכות שופר וסוכה ולולב","אברהם די בוטון","אחרונים","","1500","1945"
"לחם משנה על משנה תורה, הלכות שחיטה","אברהם די בוטון","אחרונים","","1500","1945"
"לחם משנה על משנה תורה, הלכות שכירות","אברהם די בוטון","אחרונים","","1500","1945"
"לחם משנה על משנה תורה, הלכות שכנים","אברהם די בוטון","אחרונים","","1500","1945"
"לחם משנה על משנה תורה, הלכות שלוחין ושותפין","אברהם די בוטון","אחרונים","","1500","1945"
"לחם משנה על משנה תורה, הלכות תלמוד תורה","אברהם די בוטון","אחרונים","","1500","1945"
"לחם משנה על משנה תורה, הלכות תמורה","אברהם די בוטון","אחרונים","","1500","1945"
"לחם משנה על משנה תורה, הלכות תמידים ומוספין","אברהם די בוטון","אחרונים","","1500","1945"
"לחם משנה על משנה תורה, הלכות תעניות","אברהם די בוטון","אחרונים","","1500","1945"
"לחם משנה על משנה תורה, הלכות תפילה וברכת כהנים","אברהם די בוטון","אחרונים","","1500","1945"
"לחם משנה על משנה תורה, הלכות תשובה","אברהם די בוטון","אחרונים","","1500","1945"
"לחם שמים על משנה אהלות","יעקב עמדין","אחרונים","","1500","1945"
"לחם שמים על משנה בבא בתרא","יעקב עמדין","אחרונים","","1500","1945"
"לחם שמים על משנה בבא מציעא","יעקב עמדין","אחרונים","","1500","1945"
"לחם שמים על משנה בבא קמא","יעקב עמדין","אחרונים","","1500","1945"
"לחם שמים על משנה ביכורים","יעקב עמדין","אחרונים","","1500","1945"
"לחם שמים על משנה ביצה","יעקב עמדין","אחרונים","","1500","1945"
"לחם שמים על משנה בכורות","יעקב עמדין","אחרונים","","1500","1945"
"לחם שמים על משנה ברכות","יעקב עמדין","אחרונים","","1500","1945"
"לחם שמים על משנה גיטין","יעקב עמדין","אחרונים","","1500","1945"
"לחם שמים על משנה דמאי","יעקב עמדין","אחרונים","","1500","1945"
"לחם שמים על משנה הוריות","יעקב עמדין","אחרונים","","1500","1945"
"לחם שמים על משנה זבחים","יעקב עמדין","אחרונים","","1500","1945"
"לחם שמים על משנה זבים","יעקב עמדין","אחרונים","","1500","1945"
"לחם שמים על משנה חגיגה","יעקב עמדין","אחרונים","","1500","1945"
"לחם שמים על משנה חולין","יעקב עמדין","אחרונים","","1500","1945"
"לחם שמים על משנה חלה","יעקב עמדין","אחרונים","","1500","1945"
"לחם שמים על משנה טבול יום","יעקב עמדין","אחרונים","","1500","1945"
"לחם שמים על משנה טהרות","יעקב עמדין","אחרונים","","1500","1945"
"לחם שמים על משנה יבמות","יעקב עמדין","אחרונים","","1500","1945"
"לחם שמים על משנה ידים","יעקב עמדין","אחרונים","","1500","1945"
"לחם שמים על משנה יומא","יעקב עמדין","אחרונים","","1500","1945"
"לחם שמים על משנה כלאים","יעקב עמדין","אחרונים","","1500","1945"
"לחם שמים על משנה כלים","יעקב עמדין","אחרונים","","1500","1945"
"לחם שמים על משנה כריתות","יעקב עמדין","אחרונים","","1500","1945"
"לחם שמים על משנה כתובות","יעקב עמדין","אחרונים","","1500","1945"
"לחם שמים על משנה מגילה","יעקב עמדין","אחרונים","","1500","1945"
"לחם שמים על משנה מועד קטן","יעקב עמדין","אחרונים","","1500","1945"
"לחם שמים על משנה מידות","יעקב עמדין","אחרונים","","1500","1945"
"לחם שמים על משנה מכות","יעקב עמדין","אחרונים","","1500","1945"
"לחם שמים על משנה מכשירין","יעקב עמדין","אחרונים","","1500","1945"
"לחם שמים על משנה מנחות","יעקב עמדין","אחרונים","","1500","1945"
"לחם שמים על משנה מעילה","יעקב עמדין","אחרונים","","1500","1945"
"לחם שמים על משנה מעשר שני","יעקב עמדין","אחרונים","","1500","1945"
"לחם שמים על משנה מעשרות","יעקב עמדין","אחרונים","","1500","1945"
"לחם שמים על משנה מקואת","יעקב עמדין","אחרונים","","1500","1945"
"לחם שמים על משנה נגעים","יעקב עמדין","אחרונים","","1500","1945"
"לחם שמים על משנה נדה","יעקב עמדין","אחרונים","","1500","1945"
"לחם שמים על משנה נדרים","יעקב עמדין","אחרונים","","1500","1945"
"לחם שמים על משנה נזיר","יעקב עמדין","אחרונים","","1500","1945"
"לחם שמים על משנה סוטה","יעקב עמדין","אחרונים","","1500","1945"
"לחם שמים על משנה סוכה","יעקב עמדין","אחרונים","","1500","1945"
"לחם שמים על משנה סנהדרין","יעקב עמדין","אחרונים","","1500","1945"
"לחם שמים על משנה עבודה זרה","יעקב עמדין","אחרונים","","1500","1945"
"לחם שמים על משנה עדיות","יעקב עמדין","אחרונים","","1500","1945"
"לחם שמים על משנה עוקצים","יעקב עמדין","אחרונים","","1500","1945"
"לחם שמים על משנה עירובין","יעקב עמדין","אחרונים","","1500","1945"
"לחם שמים על משנה ערכין","יעקב עמדין","אחרונים","","1500","1945"
"לחם שמים על משנה ערלה","יעקב עמדין","אחרונים","","1500","1945"
"לחם שמים על משנה פאה","יעקב עמדין","אחרונים","","1500","1945"
"לחם שמים על משנה פסחים","יעקב עמדין","אחרונים","","1500","1945"
"לחם שמים על משנה פרה","יעקב עמדין","אחרונים","","1500","1945"
"לחם שמים על משנה קידושין","יעקב עמדין","אחרונים","","1500","1945"
"לחם שמים על משנה קינים","יעקב עמדין","אחרונים","","1500","1945"
"לחם שמים על משנה ראש השנה","יעקב עמדין","אחרונים","","1500","1945"
"לחם שמים על משנה שבועות","יעקב עמדין","אחרונים","","1500","1945"
"לחם שמים על משנה שביעית","יעקב עמדין","אחרונים","","1500","1945"
"לחם שמים על משנה שבת","יעקב עמדין","אחרונים","","1500","1945"
"לחם שמים על משנה שקלים","יעקב עמדין","אחרונים","","1500","1945"
"לחם שמים על משנה תורה, הלכות בית הבחירה","יעקב עמדין","אחרונים","","1500","1945"
"לחם שמים על משנה תמורה","יעקב עמדין","אחרונים","","1500","1945"
"לחם שמים על משנה תמיד","יעקב עמדין","אחרונים","","1500","1945"
"לחם שמים על משנה תענית","יעקב עמדין","אחרונים","","1500","1945"
"לחם שמים על משנה תרומות","יעקב עמדין","אחרונים","","1500","1945"
"לחם שמים על פרקי אבות","יעקב עמדין","אחרונים","","1500","1945"
"לחם שמים, הקדמה לפירוש המשנה","יעקב עמדין","אחרונים","","1500","1945"
"לחקרי הלכות","","אחרונים","","",""
"לי לישועה","","אחרונים","","",""
"לי לישועה (על התנך)","","אחרונים","","",""
"ליקוטי הלכות","נתן שטרנהרץ","אחרונים","","1500","1945"
"ליקוטי השס","","אחרונים","","",""
"ליקוטי חבר בן חיים א","","אחרונים","","",""
"ליקוטי חבר בן חיים ב","","אחרונים","","",""
"ליקוטי חבר בן חיים ג","","אחרונים","","",""
"ליקוטי חבר בן חיים ד","","אחרונים","","",""
"ליקוטי חבר בן חיים ו","","אחרונים","","",""
"ליקוטי חבר בן חיים ז","","אחרונים","","",""
"ליקוטי חבר בן חיים ח","","אחרונים","","",""
"ליקוטי חבר בן חיים י","","אחרונים","","",""
"ליקוטי מהריח חלק א","","אחרונים","","",""
"ליקוטי מהריל על התורה","","אחרונים","","",""
"ליקוטי מהריל על כתובות","","אחרונים","","",""
"ליקוטי מהריל על קידושין","","אחרונים","","",""
"ליקוטי מוהר""ן","נחמן מברסלב‎","אחרונים","","1500","1945"
"ליקוטי עצות","נחמן מברסלב‎","אחרונים","","1500","1945"
"ליקוטי תפילות","נתן שטרנהרץ","אחרונים","","1500","1945"
"ליקוטים מכתבי הרמחל זל","","אחרונים","","",""
"ליקוטים על התורה","רבי יוסף פינטו (קדם לתרל""ו)","אחרונים","","",""
"לישרים תהילה","","אחרונים","","",""
"לכה דודי","שלמה הלוי אלקבץ","אחרונים","","1500","1945"
"למודי ד","","אחרונים","","",""
"לפלגות ראובן חלק א","","אחרונים","","",""
"לפלגות ראובן חלק ב","","אחרונים","","",""
"לפלגות ראובן חלק ג","","אחרונים","","",""
"לקוטי הפרדס","רש״י","ראשונים","","1038","1492"
"לקוטי חבר בן חיים","","אחרונים","","",""
"לקוטי מדרשים מכתב יד","","חז""ל","","",""
"לקוטי שלמה","","אחרונים","","",""
"לקוטי תורה","שניאור זלמן מליאדי","אחרונים","","1500","1945"
"לקוטים ממדרש שוחר טוב כתב יד","","חז""ל","","",""
"לקח טוב","טוביה בן אליעזר","חז""ל","","-250","500"
"לקט יושר","","ראשונים","","",""
"לשד השמן","","אחרונים","","",""
"לשון הזהב שבת","","אחרונים","","",""
"לשון חכמים","יוסף חיים","אחרונים","","1500","1945"
"לשון ערומים","","אחרונים","","",""
"לשונות הרמבם","","אחרונים","","",""
"לשכת הסופר","רבי שלמה בן יוסף גאנצפריד","אחרונים","","1500","1945"
"מאור ושמש","קלונימוס קלמן אפשטיין","אחרונים","","1500","1945"
"מאור עינים","מנחם נחום מטשרנובל","אחרונים","","1500","1945"
"מאורות נתן","","אחרונים","","",""
"מאורי אש","","אחרונים","","",""
"מאיר עין על סדר עולם רבה","ירוחם מאיר ליינר","אחרונים","","1500","1945"
"מאירי על בבא בתרא","המאירי","ראשונים","","1038","1492"
"מאירי על בבא מציעא","המאירי","ראשונים","","1038","1492"
"מאירי על בבא קמא","המאירי","ראשונים","","1038","1492"
"מאירי על ביצה","המאירי","ראשונים","","1038","1492"
"מאירי על ברכות","המאירי","ראשונים","","1038","1492"
"מאירי על גיטין","המאירי","ראשונים","","1038","1492"
"מאירי על הוריות","המאירי","ראשונים","","1038","1492"
"מאירי על חגיגה","המאירי","ראשונים","","1038","1492"
"מאירי על חולין","המאירי","ראשונים","","1038","1492"
"מאירי על יבמות","המאירי","ראשונים","","1038","1492"
"מאירי על יומא","המאירי","ראשונים","","1038","1492"
"מאירי על כתובות","המאירי","ראשונים","","1038","1492"
"מאירי על מגילה","המאירי","ראשונים","","1038","1492"
"מאירי על מועד קטן","המאירי","ראשונים","","1038","1492"
"מאירי על מכות","המאירי","ראשונים","","1038","1492"
"מאירי על מסכת שקלים","","ראשונים","","",""
"מאירי על משנה חלה","","ראשונים","","",""
"מאירי על משנה מידות","","ראשונים","","",""
"מאירי על משנה מקואות","","ראשונים","","",""
"מאירי על נדה","המאירי","ראשונים","","1038","1492"
"מאירי על נדרים","המאירי","ראשונים","","1038","1492"
"מאירי על נזיר","המאירי","ראשונים","","1038","1492"
"מאירי על סוטה","המאירי","ראשונים","","1038","1492"
"מאירי על סוכה","המאירי","ראשונים","","1038","1492"
"מאירי על סנהדרין","המאירי","ראשונים","","1038","1492"
"מאירי על עבודה זרה","המאירי","ראשונים","","1038","1492"
"מאירי על עירובין","המאירי","ראשונים","","1038","1492"
"מאירי על פסחים","המאירי","ראשונים","","1038","1492"
"מאירי על קידושין","המאירי","ראשונים","","1038","1492"
"מאירי על ראש השנה","המאירי","ראשונים","","1038","1492"
"מאירי על שבועות","המאירי","ראשונים","","1038","1492"
"מאירי על שבת","המאירי","ראשונים","","1038","1492"
"מאירי על תהלים","המאירי","ראשונים","","1038","1492"
"מאירי על תמיד","המאירי","ראשונים","","1038","1492"
"מאירי על תענית","המאירי","ראשונים","","1038","1492"
"מאירת עיניים על שולחן ערוך חושן משפט","יהושע פלק‏ בן אלכסנדר הכהן","אחרונים","","1500","1945"
"מאמר ארבעה מלכים (ילקוט מדרשים)","","חז""ל","","",""
"מאמר גדולה ענוה","","חז""ל","","",""
"מאמר דבר תורה","","אחרונים","","",""
"מאמר החכמה","","אחרונים","","",""
"מאמר המלך","","אחרונים","","",""
"מאמר העיקרים","משה חיים לוצאטו (רמח""ל)","אחרונים","ראשוני האחרונים","1707","1747"
"מאמר ויהי מקץ","","אחרונים","","",""
"מאמר זהר הרקיע","ירוחם ליינער","אחרונים","","1500","1945"
"מאמר חכמת האמת להרמחל","","אחרונים","","",""
"מאמר מזכה הרבים","יוסף יוזל הורוביץ","אחרונים","","1500","1945"
"מאמר מרדכי","אהרן הלוי","ראשונים","","1038","1492"
"מאמר על ההגדות","","אחרונים","","",""
"מאמר על ישמעאל","רשב""א","ראשונים","","1038","1492"
"מאמר צפית לישועה","רבי ישראל מאיר הכהן","אחרונים","","1500","1945"
"מאמר שפוני טמוני חול","גרשון חנוך העניך ליינר","אחרונים","","1500","1945"
"מאמר תורה אור","","אחרונים","","",""
"מאמר תורת הבית","רבי ישראל מאיר הכהן","אחרונים","","1500","1945"
"מבוא השערים","קלונימוס קלמן שפירא","אחרונים","","1500","1945"
"מבוא התלמוד","צבי הירש חיות","אחרונים","","1500","1945"
"מבוא לספר הזוהר","יהודה לייב הלוי אשלג","מחברי זמננו","מחברי זמננו","1945","2026"
"מבוא לתורת מראכש","","מחברי זמננו","","",""
"מבוא שערי חמדה","","אחרונים","","",""
"מבוא שערים","","אחרונים","","",""
"מבחר הפנינים","שלמה בן יהודה אבן גבירול","ראשונים","","1038","1492"
"מביט חלק א","","אחרונים","","",""
"מביט חלק ב","","אחרונים","","",""
"מביט חלק ג","","אחרונים","","",""
"מגדל חננאל","","אחרונים","","",""
"מגדל עוז על משנה תורה, הלכות אבל","שם טוב בן אברהם אבן גאון","ראשונים","","1038","1492"
"מגדל עוז על משנה תורה, הלכות איסורי ביאה","שם טוב בן אברהם אבן גאון","ראשונים","","1038","1492"
"מגדל עוז על משנה תורה, הלכות אישות","שם טוב בן אברהם אבן גאון","ראשונים","","1038","1492"
"מגדל עוז על משנה תורה, הלכות ברכות","שם טוב בן אברהם אבן גאון","ראשונים","","1038","1492"
"מגדל עוז על משנה תורה, הלכות גזילה ואבידה","שם טוב בן אברהם אבן גאון","ראשונים","","1038","1492"
"מגדל עוז על משנה תורה, הלכות גירושין","שם טוב בן אברהם אבן גאון","ראשונים","","1038","1492"
"מגדל עוז על משנה תורה, הלכות גניבה","שם טוב בן אברהם אבן גאון","ראשונים","","1038","1492"
"מגדל עוז על משנה תורה, הלכות דעות","שם טוב בן אברהם אבן גאון","ראשונים","","1038","1492"
"מגדל עוז על משנה תורה, הלכות זכייה ומתנה","שם טוב בן אברהם אבן גאון","ראשונים","","1038","1492"
"מגדל עוז על משנה תורה, הלכות חובל ומזיק","שם טוב בן אברהם אבן גאון","ראשונים","","1038","1492"
"מגדל עוז על משנה תורה, הלכות חמץ ומצה","שם טוב בן אברהם אבן גאון","ראשונים","","1038","1492"
"מגדל עוז על משנה תורה, הלכות טוען ונטען","שם טוב בן אברהם אבן גאון","ראשונים","","1038","1492"
"מגדל עוז על משנה תורה, הלכות יבום וחליצה","שם טוב בן אברהם אבן גאון","ראשונים","","1038","1492"
"מגדל עוז על משנה תורה, הלכות יסודי התורה","שם טוב בן אברהם אבן גאון","ראשונים","","1038","1492"
"מגדל עוז על משנה תורה, הלכות מאכלות אסורות","שם טוב בן אברהם אבן גאון","ראשונים","","1038","1492"
"מגדל עוז על משנה תורה, הלכות מילה","שם טוב בן אברהם אבן גאון","ראשונים","","1038","1492"
"מגדל עוז על משנה תורה, הלכות מכירה","שם טוב בן אברהם אבן גאון","ראשונים","","1038","1492"
"מגדל עוז על משנה תורה, הלכות מלווה ולווה","שם טוב בן אברהם אבן גאון","ראשונים","","1038","1492"
"מגדל עוז על משנה תורה, הלכות מלכים ומלחמות","שם טוב בן אברהם אבן גאון","ראשונים","","1038","1492"
"מגדל עוז על משנה תורה, הלכות ממרים","שם טוב בן אברהם אבן גאון","ראשונים","","1038","1492"
"מגדל עוז על משנה תורה, הלכות נדרים","שם טוב בן אברהם אבן גאון","ראשונים","","1038","1492"
"מגדל עוז על משנה תורה, הלכות נזירות","שם טוב בן אברהם אבן גאון","ראשונים","","1038","1492"
"מגדל עוז על משנה תורה, הלכות נזקי ממון","שם טוב בן אברהם אבן גאון","ראשונים","","1038","1492"
"מגדל עוז על משנה תורה, הלכות נחלות","שם טוב בן אברהם אבן גאון","ראשונים","","1038","1492"
"מגדל עוז על משנה תורה, הלכות נערה בתולה","שם טוב בן אברהם אבן גאון","ראשונים","","1038","1492"
"מגדל עוז על משנה תורה, הלכות סוטה","שם טוב בן אברהם אבן גאון","ראשונים","","1038","1492"
"מגדל עוז על משנה תורה, הלכות סנהדרין והעונשין המסורין להם","שם טוב בן אברהם אבן גאון","ראשונים","","1038","1492"
"מגדל עוז על משנה תורה, הלכות עבדים","שם טוב בן אברהם אבן גאון","ראשונים","","1038","1492"
"מגדל עוז על משנה תורה, הלכות עבודה זרה וחוקות הגויים","שם טוב בן אברהם אבן גאון","ראשונים","","1038","1492"
"מגדל עוז על משנה תורה, הלכות עדות","שם טוב בן אברהם אבן גאון","ראשונים","","1038","1492"
"מגדל עוז על משנה תורה, הלכות עירובין","שם טוב בן אברהם אבן גאון","ראשונים","","1038","1492"
"מגדל עוז על משנה תורה, הלכות ערכים וחרמין","שם טוב בן אברהם אבן גאון","ראשונים","","1038","1492"
"מגדל עוז על משנה תורה, הלכות ציצית","שם טוב בן אברהם אבן גאון","ראשונים","","1038","1492"
"מגדל עוז על משנה תורה, הלכות קידוש החודש","שם טוב בן אברהם אבן גאון","ראשונים","","1038","1492"
"מגדל עוז על משנה תורה, הלכות קריאת שמע","שם טוב בן אברהם אבן גאון","ראשונים","","1038","1492"
"מגדל עוז על משנה תורה, הלכות רוצח ושמירת נפש","שם טוב בן אברהם אבן גאון","ראשונים","","1038","1492"
"מגדל עוז על משנה תורה, הלכות שאלה ופיקדון","שם טוב בן אברהם אבן גאון","ראשונים","","1038","1492"
"מגדל עוז על משנה תורה, הלכות שבועות","שם טוב בן אברהם אבן גאון","ראשונים","","1038","1492"
"מגדל עוז על משנה תורה, הלכות שביתת יום טוב","שם טוב בן אברהם אבן גאון","ראשונים","","1038","1492"
"מגדל עוז על משנה תורה, הלכות שביתת עשור","שם טוב בן אברהם אבן גאון","ראשונים","","1038","1492"
"מגדל עוז על משנה תורה, הלכות שבת","שם טוב בן אברהם אבן גאון","ראשונים","","1038","1492"
"מגדל עוז על משנה תורה, הלכות שופר וסוכה ולולב","שם טוב בן אברהם אבן גאון","ראשונים","","1038","1492"
"מגדל עוז על משנה תורה, הלכות שחיטה","שם טוב בן אברהם אבן גאון","ראשונים","","1038","1492"
"מגדל עוז על משנה תורה, הלכות שכירות","שם טוב בן אברהם אבן גאון","ראשונים","","1038","1492"
"מגדל עוז על משנה תורה, הלכות שכנים","שם טוב בן אברהם אבן גאון","ראשונים","","1038","1492"
"מגדל עוז על משנה תורה, הלכות שלוחין ושותפין","שם טוב בן אברהם אבן גאון","ראשונים","","1038","1492"
"מגדל עוז על משנה תורה, הלכות שקלים","שם טוב בן אברהם אבן גאון","ראשונים","","1038","1492"
"מגדל עוז על משנה תורה, הלכות תלמוד תורה","שם טוב בן אברהם אבן גאון","ראשונים","","1038","1492"
"מגדל עוז על משנה תורה, הלכות תעניות","שם טוב בן אברהם אבן גאון","ראשונים","","1038","1492"
"מגדל עוז על משנה תורה, הלכות תפילה וברכת כהנים","שם טוב בן אברהם אבן גאון","ראשונים","","1038","1492"
"מגדל עוז על משנה תורה, הלכות תפילין ומזוזה וספר תורה","שם טוב בן אברהם אבן גאון","ראשונים","","1038","1492"
"מגדל עוז על משנה תורה, הלכות תשובה","שם טוב בן אברהם אבן גאון","ראשונים","","1038","1492"
"מגדל־עז או תמת ישרים","","אחרונים","","",""
"מגיד דבריו ליעקב","דב בער ממזריטש","אחרונים","","1500","1945"
"מגיד מישרים","יוסף קארו","אחרונים","","1500","1945"
"מגיד משנה על משנה תורה, הלכות איסורי ביאה","וידאל די טולושא","ראשונים","","1038","1492"
"מגיד משנה על משנה תורה, הלכות אישות","וידאל די טולושא","ראשונים","","1038","1492"
"מגיד משנה על משנה תורה, הלכות גזילה ואבידה","וידאל די טולושא","ראשונים","","1038","1492"
"מגיד משנה על משנה תורה, הלכות גירושין","וידאל די טולושא","ראשונים","","1038","1492"
"מגיד משנה על משנה תורה, הלכות גניבה","וידאל די טולושא","ראשונים","","1038","1492"
"מגיד משנה על משנה תורה, הלכות זכייה ומתנה","וידאל די טולושא","ראשונים","","1038","1492"
"מגיד משנה על משנה תורה, הלכות חובל ומזיק","וידאל די טולושא","ראשונים","","1038","1492"
"מגיד משנה על משנה תורה, הלכות חמץ ומצה","וידאל די טולושא","ראשונים","","1038","1492"
"מגיד משנה על משנה תורה, הלכות טוען ונטען","וידאל די טולושא","ראשונים","","1038","1492"
"מגיד משנה על משנה תורה, הלכות יבום וחליצה","וידאל די טולושא","ראשונים","","1038","1492"
"מגיד משנה על משנה תורה, הלכות מאכלות אסורות","וידאל די טולושא","ראשונים","","1038","1492"
"מגיד משנה על משנה תורה, הלכות מגילה וחנוכה","וידאל די טולושא","ראשונים","","1038","1492"
"מגיד משנה על משנה תורה, הלכות מכירה","וידאל די טולושא","ראשונים","","1038","1492"
"מגיד משנה על משנה תורה, הלכות מלווה ולווה","וידאל די טולושא","ראשונים","","1038","1492"
"מגיד משנה על משנה תורה, הלכות נזקי ממון","וידאל די טולושא","ראשונים","","1038","1492"
"מגיד משנה על משנה תורה, הלכות נחלות","וידאל די טולושא","ראשונים","","1038","1492"
"מגיד משנה על משנה תורה, הלכות עירובין","וידאל די טולושא","ראשונים","","1038","1492"
"מגיד משנה על משנה תורה, הלכות שאלה ופיקדון","וידאל די טולושא","ראשונים","","1038","1492"
"מגיד משנה על משנה תורה, הלכות שביתת יום טוב","וידאל די טולושא","ראשונים","","1038","1492"
"מגיד משנה על משנה תורה, הלכות שביתת עשור","וידאל די טולושא","ראשונים","","1038","1492"
"מגיד משנה על משנה תורה, הלכות שבת","וידאל די טולושא","ראשונים","","1038","1492"
"מגיד משנה על משנה תורה, הלכות שופר וסוכה ולולב","וידאל די טולושא","ראשונים","","1038","1492"
"מגיד משנה על משנה תורה, הלכות שחיטה","וידאל די טולושא","ראשונים","","1038","1492"
"מגיד משנה על משנה תורה, הלכות שכירות","וידאל די טולושא","ראשונים","","1038","1492"
"מגיד משנה על משנה תורה, הלכות שכנים","וידאל די טולושא","ראשונים","","1038","1492"
"מגיד משנה על משנה תורה, הלכות תעניות","וידאל די טולושא","ראשונים","","1038","1492"
"מגילה","","חז""ל","","",""
"מגילת אנטיוכוס","","חז""ל","","",""
"מגילת אסתר על ספר המצוות","יצחק ליאון אבן צור","ראשונים","","1038","1492"
"מגילת ספר","","אחרונים","","",""
"מגילת סתרים על אסתר","יעקב בן יעקב משה מליסא","אחרונים","","1500","1945"
"מגילת עיפה","שבתי בן מאיר הכהן","אחרונים","","1500","1945"
"מגילת תענית","","חז""ל","","",""
"מגיני שלמה","","אחרונים","","",""
"מגלה עמוקות על התורה","נתן נטע שפירא","אחרונים","","1500","1945"
"מגלה עמוקות על פרשת ואתחנן","נתן נטע שפירא","אחרונים","","1500","1945"
"מגלת אנטיוכס בלשון ארמי","","חז""ל","","",""
"מגן אבות","שמעון בן צמח דוראן","ראשונים","","1038","1492"
"מגן אבות חלק א","","אחרונים","","",""
"מגן אבות חלק ב","","אחרונים","","",""
"מגן אברהם","אברהם אבלי הלוי גומבינר","אחרונים","","1500","1945"
"מגן שאול","","אחרונים","","",""
"מדבר קדמות","חיים דוד אזולאי","אחרונים","","1500","1945"
"מדות ודעות","","אחרונים","","",""
"מדרש אבא גוריון","","חז""ל","","",""
"מדרש אגדה","","חז""ל","","",""
"מדרש אותיות רבי עקיבא - נוסח א","","חז""ל","","",""
"מדרש איוב","","חז""ל","","",""
"מדרש אלפ״א ביתו״ת","","חז""ל","","",""
"מדרש אספה","","חז""ל","","",""
"מדרש אשת חיל","","חז""ל","","",""
"מדרש בחדוש על הגדה של פסח","אליעזר פואה","אחרונים","","1500","1945"
"מדרש בין מים למים","","חז""ל","","",""
"מדרש ברכת כהנים","","חז""ל","","",""
"מדרש האותיות","","חז""ל","","",""
"מדרש האתמרי","אליהו הכהן האיתמרי","אחרונים","","1500","1945"
"מדרש ואגדה לפרשת האזינו","","חז""ל","","",""
"מדרש ואלה תולדת אהרן ומשה","","חז""ל","","",""
"מדרש וזאת הברכה","","חז""ל","","",""
"מדרש זוטא","","חז""ל","","",""
"מדרש חופת אליהו (ילקוט מדרשים)","","חז""ל","","",""
"מדרש חמש עשרה נקודות שבמקרא","","חז""ל","","",""
"מדרש חמש עשרה נקודות שבמקרא (ילקוט מדרשים)","","חז""ל","","",""
"מדרש חסד לאומים","","חז""ל","","",""
"מדרש חסד לאומים (ילקוט מדרשים)","","חז""ל","","",""
"מדרש חסרות ויתרות","","חז""ל","","",""
"מדרש ילמדנו","","חז""ל","","",""
"מדרש ילמדנו מתוך ילקוט תלמוד תורה","יעקב בן חננאל סקילי","חז""ל","","-250","500"
"מדרש ירושלמי על מגלת אסתר","","חז""ל","","",""
"מדרש יתברך","","חז""ל","","",""
"מדרש כתפוח בעצי היער","","חז""ל","","",""
"מדרש לפרשת ראה שופטים תצא","","חז""ל","","",""
"מדרש לקח טוב","טוביה בן אליעזר","חז""ל","","-250","500"
"מדרש לקח טוב על איכה","טוביה בן אליעזר","חז""ל","","-250","500"
"מדרש לקח טוב על אסתר","טוביה בן אליעזר","חז""ל","","-250","500"
"מדרש לקח טוב על קהלת","טוביה בן אליעזר","חז""ל","","-250","500"
"מדרש לקח טוב על רות","טוביה בן אליעזר","חז""ל","","-250","500"
"מדרש לקח טוב על שיר השירים","טוביה בן אליעזר","חז""ל","","-250","500"
"מדרש מנין","","חז""ל","","",""
"מדרש משלי","","חז""ל","","",""
"מדרש סוד העבור","","חז""ל","","",""
"מדרש עשרת מלכים (ילקוט מדרשים)","","חז""ל","","",""
"מדרש פטירת משה","","חז""ל","","",""
"מדרש פנחס","פינחס בן אברהם אבא שפירא","אחרונים","","1500","1945"
"מדרש רבי עקיבה בן יוסף על התגין","","חז""ל","","",""
"מדרש שכל טוב","מנחם בן שלמה","חז""ל","","-250","500"
"מדרש שלשה וארבעה","","חז""ל","","",""
"מדרש שמואל","","חז""ל","","",""
"מדרש שמואל על אבות","שמואל די אוזידא","אחרונים","","1500","1945"
"מדרש שני כתובים","","חז""ל","","",""
"מדרש תדשא (ילקוט מדרשים)","","חז""ל","","",""
"מדרש תהילים","","חז""ל","","",""
"מדרש תמורה (ילקוט מדרשים)","","חז""ל","","",""
"מדרש תמורה השלם","","חז""ל","","",""
"מדרש תנאים על ספר דברים","","חז""ל","","",""
"מדרש תנחומא","","חז""ל","","",""
"מדרשי מגילת אסתר","רבי ימין צבאח","אחרונים","","",""
"מהר""י ברונא","","ראשונים","","",""
"מהר""י וייל","","ראשונים","","",""
"מהר""ם על בבא בתרא","","אחרונים","","",""
"מהר""ם על בבא מציעא","","אחרונים","","",""
"מהר""ם על בבא קמא","","אחרונים","","",""
"מהר""ם על ביצה","","אחרונים","","",""
"מהר""ם על גיטין","","אחרונים","","",""
"מהר""ם על חולין","","אחרונים","","",""
"מהר""ם על יבמות","","אחרונים","","",""
"מהר""ם על כתובות","","אחרונים","","",""
"מהר""ם על מכות","","אחרונים","","",""
"מהר""ם על נדה","","אחרונים","","",""
"מהר""ם על סוכה","","אחרונים","","",""
"מהר""ם על סנהדרין","","אחרונים","","",""
"מהר""ם על עבודה זרה","","אחרונים","","",""
"מהר""ם על עירובין","","אחרונים","","",""
"מהר""ם על פסחים","","אחרונים","","",""
"מהר""ם על קידושין","","אחרונים","","",""
"מהר""ם על שבת","","אחרונים","","",""
"מהר""ם שיף על בבא בתרא","","אחרונים","","",""
"מהר""ם שיף על בבא מציעא","","אחרונים","","",""
"מהר""ם שיף על בבא קמא","","אחרונים","","",""
"מהר""ם שיף על ביצה","","אחרונים","","",""
"מהר""ם שיף על גיטין","","אחרונים","","",""
"מהר""ם שיף על זבחים","","אחרונים","","",""
"מהר""ם שיף על חולין","","אחרונים","","",""
"מהר""ם שיף על כתובות","","אחרונים","","",""
"מהר""ם שיף על סנהדרין","","אחרונים","","",""
"מהר""ם שיף על עירובין","","אחרונים","","",""
"מהר""ם שיף על ראש השנה","","אחרונים","","",""
"מהר""ם שיף על שבת","","אחרונים","","",""
"מהרא״ח","רבי אלעזר חזן","אחרונים","","","1865"
"מהרז""ו הקצר על בראשית רבה","","אחרונים","","",""
"מהריא הלוי חלק א","","אחרונים","","",""
"מהריט אלגאזי על הלכות בכורות וחלה","","אחרונים","","",""
"מהריל (מנהגים)","","ראשונים","","",""
"מהרם חלאווה על פסחים","","ראשונים","","",""
"מהרם לובלין","","אחרונים","","",""
"מהרם שיק אבן העזר","","אחרונים","","",""
"מהרם שיק אורח חיים","","אחרונים","","",""
"מהרם שיק חושן משפט","","אחרונים","","",""
"מהרם שיק יורה דעה","","אחרונים","","",""
"מהרם שיק על התורה","","אחרונים","","",""
"מהרם שיק תריג מצות חלק א","","אחרונים","","",""
"מהרם שיק תריג מצות חלק ב","","אחרונים","","",""
"מהרש חלק א","","אחרונים","","",""
"מהרש חלק ב","","אחרונים","","",""
"מהרש חלק ג","","אחרונים","","",""
"מהרש חלק ד","","אחרונים","","",""
"מוסר השכל","","אחרונים","","",""
"מוסר ודעת","","אחרונים","","",""
"מועד לכל חי","","אחרונים","","",""
"מועד קטן","","חז""ל","","",""
"מור ואהלות","","אחרונים","","",""
"מורה באצבע","חיים דוד אזולאי","אחרונים","","1500","1945"
"מורה נבוכים","משה בן מימון (רמב""ם)","ראשונים","ראשוני הראשונים","1138","1204"
"מותר קנים על משנה קינים","יצחק אייזיק ספרין","אחרונים","","1500","1945"
"מזור ותרופה","","אחרונים","","",""
"מזל שעה","","אחרונים","","",""
"מזרחי","אליהו בן אברהם מזרחי","אחרונים","","1500","1945"
"מחברת מנחם","מנחם אִבֶּן סרוק","ראשונים","","1038","1492"
"מחוקקי יהודה יהל אור","יהודה לייב קרינסקי","אחרונים","","1500","1945"
"מחוקקי יהודה קרני אור","יהודה לייב קרינסקי","אחרונים","","1500","1945"
"מחזור אשכנז ליום כיפור","","חז""ל","","",""
"מחזור אשכנז לראש השנה","","חז""ל","","",""
"מחזור ויטרי","שמחה בן שמואל מויטרי","ראשונים","","1038","1492"
"מחזור יום כיפור עדות המזרח","","חז""ל","","",""
"מחזור ליום כיפור - אשכנז","אברהם דיוויס","חז""ל","","-250","500"
"מחזור ליום כפור ספרד","","חז""ל","","",""
"מחזור לראש השנה - אשכנז","אברהם דיוויס","חז""ל","","-250","500"
"מחזור ראש השנה ספרד","","חז""ל","","",""
"מחזור ראש השנה עדות המזרח","","חז""ל","","",""
"מחיר יין","משה בן ישראל איסרלישׂ","אחרונים","","1500","1945"
"מחנה אפרים חלק א - ב","","אחרונים","","",""
"מחנה דן","","אחרונים","","",""
"מחנה יהודה","","אחרונים","","",""
"מחנה ישראל","","אחרונים","","",""
"מחנה ישראל (ישראל)","","אחרונים","","",""
"מחצית השקל על אורח חיים","שמואל קעלין","אחרונים","","1500","1945"
"מחשבות חרוץ","צדוק הכהן רבינוביץ","אחרונים","","1500","1945"
"מטה אפרים","אפרים זלמן מרגליות","אחרונים","","1500","1945"
"מטה אפרים (ארדיט)","","אחרונים","","",""
"מטה אשר","","אחרונים","","",""
"מטה דן","דוד ניטו","אחרונים","","1500","1945"
"מטה יהונתן על שולחן ערוך אורח חיים","","אחרונים","","",""
"מטה יהונתן על שלחן ערוך יורה דעה","יהונתן אייבשיץ","אחרונים","","1500","1945"
"מטה לוי","מרקוס הורוביץ","אחרונים","","1500","1945"
"מטה משה","","ראשונים","","",""
"מטפחת ספרים","יעקב עמדין","אחרונים","","1500","1945"
"מי השלוח","מרדכי ליינר","אחרונים","","1500","1945"
"מיכה","","תורה שבכתב","","",""
"מילות הגיון","משה בן מימון (רמב""ם)","ראשונים","","1038","1492"
"מים קדושים על בכורות","","אחרונים","","",""
"מים קדושים על כריתות","","אחרונים","","",""
"מים שאל","","אחרונים","","",""
"מיני תרגומא על תורה","ישעיה פיק ברלין","אחרונים","","1500","1945"
"מיקרופדיה תלמודית","","מחברי זמננו","","",""
"מירא דכייא","","אחרונים","","",""
"מכות","","חז""ל","","",""
"מכילתא דרבי ישמעאל","","חז""ל","","",""
"מכילתא דרבי שמעון בן יוחאי","","חז""ל","","",""
"מכילתא לפרשת שמות וארא","","חז""ל","","",""
"מכתם לדוד","","אחרונים","","",""
"מלא הרועים חלק ב","","אחרונים","","",""
"מלאכי","","תורה שבכתב","","",""
"מלאכת חושב","","אחרונים","","",""
"מלאכת מחשבת חלק ב","","אחרונים","","",""
"מלאכת שלמה על משנה אבות","שלמה עדני","אחרונים","","1500","1945"
"מלאכת שלמה על משנה אהלות","שלמה עדני","אחרונים","","1500","1945"
"מלאכת שלמה על משנה בבא בתרא","שלמה עדני","אחרונים","","1500","1945"
"מלאכת שלמה על משנה בבא מציעא","שלמה עדני","אחרונים","","1500","1945"
"מלאכת שלמה על משנה בבא קמא","שלמה עדני","אחרונים","","1500","1945"
"מלאכת שלמה על משנה ביכורים","שלמה עדני","אחרונים","","1500","1945"
"מלאכת שלמה על משנה ביצה","שלמה עדני","אחרונים","","1500","1945"
"מלאכת שלמה על משנה בכורות","שלמה עדני","אחרונים","","1500","1945"
"מלאכת שלמה על משנה ברכות","שלמה עדני","אחרונים","","1500","1945"
"מלאכת שלמה על משנה גיטין","שלמה עדני","אחרונים","","1500","1945"
"מלאכת שלמה על משנה דמאי","שלמה עדני","אחרונים","","1500","1945"
"מלאכת שלמה על משנה הוריות","שלמה עדני","אחרונים","","1500","1945"
"מלאכת שלמה על משנה זבחים","שלמה עדני","אחרונים","","1500","1945"
"מלאכת שלמה על משנה זבים","שלמה עדני","אחרונים","","1500","1945"
"מלאכת שלמה על משנה חגיגה","שלמה עדני","אחרונים","","1500","1945"
"מלאכת שלמה על משנה חולין","שלמה עדני","אחרונים","","1500","1945"
"מלאכת שלמה על משנה חלה","שלמה עדני","אחרונים","","1500","1945"
"מלאכת שלמה על משנה טבול יום","שלמה עדני","אחרונים","","1500","1945"
"מלאכת שלמה על משנה טהרות","שלמה עדני","אחרונים","","1500","1945"
"מלאכת שלמה על משנה יבמות","שלמה עדני","אחרונים","","1500","1945"
"מלאכת שלמה על משנה ידים","שלמה עדני","אחרונים","","1500","1945"
"מלאכת שלמה על משנה יומא","שלמה עדני","אחרונים","","1500","1945"
"מלאכת שלמה על משנה כלאים","שלמה עדני","אחרונים","","1500","1945"
"מלאכת שלמה על משנה כלים","שלמה עדני","אחרונים","","1500","1945"
"מלאכת שלמה על משנה כריתות","שלמה עדני","אחרונים","","1500","1945"
"מלאכת שלמה על משנה כתובות","שלמה עדני","אחרונים","","1500","1945"
"מלאכת שלמה על משנה מגילה","שלמה עדני","אחרונים","","1500","1945"
"מלאכת שלמה על משנה מדות","שלמה עדני","אחרונים","","1500","1945"
"מלאכת שלמה על משנה מועד קטן","שלמה עדני","אחרונים","","1500","1945"
"מלאכת שלמה על משנה מכות","שלמה עדני","אחרונים","","1500","1945"
"מלאכת שלמה על משנה מכשירין","שלמה עדני","אחרונים","","1500","1945"
"מלאכת שלמה על משנה מנחות","שלמה עדני","אחרונים","","1500","1945"
"מלאכת שלמה על משנה מעילה","שלמה עדני","אחרונים","","1500","1945"
"מלאכת שלמה על משנה מעשר שני","שלמה עדני","אחרונים","","1500","1945"
"מלאכת שלמה על משנה מעשרות","שלמה עדני","אחרונים","","1500","1945"
"מלאכת שלמה על משנה מקואות","שלמה עדני","אחרונים","","1500","1945"
"מלאכת שלמה על משנה נגעים","שלמה עדני","אחרונים","","1500","1945"
"מלאכת שלמה על משנה נדה","שלמה עדני","אחרונים","","1500","1945"
"מלאכת שלמה על משנה נדרים","שלמה עדני","אחרונים","","1500","1945"
"מלאכת שלמה על משנה נזיר","שלמה עדני","אחרונים","","1500","1945"
"מלאכת שלמה על משנה סוטה","שלמה עדני","אחרונים","","1500","1945"
"מלאכת שלמה על משנה סוכה","שלמה עדני","אחרונים","","1500","1945"
"מלאכת שלמה על משנה סנהדרין","שלמה עדני","אחרונים","","1500","1945"
"מלאכת שלמה על משנה עבודה זרה","שלמה עדני","אחרונים","","1500","1945"
"מלאכת שלמה על משנה עדיות","שלמה עדני","אחרונים","","1500","1945"
"מלאכת שלמה על משנה עוקצים","שלמה עדני","אחרונים","","1500","1945"
"מלאכת שלמה על משנה עירובין","שלמה עדני","אחרונים","","1500","1945"
"מלאכת שלמה על משנה ערכין","שלמה עדני","אחרונים","","1500","1945"
"מלאכת שלמה על משנה ערלה","שלמה עדני","אחרונים","","1500","1945"
"מלאכת שלמה על משנה פאה","שלמה עדני","אחרונים","","1500","1945"
"מלאכת שלמה על משנה פסחים","שלמה עדני","אחרונים","","1500","1945"
"מלאכת שלמה על משנה פרה","שלמה עדני","אחרונים","","1500","1945"
"מלאכת שלמה על משנה קידושין","שלמה עדני","אחרונים","","1500","1945"
"מלאכת שלמה על משנה קינים","שלמה עדני","אחרונים","","1500","1945"
"מלאכת שלמה על משנה ראש השנה","שלמה עדני","אחרונים","","1500","1945"
"מלאכת שלמה על משנה שבועות","שלמה עדני","אחרונים","","1500","1945"
"מלאכת שלמה על משנה שביעית","שלמה עדני","אחרונים","","1500","1945"
"מלאכת שלמה על משנה שבת","שלמה עדני","אחרונים","","1500","1945"
"מלאכת שלמה על משנה שקלים","שלמה עדני","אחרונים","","1500","1945"
"מלאכת שלמה על משנה תורה, הלכות אבל","שלמה חכים","אחרונים","","1500","1945"
"מלאכת שלמה על משנה תורה, הלכות איסורי ביאה","שלמה חכים","אחרונים","","1500","1945"
"מלאכת שלמה על משנה תורה, הלכות אישות","שלמה חכים","אחרונים","","1500","1945"
"מלאכת שלמה על משנה תורה, הלכות ביאת מקדש","שלמה חכים","אחרונים","","1500","1945"
"מלאכת שלמה על משנה תורה, הלכות ביכורים ושאר מתנות כהונה שבגבולין","שלמה חכים","אחרונים","","1500","1945"
"מלאכת שלמה על משנה תורה, הלכות ברכות","שלמה חכים","אחרונים","","1500","1945"
"מלאכת שלמה על משנה תורה, הלכות גזילה ואבידה","שלמה חכים","אחרונים","","1500","1945"
"מלאכת שלמה על משנה תורה, הלכות גירושין","שלמה חכים","אחרונים","","1500","1945"
"מלאכת שלמה על משנה תורה, הלכות גניבה","שלמה חכים","אחרונים","","1500","1945"
"מלאכת שלמה על משנה תורה, הלכות זכייה ומתנה","שלמה חכים","אחרונים","","1500","1945"
"מלאכת שלמה על משנה תורה, הלכות חובל ומזיק","שלמה חכים","אחרונים","","1500","1945"
"מלאכת שלמה על משנה תורה, הלכות חמץ ומצה","שלמה חכים","אחרונים","","1500","1945"
"מלאכת שלמה על משנה תורה, הלכות טומאת אוכלים","שלמה חכים","אחרונים","","1500","1945"
"מלאכת שלמה על משנה תורה, הלכות טומאת מת","שלמה חכים","אחרונים","","1500","1945"
"מלאכת שלמה על משנה תורה, הלכות טוען ונטען","שלמה חכים","אחרונים","","1500","1945"
"מלאכת שלמה על משנה תורה, הלכות יבום וחליצה","שלמה חכים","אחרונים","","1500","1945"
"מלאכת שלמה על משנה תורה, הלכות יסודי התורה","שלמה חכים","אחרונים","","1500","1945"
"מלאכת שלמה על משנה תורה, הלכות מאכלות אסורות","שלמה חכים","אחרונים","","1500","1945"
"מלאכת שלמה על משנה תורה, הלכות מכירה","שלמה חכים","אחרונים","","1500","1945"
"מלאכת שלמה על משנה תורה, הלכות מלווה ולווה","שלמה חכים","אחרונים","","1500","1945"
"מלאכת שלמה על משנה תורה, הלכות מלכים ומלחמות","שלמה חכים","אחרונים","","1500","1945"
"מלאכת שלמה על משנה תורה, הלכות ממרים","שלמה חכים","אחרונים","","1500","1945"
"מלאכת שלמה על משנה תורה, הלכות מעילה","שלמה חכים","אחרונים","","1500","1945"
"מלאכת שלמה על משנה תורה, הלכות מעשה הקרבנות","שלמה חכים","אחרונים","","1500","1945"
"מלאכת שלמה על משנה תורה, הלכות מתנות עניים","שלמה חכים","אחרונים","","1500","1945"
"מלאכת שלמה על משנה תורה, הלכות נדרים","שלמה חכים","אחרונים","","1500","1945"
"מלאכת שלמה על משנה תורה, הלכות נזירות","שלמה חכים","אחרונים","","1500","1945"
"מלאכת שלמה על משנה תורה, הלכות נחלות","שלמה חכים","אחרונים","","1500","1945"
"מלאכת שלמה על משנה תורה, הלכות סוטה","שלמה חכים","אחרונים","","1500","1945"
"מלאכת שלמה על משנה תורה, הלכות סנהדרין והעונשין המסורין להם","שלמה חכים","אחרונים","","1500","1945"
"מלאכת שלמה על משנה תורה, הלכות עבדים","שלמה חכים","אחרונים","","1500","1945"
"מלאכת שלמה על משנה תורה, הלכות עבודה זרה וחוקות הגויים","שלמה חכים","אחרונים","","1500","1945"
"מלאכת שלמה על משנה תורה, הלכות עדות","שלמה חכים","אחרונים","","1500","1945"
"מלאכת שלמה על משנה תורה, הלכות עירובין","שלמה חכים","אחרונים","","1500","1945"
"מלאכת שלמה על משנה תורה, הלכות פסולי המוקדשין","שלמה חכים","אחרונים","","1500","1945"
"מלאכת שלמה על משנה תורה, הלכות פרה אדומה","שלמה חכים","אחרונים","","1500","1945"
"מלאכת שלמה על משנה תורה, הלכות קרבן פסח","שלמה חכים","אחרונים","","1500","1945"
"מלאכת שלמה על משנה תורה, הלכות רוצח ושמירת נפש","שלמה חכים","אחרונים","","1500","1945"
"מלאכת שלמה על משנה תורה, הלכות שאלה ופיקדון","שלמה חכים","אחרונים","","1500","1945"
"מלאכת שלמה על משנה תורה, הלכות שבועות","שלמה חכים","אחרונים","","1500","1945"
"מלאכת שלמה על משנה תורה, הלכות שביתת יום טוב","שלמה חכים","אחרונים","","1500","1945"
"מלאכת שלמה על משנה תורה, הלכות שבת","שלמה חכים","אחרונים","","1500","1945"
"מלאכת שלמה על משנה תורה, הלכות שופר וסוכה ולולב","שלמה חכים","אחרונים","","1500","1945"
"מלאכת שלמה על משנה תורה, הלכות שחיטה","שלמה חכים","אחרונים","","1500","1945"
"מלאכת שלמה על משנה תורה, הלכות שכירות","שלמה חכים","אחרונים","","1500","1945"
"מלאכת שלמה על משנה תורה, הלכות שכנים","שלמה חכים","אחרונים","","1500","1945"
"מלאכת שלמה על משנה תורה, הלכות שלוחין ושותפין","שלמה חכים","אחרונים","","1500","1945"
"מלאכת שלמה על משנה תורה, הלכות שקלים","שלמה חכים","אחרונים","","1500","1945"
"מלאכת שלמה על משנה תורה, הלכות תלמוד תורה","שלמה חכים","אחרונים","","1500","1945"
"מלאכת שלמה על משנה תורה, הלכות תמידים ומוספין","שלמה חכים","אחרונים","","1500","1945"
"מלאכת שלמה על משנה תורה, הלכות תעניות","שלמה חכים","אחרונים","","1500","1945"
"מלאכת שלמה על משנה תורה, הלכות תפילה וברכת כהנים","שלמה חכים","אחרונים","","1500","1945"
"מלאכת שלמה על משנה תורה, הלכות תפילין ומזוזה וספר תורה","שלמה חכים","אחרונים","","1500","1945"
"מלאכת שלמה על משנה תורה, הלכות תרומות","שלמה חכים","אחרונים","","1500","1945"
"מלאכת שלמה על משנה תמורה","שלמה עדני","אחרונים","","1500","1945"
"מלאכת שלמה על משנה תמיד","שלמה עדני","אחרונים","","1500","1945"
"מלאכת שלמה על משנה תענית","שלמה עדני","אחרונים","","1500","1945"
"מלאכת שלמה על משנה תרומות","שלמה עדני","אחרונים","","1500","1945"
"מלבושי יום טוב חלק א","","אחרונים","","",""
"מלבושי יום טוב חלק ב","","אחרונים","","",""
"מלבי""ם באור המילות על איוב","מלבי""ם","אחרונים","","1500","1945"
"מלבי""ם באור המילות על הושע","מלבי""ם","אחרונים","","1500","1945"
"מלבי""ם באור המילות על חבקוק","מלבי""ם","אחרונים","","1500","1945"
"מלבי""ם באור המילות על חגי","מלבי""ם","אחרונים","","1500","1945"
"מלבי""ם באור המילות על יואל","מלבי""ם","אחרונים","","1500","1945"
"מלבי""ם באור המילות על יחזקאל","מלבי""ם","אחרונים","","1500","1945"
"מלבי""ם באור המילות על ירמיהו","מלבי""ם","אחרונים","","1500","1945"
"מלבי""ם באור המילות על ישעיהו","מלבי""ם","אחרונים","","1500","1945"
"מלבי""ם באור המילות על מיכה","מלבי""ם","אחרונים","","1500","1945"
"מלבי""ם באור המילות על מלאכי","מלבי""ם","אחרונים","","1500","1945"
"מלבי""ם באור המילות על משלי","מלבי""ם","אחרונים","","1500","1945"
"מלבי""ם באור המילות על נחום","מלבי""ם","אחרונים","","1500","1945"
"מלבי""ם באור המילות על עובדיה","מלבי""ם","אחרונים","","1500","1945"
"מלבי""ם באור המילות על עמוס","מלבי""ם","אחרונים","","1500","1945"
"מלבי""ם באור המילות על צפניה","מלבי""ם","אחרונים","","1500","1945"
"מלבי""ם באור המילות על תהילים","מלבי""ם","אחרונים","","1500","1945"
"מלבי""ם על איוב","מלבי""ם","אחרונים","","1500","1945"
"מלבי""ם על אסתר","מלבי""ם","אחרונים","","1500","1945"
"מלבי""ם על במדבר","מלבי""ם","אחרונים","","1500","1945"
"מלבי""ם על בראשית","מלבי""ם","אחרונים","","1500","1945"
"מלבי""ם על דברי הימים א","מלבי""ם","אחרונים","","1500","1945"
"מלבי""ם על דברי הימים ב","מלבי""ם","אחרונים","","1500","1945"
"מלבי""ם על דברים","מלבי""ם","אחרונים","","1500","1945"
"מלבי""ם על דניאל","מלבי""ם","אחרונים","","1500","1945"
"מלבי""ם על הושע","מלבי""ם","אחרונים","","1500","1945"
"מלבי""ם על ויקרא","מלבי""ם","אחרונים","","1500","1945"
"מלבי""ם על זכריה","מלבי""ם","אחרונים","","1500","1945"
"מלבי""ם על חבקוק","מלבי""ם","אחרונים","","1500","1945"
"מלבי""ם על חגי","מלבי""ם","אחרונים","","1500","1945"
"מלבי""ם על יהושע","מלבי""ם","אחרונים","","1500","1945"
"מלבי""ם על יואל","מלבי""ם","אחרונים","","1500","1945"
"מלבי""ם על יונה","מלבי""ם","אחרונים","","1500","1945"
"מלבי""ם על יחזקאל","מלבי""ם","אחרונים","","1500","1945"
"מלבי""ם על ירמיהו","מלבי""ם","אחרונים","","1500","1945"
"מלבי""ם על ישעיהו","מלבי""ם","אחרונים","","1500","1945"
"מלבי""ם על מיכה","מלבי""ם","אחרונים","","1500","1945"
"מלבי""ם על מלאכי","מלבי""ם","אחרונים","","1500","1945"
"מלבי""ם על מלכים א","מלבי""ם","אחרונים","","1500","1945"
"מלבי""ם על מלכים ב","מלבי""ם","אחרונים","","1500","1945"
"מלבי""ם על משלי","מלבי""ם","אחרונים","","1500","1945"
"מלבי""ם על נחום","מלבי""ם","אחרונים","","1500","1945"
"מלבי""ם על נחמיה","מלבי""ם","אחרונים","","1500","1945"
"מלבי""ם על עובדיה","מלבי""ם","אחרונים","","1500","1945"
"מלבי""ם על עזרא","מלבי""ם","אחרונים","","1500","1945"
"מלבי""ם על עמוס","מלבי""ם","אחרונים","","1500","1945"
"מלבי""ם על צפניה","מלבי""ם","אחרונים","","1500","1945"
"מלבי""ם על רות","מלבי""ם","אחרונים","","1500","1945"
"מלבי""ם על שופטים","מלבי""ם","אחרונים","","1500","1945"
"מלבי""ם על שיר השירים","מלבי""ם","אחרונים","","1500","1945"
"מלבי""ם על שמואל א","מלבי""ם","אחרונים","","1500","1945"
"מלבי""ם על שמואל ב","מלבי""ם","אחרונים","","1500","1945"
"מלבי""ם על שמות","מלבי""ם","אחרונים","","1500","1945"
"מלבי""ם על תהילים","מלבי""ם","אחרונים","","1500","1945"
"מלחמות השם","רלב""ג","ראשונים","","1038","1492"
"מלחמת היהודים","יוסף בן מתתיהו","חז""ל","","-250","500"
"מלחמת השם על בבא בתרא","רמב״ן","ראשונים","","1038","1492"
"מלחמת השם על בבא מציעא","רמב״ן","ראשונים","","1038","1492"
"מלחמת השם על בבא קמא","רמב״ן","ראשונים","","1038","1492"
"מלחמת השם על ביצה","רמב״ן","ראשונים","","1038","1492"
"מלחמת השם על ברכות","רמב״ן","ראשונים","","1038","1492"
"מלחמת השם על גיטין","רמב״ן","ראשונים","","1038","1492"
"מלחמת השם על חולין","רמב״ן","ראשונים","","1038","1492"
"מלחמת השם על יבמות","רמב״ן","ראשונים","","1038","1492"
"מלחמת השם על יומא","רמב״ן","ראשונים","","1038","1492"
"מלחמת השם על כתובות","רמב״ן","ראשונים","","1038","1492"
"מלחמת השם על מגילה","רמב״ן","ראשונים","","1038","1492"
"מלחמת השם על מועד קטן","רמב״ן","ראשונים","","1038","1492"
"מלחמת השם על מכות","רמב״ן","ראשונים","","1038","1492"
"מלחמת השם על סוכה","רמב״ן","ראשונים","","1038","1492"
"מלחמת השם על סנהדרין","רמב״ן","ראשונים","","1038","1492"
"מלחמת השם על עבודה זרה","רמב״ן","ראשונים","","1038","1492"
"מלחמת השם על עירובין","רמב״ן","ראשונים","","1038","1492"
"מלחמת השם על פסחים","רמב״ן","ראשונים","","1038","1492"
"מלחמת השם על קידושין","רמב״ן","ראשונים","","1038","1492"
"מלחמת השם על ראש השנה","רמב״ן","ראשונים","","1038","1492"
"מלחמת השם על שבועות","רמב״ן","ראשונים","","1038","1492"
"מלחמת השם על שבת","רמב״ן","ראשונים","","1038","1492"
"מלחמת השם על תענית","רמב״ן","ראשונים","","1038","1492"
"מלחמת מצווה","","ראשונים","","",""
"מלך שלם","","אחרונים","","",""
"מלכי בקדש","","אחרונים","","",""
"מלכים א","","תורה שבכתב","","",""
"מלכים ב","","תורה שבכתב","","",""
"מלמד התלמידים","","ראשונים","","",""
"מלמד להועיל חלק א","דוד צבי הופמן","אחרונים","","1500","1945"
"מלמד להועיל חלק ב","דוד צבי הופמן","אחרונים","","1500","1945"
"מלמד להועיל חלק ג","דוד צבי הופמן","אחרונים","","1500","1945"
"מנורת המאור","ישראל בן יוסף אלנאקוה","ראשונים","","1038","1492"
"מנורת המאור (אבוהב)","","ראשונים","","",""
"מנות הלוי על אסתר","שלמה הלוי אלקבץ","אחרונים","","1500","1945"
"מנחה","","חז""ל","","",""
"מנחה חריבה","","אחרונים","","",""
"מנחות","","חז""ל","","",""
"מנחם ציון","","אחרונים","","",""
"מנחת ברוך אורח חיים","","אחרונים","","",""
"מנחת ברוך יורה דעה","","אחרונים","","",""
"מנחת חינוך","יוסף בן משה באב""ד","אחרונים","","1500","1945"
"מנחת נתנאל","","אחרונים","","",""
"מנחת עני על התורה","","אחרונים","","",""
"מנחת קנאות","אבא מארי ב""ר משה מלוניל","ראשונים","","1038","1492"
"מנחת שי על איוב","ידידיה שלמה רפאל נורצי","ראשונים","","1038","1492"
"מנחת שי על איכה","ידידיה שלמה רפאל נורצי","ראשונים","","1038","1492"
"מנחת שי על אסתר","ידידיה שלמה רפאל נורצי","ראשונים","","1038","1492"
"מנחת שי על דברי הימים א","ידידיה שלמה רפאל נורצי","ראשונים","","1038","1492"
"מנחת שי על דברי הימים ב","ידידיה שלמה רפאל נורצי","ראשונים","","1038","1492"
"מנחת שי על דניאל","ידידיה שלמה רפאל נורצי","ראשונים","","1038","1492"
"מנחת שי על הושע","ידידיה שלמה רפאל נורצי","ראשונים","","1038","1492"
"מנחת שי על זכריה","ידידיה שלמה רפאל נורצי","ראשונים","","1038","1492"
"מנחת שי על חבקוק","ידידיה שלמה רפאל נורצי","ראשונים","","1038","1492"
"מנחת שי על חגי","ידידיה שלמה רפאל נורצי","ראשונים","","1038","1492"
"מנחת שי על יהושע","ידידיה שלמה רפאל נורצי","ראשונים","","1038","1492"
"מנחת שי על יואל","ידידיה שלמה רפאל נורצי","ראשונים","","1038","1492"
"מנחת שי על יונה","ידידיה שלמה רפאל נורצי","ראשונים","","1038","1492"
"מנחת שי על יחזקאל","ידידיה שלמה רפאל נורצי","ראשונים","","1038","1492"
"מנחת שי על ירמיהו","ידידיה שלמה רפאל נורצי","ראשונים","","1038","1492"
"מנחת שי על ישעיהו","ידידיה שלמה רפאל נורצי","ראשונים","","1038","1492"
"מנחת שי על מיכה","ידידיה שלמה רפאל נורצי","ראשונים","","1038","1492"
"מנחת שי על מלאכי","ידידיה שלמה רפאל נורצי","ראשונים","","1038","1492"
"מנחת שי על מלכים א","ידידיה שלמה רפאל נורצי","ראשונים","","1038","1492"
"מנחת שי על מלכים ב","ידידיה שלמה רפאל נורצי","ראשונים","","1038","1492"
"מנחת שי על משלי","ידידיה שלמה רפאל נורצי","ראשונים","","1038","1492"
"מנחת שי על נחום","ידידיה שלמה רפאל נורצי","ראשונים","","1038","1492"
"מנחת שי על נחמיה","ידידיה שלמה רפאל נורצי","ראשונים","","1038","1492"
"מנחת שי על עובדיה","ידידיה שלמה רפאל נורצי","ראשונים","","1038","1492"
"מנחת שי על עזרא","ידידיה שלמה רפאל נורצי","ראשונים","","1038","1492"
"מנחת שי על עמוס","ידידיה שלמה רפאל נורצי","ראשונים","","1038","1492"
"מנחת שי על צפניה","ידידיה שלמה רפאל נורצי","ראשונים","","1038","1492"
"מנחת שי על קהלת","ידידיה שלמה רפאל נורצי","ראשונים","","1038","1492"
"מנחת שי על רות","ידידיה שלמה רפאל נורצי","ראשונים","","1038","1492"
"מנחת שי על שופטים","ידידיה שלמה רפאל נורצי","ראשונים","","1038","1492"
"מנחת שי על שיר השירים","ידידיה שלמה רפאל נורצי","ראשונים","","1038","1492"
"מנחת שי על שמואל א","ידידיה שלמה רפאל נורצי","ראשונים","","1038","1492"
"מנחת שי על שמואל ב","ידידיה שלמה רפאל נורצי","ראשונים","","1038","1492"
"מנחת שי על תהלים","ידידיה שלמה רפאל נורצי","ראשונים","","1038","1492"
"מנחת שי על תורה","ידידיה שלמה רפאל נורצי","ראשונים","","1038","1492"
"מסורת הש״ס על מסכת כותים","יהושע בועז","אחרונים","","1500","1945"
"מסורת הש״ס על מסכת מזוזה","יהושע בועז","אחרונים","","1500","1945"
"מסורת הש״ס על מסכת ספר תורה","יהושע בועז","אחרונים","","1500","1945"
"מסורת הש״ס על מסכת עבדים","יהושע בועז","אחרונים","","1500","1945"
"מסורת הש״ס על מסכת ציצית","יהושע בועז","אחרונים","","1500","1945"
"מסורת הש״ס על מסכת תפילין","יהושע בועז","אחרונים","","1500","1945"
"מסורת התוספתא על בבא בתרא","שאול ליברמן","אחרונים","","1500","1945"
"מסורת התוספתא על בבא מציעא","שאול ליברמן","אחרונים","","1500","1945"
"מסורת התוספתא על בבא קמא","שאול ליברמן","אחרונים","","1500","1945"
"מסורת התוספתא על ביכורים","שאול ליברמן","אחרונים","","1500","1945"
"מסורת התוספתא על ביצה","שאול ליברמן","אחרונים","","1500","1945"
"מסורת התוספתא על ברכות","שאול ליברמן","אחרונים","","1500","1945"
"מסורת התוספתא על גיטין","שאול ליברמן","אחרונים","","1500","1945"
"מסורת התוספתא על דמאי","שאול ליברמן","אחרונים","","1500","1945"
"מסורת התוספתא על חגיגה","שאול ליברמן","אחרונים","","1500","1945"
"מסורת התוספתא על חלה","שאול ליברמן","אחרונים","","1500","1945"
"מסורת התוספתא על יבמות","שאול ליברמן","אחרונים","","1500","1945"
"מסורת התוספתא על יומא","שאול ליברמן","אחרונים","","1500","1945"
"מסורת התוספתא על כלאים","שאול ליברמן","אחרונים","","1500","1945"
"מסורת התוספתא על כתובות","שאול ליברמן","אחרונים","","1500","1945"
"מסורת התוספתא על מגילה","שאול ליברמן","אחרונים","","1500","1945"
"מסורת התוספתא על מועד קטן","שאול ליברמן","אחרונים","","1500","1945"
"מסורת התוספתא על מעשר שני","שאול ליברמן","אחרונים","","1500","1945"
"מסורת התוספתא על מעשרות","שאול ליברמן","אחרונים","","1500","1945"
"מסורת התוספתא על נדרים","שאול ליברמן","אחרונים","","1500","1945"
"מסורת התוספתא על נזיר","שאול ליברמן","אחרונים","","1500","1945"
"מסורת התוספתא על סוטה","שאול ליברמן","אחרונים","","1500","1945"
"מסורת התוספתא על סוכה","שאול ליברמן","אחרונים","","1500","1945"
"מסורת התוספתא על עירובין","שאול ליברמן","אחרונים","","1500","1945"
"מסורת התוספתא על ערלה","שאול ליברמן","אחרונים","","1500","1945"
"מסורת התוספתא על פאה","שאול ליברמן","אחרונים","","1500","1945"
"מסורת התוספתא על פסחים","שאול ליברמן","אחרונים","","1500","1945"
"מסורת התוספתא על קידושין","שאול ליברמן","אחרונים","","1500","1945"
"מסורת התוספתא על ראש השנה","שאול ליברמן","אחרונים","","1500","1945"
"מסורת התוספתא על שביעית","שאול ליברמן","אחרונים","","1500","1945"
"מסורת התוספתא על שבת","שאול ליברמן","אחרונים","","1500","1945"
"מסורת התוספתא על שקלים","שאול ליברמן","אחרונים","","1500","1945"
"מסורת התוספתא על תענית","שאול ליברמן","אחרונים","","1500","1945"
"מסורת התוספתא על תרומות","שאול ליברמן","אחרונים","","1500","1945"
"מסילת ישרים","משה חיים לוצאטו (רמח""ל)","אחרונים","ראשוני האחרונים","1707","1747"
"מסכת גן עדן (ילקוט מדרשים)","","חז""ל","","",""
"מסכת גרים","","חז""ל","","",""
"מסכת דרך ארץ זוטא","","חז""ל","","",""
"מסכת דרך ארץ רבה","","חז""ל","","",""
"מסכת כותים","","חז""ל","","",""
"מסכת כלה","","חז""ל","","",""
"מסכת כלה רבתי","","חז""ל","","",""
"מסכת מזוזה","","חז""ל","","",""
"מסכת סופרים","","חז""ל","","",""
"מסכת ספר תורה","","חז""ל","","",""
"מסכת עבדים","","חז""ל","","",""
"מסכת עריות","","חז""ל","","",""
"מסכת ציצית","","חז""ל","","",""
"מסכת שמחות","","חז""ל","","",""
"מסכת שמחות זוטרתי דרבי חייא (ילקוט מדרשים)","","חז""ל","","",""
"מסכת תפילין","","חז""ל","","",""
"מסעי יהודה פרק ראשון","","ראשונים","","",""
"מעבר יבק","אהרן ברכיה ממודנה","אחרונים","","1500","1945"
"מעדני יום טוב על ברכות","יום-טוב ליפמן הלר","אחרונים","","1500","1945"
"מעדני יום טוב על מנחות","יום-טוב ליפמן הלר","אחרונים","","1500","1945"
"מעדני יום טוב על נדה","יום-טוב ליפמן הלר","אחרונים","","1500","1945"
"מעיל צדקה","","אחרונים","","",""
"מעילה","","חז""ל","","",""
"מעיני החכמה על סדר נזיקין","","אחרונים","","",""
"מעלות המדות","רבי יחיאל בן יקותיאל הרופא","ראשונים","","1038","1492"
"מעלות התורה","","אחרונים","","",""
"מענה לשון חב""ד","","אחרונים","","",""
"מערכת האלקות","","ראשונים","","",""
"מעשה ברבי מאיר","","חז""ל","","",""
"מעשה דרבי יהושע בן לוי (ילקוט מדרשים)","","חז""ל","","",""
"מעשה ניסים על הגדה של פסח","יעקב בן יעקב משה מליסא","אחרונים","","1500","1945"
"מעשה נסים","","אחרונים","","",""
"מעשה רב","סעדיה בן נתן נטע","אחרונים","","1500","1945"
"מעשה רב (הכהן)","","אחרונים","","",""
"מעשה רב כהנא וסליק בנו","","חז""ל","","",""
"מעשה רוקח על המשנה","אלעזר רוקח","אחרונים","","1500","1945"
"מעשה רקח על הלכות איסורי ביאה","מסעוד חי רקח","אחרונים","","1500","1945"
"מעשה רקח על הלכות איסורי מזבח","מסעוד חי רקח","אחרונים","","1500","1945"
"מעשה רקח על הלכות אישות","מסעוד חי רקח","אחרונים","","1500","1945"
"מעשה רקח על הלכות ביאת מקדש","מסעוד חי רקח","אחרונים","","1500","1945"
"מעשה רקח על הלכות בית הבחירה","מסעוד חי רקח","אחרונים","","1500","1945"
"מעשה רקח על הלכות בכורות","מסעוד חי רקח","אחרונים","","1500","1945"
"מעשה רקח על הלכות בכורים","מסעוד חי רקח","אחרונים","","1500","1945"
"מעשה רקח על הלכות ברכות","מסעוד חי רקח","אחרונים","","1500","1945"
"מעשה רקח על הלכות גזילה ואבידה","מסעוד חי רקח","אחרונים","","1500","1945"
"מעשה רקח על הלכות גירושין","מסעוד חי רקח","אחרונים","","1500","1945"
"מעשה רקח על הלכות גניבה","מסעוד חי רקח","אחרונים","","1500","1945"
"מעשה רקח על הלכות דעות","מסעוד חי רקח","אחרונים","","1500","1945"
"מעשה רקח על הלכות זכיה ומתנה","מסעוד חי רקח","אחרונים","","1500","1945"
"מעשה רקח על הלכות חגיגה","מסעוד חי רקח","אחרונים","","1500","1945"
"מעשה רקח על הלכות חובל ומזיק","מסעוד חי רקח","אחרונים","","1500","1945"
"מעשה רקח על הלכות חמץ ומצה","מסעוד חי רקח","אחרונים","","1500","1945"
"מעשה רקח על הלכות טומאת אוכלין","מסעוד חי רקח","אחרונים","","1500","1945"
"מעשה רקח על הלכות טומאת מת","מסעוד חי רקח","אחרונים","","1500","1945"
"מעשה רקח על הלכות טומאת צרעת","מסעוד חי רקח","אחרונים","","1500","1945"
"מעשה רקח על הלכות יבום וחליצה","מסעוד חי רקח","אחרונים","","1500","1945"
"מעשה רקח על הלכות יום טוב","מסעוד חי רקח","אחרונים","","1500","1945"
"מעשה רקח על הלכות יסודי התורה","מסעוד חי רקח","אחרונים","","1500","1945"
"מעשה רקח על הלכות כלאים","מסעוד חי רקח","אחרונים","","1500","1945"
"מעשה רקח על הלכות כלי המקדש","מסעוד חי רקח","אחרונים","","1500","1945"
"מעשה רקח על הלכות כלים","מסעוד חי רקח","אחרונים","","1500","1945"
"מעשה רקח על הלכות מאכלות אסורות","מסעוד חי רקח","אחרונים","","1500","1945"
"מעשה רקח על הלכות מגילה וחנוכה","מסעוד חי רקח","אחרונים","","1500","1945"
"מעשה רקח על הלכות מחוסרי כפרה","מסעוד חי רקח","אחרונים","","1500","1945"
"מעשה רקח על הלכות מטמאי משכב ומושב","מסעוד חי רקח","אחרונים","","1500","1945"
"מעשה רקח על הלכות מילה","מסעוד חי רקח","אחרונים","","1500","1945"
"מעשה רקח על הלכות מכירה","מסעוד חי רקח","אחרונים","","1500","1945"
"מעשה רקח על הלכות מעילה","מסעוד חי רקח","אחרונים","","1500","1945"
"מעשה רקח על הלכות מעשה הקרבנות","מסעוד חי רקח","אחרונים","","1500","1945"
"מעשה רקח על הלכות מעשר","מסעוד חי רקח","אחרונים","","1500","1945"
"מעשה רקח על הלכות מעשר שני ונטע רבעי","מסעוד חי רקח","אחרונים","","1500","1945"
"מעשה רקח על הלכות מקואות","מסעוד חי רקח","אחרונים","","1500","1945"
"מעשה רקח על הלכות מתנות עניים","מסעוד חי רקח","אחרונים","","1500","1945"
"מעשה רקח על הלכות נדרים","מסעוד חי רקח","אחרונים","","1500","1945"
"מעשה רקח על הלכות נזירות","מסעוד חי רקח","אחרונים","","1500","1945"
"מעשה רקח על הלכות נזקי ממון","מסעוד חי רקח","אחרונים","","1500","1945"
"מעשה רקח על הלכות נערה בתולה","מסעוד חי רקח","אחרונים","","1500","1945"
"מעשה רקח על הלכות סוטה","מסעוד חי רקח","אחרונים","","1500","1945"
"מעשה רקח על הלכות עבודת יום הכפורים","מסעוד חי רקח","אחרונים","","1500","1945"
"מעשה רקח על הלכות עבודת כוכבים","מסעוד חי רקח","אחרונים","","1500","1945"
"מעשה רקח על הלכות עירובין","מסעוד חי רקח","אחרונים","","1500","1945"
"מעשה רקח על הלכות ערכין וחרמין","מסעוד חי רקח","אחרונים","","1500","1945"
"מעשה רקח על הלכות פסולי המוקדשין","מסעוד חי רקח","אחרונים","","1500","1945"
"מעשה רקח על הלכות פרה אדומה","מסעוד חי רקח","אחרונים","","1500","1945"
"מעשה רקח על הלכות ציצית","מסעוד חי רקח","אחרונים","","1500","1945"
"מעשה רקח על הלכות קרבן פסח","מסעוד חי רקח","אחרונים","","1500","1945"
"מעשה רקח על הלכות קריאת שמע","מסעוד חי רקח","אחרונים","","1500","1945"
"מעשה רקח על הלכות רוצח ושמירת הנפש","מסעוד חי רקח","אחרונים","","1500","1945"
"מעשה רקח על הלכות שאר אבות הטומאות","מסעוד חי רקח","אחרונים","","1500","1945"
"מעשה רקח על הלכות שבועות","מסעוד חי רקח","אחרונים","","1500","1945"
"מעשה רקח על הלכות שביתת עשור","מסעוד חי רקח","אחרונים","","1500","1945"
"מעשה רקח על הלכות שבת","מסעוד חי רקח","אחרונים","","1500","1945"
"מעשה רקח על הלכות שגגות","מסעוד חי רקח","אחרונים","","1500","1945"
"מעשה רקח על הלכות שופר וסוכה ולולב","מסעוד חי רקח","אחרונים","","1500","1945"
"מעשה רקח על הלכות שחיטה","מסעוד חי רקח","אחרונים","","1500","1945"
"מעשה רקח על הלכות שמיטה ויובל","מסעוד חי רקח","אחרונים","","1500","1945"
"מעשה רקח על הלכות שקלים","מסעוד חי רקח","אחרונים","","1500","1945"
"מעשה רקח על הלכות תלמוד תורה","מסעוד חי רקח","אחרונים","","1500","1945"
"מעשה רקח על הלכות תמורה","מסעוד חי רקח","אחרונים","","1500","1945"
"מעשה רקח על הלכות תמידין ומוספין","מסעוד חי רקח","אחרונים","","1500","1945"
"מעשה רקח על הלכות תעניות","מסעוד חי רקח","אחרונים","","1500","1945"
"מעשה רקח על הלכות תפילה וברכת כהנים","מסעוד חי רקח","אחרונים","","1500","1945"
"מעשה רקח על הלכות תפילין ומזוזה וספר תורה","מסעוד חי רקח","אחרונים","","1500","1945"
"מעשה רקח על הלכות תרומות","מסעוד חי רקח","אחרונים","","1500","1945"
"מעשה רקח על הלכות תשובה","מסעוד חי רקח","אחרונים","","1500","1945"
"מעשה שמשון","","אחרונים","","",""
"מעשי השם חלק א","","אחרונים","","",""
"מעשי השם חלק ב","","אחרונים","","",""
"מעשי למלך על משנה תורה, הלכות איסורי המזבח","ישעיהו זילברשטיין","אחרונים","","1500","1945"
"מעשי למלך על משנה תורה, הלכות ביאת מקדש","ישעיהו זילברשטיין","אחרונים","","1500","1945"
"מעשי למלך על משנה תורה, הלכות בית הבחירה","ישעיהו זילברשטיין","אחרונים","","1500","1945"
"מעשי למלך על משנה תורה, הלכות כלי המקדש והעובדין בו","ישעיהו זילברשטיין","אחרונים","","1500","1945"
"מעשי למלך על משנה תורה, הלכות מעשה הקרבנות","ישעיהו זילברשטיין","אחרונים","","1500","1945"
"מפעלות אלוקים","","ראשונים","","",""
"מפקתא פשיטתא","","","","",""
"מפרש על תמיד","","ראשונים","","",""
"מפתח ענייני התנך","","אחרונים","","",""
"מצא חן","","אחרונים","","",""
"מצודת דוד על איוב","רבי דוד אלטשולר","אחרונים","","1500","1945"
"מצודת דוד על דברי הימים א","רבי דוד אלטשולר","אחרונים","","1500","1945"
"מצודת דוד על דברי הימים ב","רבי דוד אלטשולר","אחרונים","","1500","1945"
"מצודת דוד על דניאל","רבי דוד אלטשולר","אחרונים","","1500","1945"
"מצודת דוד על הושע","רבי דוד אלטשולר","אחרונים","","1500","1945"
"מצודת דוד על זכריה","רבי דוד אלטשולר","אחרונים","","1500","1945"
"מצודת דוד על חבקוק","רבי דוד אלטשולר","אחרונים","","1500","1945"
"מצודת דוד על חגי","רבי דוד אלטשולר","אחרונים","","1500","1945"
"מצודת דוד על יהושע","רבי דוד אלטשולר","אחרונים","","1500","1945"
"מצודת דוד על יואל","רבי דוד אלטשולר","אחרונים","","1500","1945"
"מצודת דוד על יונה","רבי דוד אלטשולר","אחרונים","","1500","1945"
"מצודת דוד על יחזקאל","רבי דוד אלטשולר","אחרונים","","1500","1945"
"מצודת דוד על ירמיהו","רבי דוד אלטשולר","אחרונים","","1500","1945"
"מצודת דוד על ישעיהו","רבי דוד אלטשולר","אחרונים","","1500","1945"
"מצודת דוד על מיכה","רבי דוד אלטשולר","אחרונים","","1500","1945"
"מצודת דוד על מלאכי","רבי דוד אלטשולר","אחרונים","","1500","1945"
"מצודת דוד על מלכים א","רבי דוד אלטשולר","אחרונים","","1500","1945"
"מצודת דוד על מלכים ב","רבי דוד אלטשולר","אחרונים","","1500","1945"
"מצודת דוד על משלי","רבי דוד אלטשולר","אחרונים","","1500","1945"
"מצודת דוד על נחום","רבי דוד אלטשולר","אחרונים","","1500","1945"
"מצודת דוד על נחמיה","רבי דוד אלטשולר","אחרונים","","1500","1945"
"מצודת דוד על עובדיה","רבי דוד אלטשולר","אחרונים","","1500","1945"
"מצודת דוד על עזרא","רבי דוד אלטשולר","אחרונים","","1500","1945"
"מצודת דוד על עמוס","רבי דוד אלטשולר","אחרונים","","1500","1945"
"מצודת דוד על צפניה","רבי דוד אלטשולר","אחרונים","","1500","1945"
"מצודת דוד על קהלת","רבי דוד אלטשולר","אחרונים","","1500","1945"
"מצודת דוד על שופטים","רבי דוד אלטשולר","אחרונים","","1500","1945"
"מצודת דוד על שיר השירים","רבי דוד אלטשולר","אחרונים","","1500","1945"
"מצודת דוד על שמואל א","רבי דוד אלטשולר","אחרונים","","1500","1945"
"מצודת דוד על שמואל ב","רבי דוד אלטשולר","אחרונים","","1500","1945"
"מצודת דוד על תהילים","רבי דוד אלטשולר","אחרונים","","1500","1945"
"מצודת ציון על איוב","רבי דוד אלטשולר","אחרונים","","1500","1945"
"מצודת ציון על דברי הימים א","רבי דוד אלטשולר","אחרונים","","1500","1945"
"מצודת ציון על דברי הימים ב","רבי דוד אלטשולר","אחרונים","","1500","1945"
"מצודת ציון על דניאל","רבי דוד אלטשולר","אחרונים","","1500","1945"
"מצודת ציון על הושע","רבי דוד אלטשולר","אחרונים","","1500","1945"
"מצודת ציון על זכריה","רבי דוד אלטשולר","אחרונים","","1500","1945"
"מצודת ציון על חבקוק","רבי דוד אלטשולר","אחרונים","","1500","1945"
"מצודת ציון על חגי","רבי דוד אלטשולר","אחרונים","","1500","1945"
"מצודת ציון על יהושע","רבי דוד אלטשולר","אחרונים","","1500","1945"
"מצודת ציון על יואל","רבי דוד אלטשולר","אחרונים","","1500","1945"
"מצודת ציון על יונה","רבי דוד אלטשולר","אחרונים","","1500","1945"
"מצודת ציון על יחזקאל","רבי דוד אלטשולר","אחרונים","","1500","1945"
"מצודת ציון על ירמיהו","רבי דוד אלטשולר","אחרונים","","1500","1945"
"מצודת ציון על ישעיהו","רבי דוד אלטשולר","אחרונים","","1500","1945"
"מצודת ציון על מיכה","רבי דוד אלטשולר","אחרונים","","1500","1945"
"מצודת ציון על מלאכי","רבי דוד אלטשולר","אחרונים","","1500","1945"
"מצודת ציון על מלכים א","רבי דוד אלטשולר","אחרונים","","1500","1945"
"מצודת ציון על מלכים ב","רבי דוד אלטשולר","אחרונים","","1500","1945"
"מצודת ציון על משלי","רבי דוד אלטשולר","אחרונים","","1500","1945"
"מצודת ציון על נחום","רבי דוד אלטשולר","אחרונים","","1500","1945"
"מצודת ציון על נחמיה","רבי דוד אלטשולר","אחרונים","","1500","1945"
"מצודת ציון על עובדיה","רבי דוד אלטשולר","אחרונים","","1500","1945"
"מצודת ציון על עזרא","רבי דוד אלטשולר","אחרונים","","1500","1945"
"מצודת ציון על עמוס","רבי דוד אלטשולר","אחרונים","","1500","1945"
"מצודת ציון על צפניה","רבי דוד אלטשולר","אחרונים","","1500","1945"
"מצודת ציון על קהלת","רבי דוד אלטשולר","אחרונים","","1500","1945"
"מצודת ציון על שופטים","רבי דוד אלטשולר","אחרונים","","1500","1945"
"מצודת ציון על שיר השירים","רבי דוד אלטשולר","אחרונים","","1500","1945"
"מצודת ציון על שמואל א","רבי דוד אלטשולר","אחרונים","","1500","1945"
"מצודת ציון על שמואל ב","רבי דוד אלטשולר","אחרונים","","1500","1945"
"מצודת ציון על תהילים","רבי דוד אלטשולר","אחרונים","","1500","1945"
"מצות כהונה","","אחרונים","","",""
"מצח אהרן חלק א","","אחרונים","","",""
"מצפה איתן על אבות דרבי נתן","אברהם משכיל לאיתן","אחרונים","","1500","1945"
"מצפה אריה","","אחרונים","","",""
"מצפה אריה תנינא חלק א","","אחרונים","","",""
"מצפה אריה תנינא חלק ב","","אחרונים","","",""
"מקדש דוד חלק א","","אחרונים","","",""
"מקדש דוד חלק ב","","אחרונים","","",""
"מקדש דוד חלק ג","","אחרונים","","",""
"מקדש דוד חלק ד","","אחרונים","","",""
"מקדש מלך על ספר הזהר","שלום בוזגלו","אחרונים","","1500","1945"
"מקדש מלך, פירוש הרמ""ז על ספר הזהר","","אחרונים","","",""
"מקום שנהגו","","אחרונים","","",""
"מקור אהרן","רבי אהרן אזולאי","אחרונים","","1710",""
"מקור חיים - א","","אחרונים","","",""
"מקור חיים - ב (טור פטדה חלק א)","","אחרונים","","",""
"מקור חיים - ב (טור פטדה חלק ב)","","אחרונים","","",""
"מקור חיים - ג (טור ברקת חלק א)","","אחרונים","","",""
"מקור חיים - ג (טור ברקת חלק ב)","","אחרונים","","",""
"מקור חיים - ג (טור ברקת חלק ג)","","אחרונים","","",""
"מקור חיים - ד (טור יהלם)","","אחרונים","","",""
"מקור מים חיים על בעל שם טוב","","אחרונים","","",""
"מקורי הרמב""ם לרש""ש על משנה תורה, הלכות אבל","","אחרונים","","",""
"מקורי הרמב""ם לרש""ש על משנה תורה, הלכות איסורי ביאה","","אחרונים","","",""
"מקורי הרמב""ם לרש""ש על משנה תורה, הלכות אישות","","אחרונים","","",""
"מקורי הרמב""ם לרש""ש על משנה תורה, הלכות ביאת מקדש","","אחרונים","","",""
"מקורי הרמב""ם לרש""ש על משנה תורה, הלכות ביכורים ושאר מתנות כהונה שבגבולין","","אחרונים","","",""
"מקורי הרמב""ם לרש""ש על משנה תורה, הלכות בכורות","","אחרונים","","",""
"מקורי הרמב""ם לרש""ש על משנה תורה, הלכות ברכות","","אחרונים","","",""
"מקורי הרמב""ם לרש""ש על משנה תורה, הלכות גזילה ואבידה","","אחרונים","","",""
"מקורי הרמב""ם לרש""ש על משנה תורה, הלכות גירושין","","אחרונים","","",""
"מקורי הרמב""ם לרש""ש על משנה תורה, הלכות דעות","","אחרונים","","",""
"מקורי הרמב""ם לרש""ש על משנה תורה, הלכות זכייה ומתנה","","אחרונים","","",""
"מקורי הרמב""ם לרש""ש על משנה תורה, הלכות חגיגה","","אחרונים","","",""
"מקורי הרמב""ם לרש""ש על משנה תורה, הלכות חמץ ומצה","","אחרונים","","",""
"מקורי הרמב""ם לרש""ש על משנה תורה, הלכות טומאת אוכלים","","אחרונים","","",""
"מקורי הרמב""ם לרש""ש על משנה תורה, הלכות טומאת מת","","אחרונים","","",""
"מקורי הרמב""ם לרש""ש על משנה תורה, הלכות טומאת צרעת","","אחרונים","","",""
"מקורי הרמב""ם לרש""ש על משנה תורה, הלכות טוען ונטען","","אחרונים","","",""
"מקורי הרמב""ם לרש""ש על משנה תורה, הלכות יבום וחליצה","","אחרונים","","",""
"מקורי הרמב""ם לרש""ש על משנה תורה, הלכות יסודי התורה","","אחרונים","","",""
"מקורי הרמב""ם לרש""ש על משנה תורה, הלכות כלאים","","אחרונים","","",""
"מקורי הרמב""ם לרש""ש על משנה תורה, הלכות כלים","","אחרונים","","",""
"מקורי הרמב""ם לרש""ש על משנה תורה, הלכות מאכלות אסורות","","אחרונים","","",""
"מקורי הרמב""ם לרש""ש על משנה תורה, הלכות מחוסרי כפרה","","אחרונים","","",""
"מקורי הרמב""ם לרש""ש על משנה תורה, הלכות מטמאי משכב ומושב","","אחרונים","","",""
"מקורי הרמב""ם לרש""ש על משנה תורה, הלכות מכירה","","אחרונים","","",""
"מקורי הרמב""ם לרש""ש על משנה תורה, הלכות מלכים ומלחמות","","אחרונים","","",""
"מקורי הרמב""ם לרש""ש על משנה תורה, הלכות מעילה","","אחרונים","","",""
"מקורי הרמב""ם לרש""ש על משנה תורה, הלכות מעשה הקרבנות","","אחרונים","","",""
"מקורי הרמב""ם לרש""ש על משנה תורה, הלכות מעשר שני ונטע רבעי","","אחרונים","","",""
"מקורי הרמב""ם לרש""ש על משנה תורה, הלכות מעשרות","","אחרונים","","",""
"מקורי הרמב""ם לרש""ש על משנה תורה, הלכות מתנות עניים","","אחרונים","","",""
"מקורי הרמב""ם לרש""ש על משנה תורה, הלכות נדרים","","אחרונים","","",""
"מקורי הרמב""ם לרש""ש על משנה תורה, הלכות נזירות","","אחרונים","","",""
"מקורי הרמב""ם לרש""ש על משנה תורה, הלכות נזקי ממון","","אחרונים","","",""
"מקורי הרמב""ם לרש""ש על משנה תורה, הלכות נערה בתולה","","אחרונים","","",""
"מקורי הרמב""ם לרש""ש על משנה תורה, הלכות סוטה","","אחרונים","","",""
"מקורי הרמב""ם לרש""ש על משנה תורה, הלכות סנהדרין והעונשין המסורין להם","","אחרונים","","",""
"מקורי הרמב""ם לרש""ש על משנה תורה, הלכות עבדים","","אחרונים","","",""
"מקורי הרמב""ם לרש""ש על משנה תורה, הלכות עבודה זרה וחוקות הגויים","","אחרונים","","",""
"מקורי הרמב""ם לרש""ש על משנה תורה, הלכות עבודת יום הכפורים","","אחרונים","","",""
"מקורי הרמב""ם לרש""ש על משנה תורה, הלכות עדות","","אחרונים","","",""
"מקורי הרמב""ם לרש""ש על משנה תורה, הלכות עירובין","","אחרונים","","",""
"מקורי הרמב""ם לרש""ש על משנה תורה, הלכות ערכים וחרמין","","אחרונים","","",""
"מקורי הרמב""ם לרש""ש על משנה תורה, הלכות פסולי המוקדשין","","אחרונים","","",""
"מקורי הרמב""ם לרש""ש על משנה תורה, הלכות פרה אדומה","","אחרונים","","",""
"מקורי הרמב""ם לרש""ש על משנה תורה, הלכות קידוש החודש","","אחרונים","","",""
"מקורי הרמב""ם לרש""ש על משנה תורה, הלכות קרבן פסח","","אחרונים","","",""
"מקורי הרמב""ם לרש""ש על משנה תורה, הלכות קריאת שמע","","אחרונים","","",""
"מקורי הרמב""ם לרש""ש על משנה תורה, הלכות שאר אבות הטומאות","","אחרונים","","",""
"מקורי הרמב""ם לרש""ש על משנה תורה, הלכות שבועות","","אחרונים","","",""
"מקורי הרמב""ם לרש""ש על משנה תורה, הלכות שביתת יום טוב","","אחרונים","","",""
"מקורי הרמב""ם לרש""ש על משנה תורה, הלכות שבת","","אחרונים","","",""
"מקורי הרמב""ם לרש""ש על משנה תורה, הלכות שגגות","","אחרונים","","",""
"מקורי הרמב""ם לרש""ש על משנה תורה, הלכות שופר וסוכה ולולב","","אחרונים","","",""
"מקורי הרמב""ם לרש""ש על משנה תורה, הלכות שחיטה","","אחרונים","","",""
"מקורי הרמב""ם לרש""ש על משנה תורה, הלכות שכירות","","אחרונים","","",""
"מקורי הרמב""ם לרש""ש על משנה תורה, הלכות שמיטה ויובל","","אחרונים","","",""
"מקורי הרמב""ם לרש""ש על משנה תורה, הלכות שקלים","","אחרונים","","",""
"מקורי הרמב""ם לרש""ש על משנה תורה, הלכות תלמוד תורה","","אחרונים","","",""
"מקורי הרמב""ם לרש""ש על משנה תורה, הלכות תמורה","","אחרונים","","",""
"מקורי הרמב""ם לרש""ש על משנה תורה, הלכות תעניות","","אחרונים","","",""
"מקורי הרמב""ם לרש""ש על משנה תורה, הלכות תפילה וברכת כהנים","","אחרונים","","",""
"מקורי הרמב""ם לרש""ש על משנה תורה, הלכות תפילין ומזוזה וספר תורה","","אחרונים","","",""
"מקורי הרמב""ם לרש""ש על משנה תורה, הלכות תרומות","","אחרונים","","",""
"מקורי הרמב""ם לרש""ש על משנה תורה, הלכות תשובה","","אחרונים","","",""
"מקורי הרמב""ם לרש""ש על משנה תורה, מסירת תורה שבעל פה","","אחרונים","","",""
"מקורי מנהגים","","אחרונים","","",""
"מקל יעקב","יעקב בן זקן","אחרונים","","",""
"מקראי קודש","","אחרונים","","",""
"מר דרור על מסכת עבודה זרה","רבי מרדכי עטייא","אחרונים","","",""
"מראה הילדים","","אחרונים","","",""
"מראה הנוגה","","אחרונים","","",""
"מראה הפנים על תלמוד ירושלמי בבא בתרא","משה מרגלית","אחרונים","","1500","1945"
"מראה הפנים על תלמוד ירושלמי בבא מציעא","משה מרגלית","אחרונים","","1500","1945"
"מראה הפנים על תלמוד ירושלמי בבא קמא","משה מרגלית","אחרונים","","1500","1945"
"מראה הפנים על תלמוד ירושלמי ביצה","משה מרגלית","אחרונים","","1500","1945"
"מראה הפנים על תלמוד ירושלמי בכורים","משה מרגלית","אחרונים","","1500","1945"
"מראה הפנים על תלמוד ירושלמי ברכות","משה מרגלית","אחרונים","","1500","1945"
"מראה הפנים על תלמוד ירושלמי גיטין","משה מרגלית","אחרונים","","1500","1945"
"מראה הפנים על תלמוד ירושלמי דמאי","משה מרגלית","אחרונים","","1500","1945"
"מראה הפנים על תלמוד ירושלמי הוריות","משה מרגלית","אחרונים","","1500","1945"
"מראה הפנים על תלמוד ירושלמי חגיגה","משה מרגלית","אחרונים","","1500","1945"
"מראה הפנים על תלמוד ירושלמי חלה","משה מרגלית","אחרונים","","1500","1945"
"מראה הפנים על תלמוד ירושלמי יבמות","משה מרגלית","אחרונים","","1500","1945"
"מראה הפנים על תלמוד ירושלמי יומא","משה מרגלית","אחרונים","","1500","1945"
"מראה הפנים על תלמוד ירושלמי כלאים","משה מרגלית","אחרונים","","1500","1945"
"מראה הפנים על תלמוד ירושלמי כתובות","משה מרגלית","אחרונים","","1500","1945"
"מראה הפנים על תלמוד ירושלמי מגילה","משה מרגלית","אחרונים","","1500","1945"
"מראה הפנים על תלמוד ירושלמי מועד קטן","משה מרגלית","אחרונים","","1500","1945"
"מראה הפנים על תלמוד ירושלמי מכות","משה מרגלית","אחרונים","","1500","1945"
"מראה הפנים על תלמוד ירושלמי מעשר שני","משה מרגלית","אחרונים","","1500","1945"
"מראה הפנים על תלמוד ירושלמי מעשרות","משה מרגלית","אחרונים","","1500","1945"
"מראה הפנים על תלמוד ירושלמי נדה","משה מרגלית","אחרונים","","1500","1945"
"מראה הפנים על תלמוד ירושלמי נדרים","משה מרגלית","אחרונים","","1500","1945"
"מראה הפנים על תלמוד ירושלמי נזיר","משה מרגלית","אחרונים","","1500","1945"
"מראה הפנים על תלמוד ירושלמי סוטה","משה מרגלית","אחרונים","","1500","1945"
"מראה הפנים על תלמוד ירושלמי סוכה","משה מרגלית","אחרונים","","1500","1945"
"מראה הפנים על תלמוד ירושלמי סנהדרין","משה מרגלית","אחרונים","","1500","1945"
"מראה הפנים על תלמוד ירושלמי עבודה זרה","משה מרגלית","אחרונים","","1500","1945"
"מראה הפנים על תלמוד ירושלמי עירובין","משה מרגלית","אחרונים","","1500","1945"
"מראה הפנים על תלמוד ירושלמי ערלה","משה מרגלית","אחרונים","","1500","1945"
"מראה הפנים על תלמוד ירושלמי פאה","משה מרגלית","אחרונים","","1500","1945"
"מראה הפנים על תלמוד ירושלמי פסחים","משה מרגלית","אחרונים","","1500","1945"
"מראה הפנים על תלמוד ירושלמי קידושין","משה מרגלית","אחרונים","","1500","1945"
"מראה הפנים על תלמוד ירושלמי ראש השנה","משה מרגלית","אחרונים","","1500","1945"
"מראה הפנים על תלמוד ירושלמי שבועות","משה מרגלית","אחרונים","","1500","1945"
"מראה הפנים על תלמוד ירושלמי שביעית","משה מרגלית","אחרונים","","1500","1945"
"מראה הפנים על תלמוד ירושלמי שבת","משה מרגלית","אחרונים","","1500","1945"
"מראה הפנים על תלמוד ירושלמי שקלים","משה מרגלית","אחרונים","","1500","1945"
"מראה הפנים על תלמוד ירושלמי תענית","משה מרגלית","אחרונים","","1500","1945"
"מראה הפנים על תלמוד ירושלמי תרומות","משה מרגלית","אחרונים","","1500","1945"
"מראה יחזקאל על התורה","יחזקאל פנט","אחרונים","","1500","1945"
"מראות הצובאות על יהושע","","אחרונים","","",""
"מראות הצובאות על מלכים א","","אחרונים","","",""
"מראות הצובאות על מלכים ב","","אחרונים","","",""
"מראות הצובאות על שופטים","","אחרונים","","",""
"מראות הצובאות על שמואל א","","אחרונים","","",""
"מראות הצובאות על שמואל ב","","אחרונים","","",""
"מראי מקומות הערות וציונים על לקוטי תורה","","אחרונים","","",""
"מראי מקומות הערות וציונים על תורה אור","","אחרונים","","",""
"מראית העין על בבא בתרא","חיים דוד אזולאי","אחרונים","","1500","1945"
"מראית העין על בבא מציעא","חיים דוד אזולאי","אחרונים","","1500","1945"
"מראית העין על בבא קמא","חיים דוד אזולאי","אחרונים","","1500","1945"
"מראית העין על ביצה","חיים דוד אזולאי","אחרונים","","1500","1945"
"מראית העין על בכורות","חיים דוד אזולאי","אחרונים","","1500","1945"
"מראית העין על ברכות","חיים דוד אזולאי","אחרונים","","1500","1945"
"מראית העין על גיטין","חיים דוד אזולאי","אחרונים","","1500","1945"
"מראית העין על הוריות","חיים דוד אזולאי","אחרונים","","1500","1945"
"מראית העין על זבחים","חיים דוד אזולאי","אחרונים","","1500","1945"
"מראית העין על חגיגה","חיים דוד אזולאי","אחרונים","","1500","1945"
"מראית העין על חולין","חיים דוד אזולאי","אחרונים","","1500","1945"
"מראית העין על יבמות","חיים דוד אזולאי","אחרונים","","1500","1945"
"מראית העין על יומא","חיים דוד אזולאי","אחרונים","","1500","1945"
"מראית העין על כריתות","חיים דוד אזולאי","אחרונים","","1500","1945"
"מראית העין על כתובות","חיים דוד אזולאי","אחרונים","","1500","1945"
"מראית העין על מגילה","חיים דוד אזולאי","אחרונים","","1500","1945"
"מראית העין על מועד קטן","חיים דוד אזולאי","אחרונים","","1500","1945"
"מראית העין על מכות","חיים דוד אזולאי","אחרונים","","1500","1945"
"מראית העין על מנחות","חיים דוד אזולאי","אחרונים","","1500","1945"
"מראית העין על מעילה","חיים דוד אזולאי","אחרונים","","1500","1945"
"מראית העין על משנה אבות","חיים דוד אזולאי","אחרונים","","1500","1945"
"מראית העין על משנה מדות","חיים דוד אזולאי","אחרונים","","1500","1945"
"מראית העין על משנה עדיות","חיים דוד אזולאי","אחרונים","","1500","1945"
"מראית העין על משנה קינים","חיים דוד אזולאי","אחרונים","","1500","1945"
"מראית העין על משנה שקלים","חיים דוד אזולאי","אחרונים","","1500","1945"
"מראית העין על נדה","חיים דוד אזולאי","אחרונים","","1500","1945"
"מראית העין על נדרים","חיים דוד אזולאי","אחרונים","","1500","1945"
"מראית העין על נזיר","חיים דוד אזולאי","אחרונים","","1500","1945"
"מראית העין על סוטה","חיים דוד אזולאי","אחרונים","","1500","1945"
"מראית העין על סוכה","חיים דוד אזולאי","אחרונים","","1500","1945"
"מראית העין על סנהדרין","חיים דוד אזולאי","אחרונים","","1500","1945"
"מראית העין על עבודה זרה","חיים דוד אזולאי","אחרונים","","1500","1945"
"מראית העין על עירובין","חיים דוד אזולאי","אחרונים","","1500","1945"
"מראית העין על ערכין","חיים דוד אזולאי","אחרונים","","1500","1945"
"מראית העין על פסחים","חיים דוד אזולאי","אחרונים","","1500","1945"
"מראית העין על קידושין","חיים דוד אזולאי","אחרונים","","1500","1945"
"מראית העין על ראש השנה","חיים דוד אזולאי","אחרונים","","1500","1945"
"מראית העין על שבועות","חיים דוד אזולאי","אחרונים","","1500","1945"
"מראית העין על שבת","חיים דוד אזולאי","אחרונים","","1500","1945"
"מראית העין על תמורה","חיים דוד אזולאי","אחרונים","","1500","1945"
"מראית העין על תמיד","חיים דוד אזולאי","אחרונים","","1500","1945"
"מראית העין על תענית","חיים דוד אזולאי","אחרונים","","1500","1945"
"מרבה לספר על הגדה של פסח","ידידיה טיאה ווייל","אחרונים","","1500","1945"
"מרגניתא טבא על ספר המצוות","אריה ליב זיטל סגל הורוביץ","אחרונים","","1500","1945"
"מרדכי על בבא בתרא","מרדכי","ראשונים","","1038","1492"
"מרדכי על בבא מציעא","","ראשונים","","",""
"מרכבת המשנה (אלפאנדרי)","","אחרונים","","",""
"מרכבת המשנה (אשכנזי)","","אחרונים","","",""
"מרפא לנפש","רפאל בן זכריה מנדל","אחרונים","","1500","1945"
"מרפא לשון","","אחרונים","","",""
"משאת בנימין","","אחרונים","","",""
"משאת המלך","","אחרונים","","",""
"משאת משה על אסתר","אלשיך","אחרונים","","1500","1945"
"משה ידבר","","אחרונים","","",""
"משובב נתיבות על שולחן ערוך חושן משפט","","אחרונים","","",""
"משיב דבר חלק ג","","אחרונים","","",""
"משיב דבר חלק ד","","אחרונים","","",""
"משיב הטענה","צדוק הכהן רבינוביץ","אחרונים","","1500","1945"
"משיב צדק","צדוק הכהן רבינוביץ","אחרונים","","1500","1945"
"משיבת נפש","","אחרונים","","",""
"משיבת נפש חלק א","","אחרונים","","",""
"משיבת נפש חלק ב","","אחרונים","","",""
"משך חכמה","רבי מאיר שמחה הכהן מדווינסק","אחרונים","","1500","1945"
"משכיל לדוד","דוד פארדו","אחרונים","","1500","1945"
"משכיל לדוד דרושים","","אחרונים","","",""
"משכיל לדוד דרשות","","אחרונים","","",""
"משכיל לדוד על הש״ס","","אחרונים","","",""
"משכיל לדוד על התנ״ך","","אחרונים","","",""
"משכיל לדוד קבלה","","אחרונים","","",""
"משכן העדות","","אחרונים","","",""
"משל הקדמוני","","ראשונים","","",""
"משלי","","תורה שבכתב","","",""
"משלי יעקב","","אחרונים","","",""
"משמיע ישועה","אברבנאל","ראשונים","","1038","1492"
"משמרות כהונה חלק א","","אחרונים","","",""
"משמרות כהונה חלק ג","","אחרונים","","",""
"משמרות כהונה על סדר נזיקין","","אחרונים","","",""
"משמרת אלעזר","","אחרונים","","",""
"משמרת הבית על תורת הבית הארוך","רשב""א","ראשונים","","1038","1492"
"משנה אבות","","חז""ל","","",""
"משנה אהלות","","חז""ל","","",""
"משנה אחרונה","","אחרונים","","",""
"משנה בבא בתרא","","חז""ל","","",""
"משנה בבא מציעא","","חז""ל","","",""
"משנה בבא קמא","","חז""ל","","",""
"משנה ביכורים","","חז""ל","","",""
"משנה ביצה","","חז""ל","","",""
"משנה בכורות","","חז""ל","","",""
"משנה ברורה","רבי ישראל מאיר הכהן","אחרונים","","1500","1945"
"משנה ברכות","","חז""ל","","",""
"משנה גיטין","","חז""ל","","",""
"משנה דמאי","","חז""ל","","",""
"משנה הוריות","","חז""ל","","",""
"משנה זבחים","","חז""ל","","",""
"משנה זבים","","חז""ל","","",""
"משנה חגיגה","","חז""ל","","",""
"משנה חולין","","חז""ל","","",""
"משנה חלה","","חז""ל","","",""
"משנה טבול יום","","חז""ל","","",""
"משנה טהרות","","חז""ל","","",""
"משנה יבמות","","חז""ל","","",""
"משנה ידים","","חז""ל","","",""
"משנה יומא","","חז""ל","","",""
"משנה כלאים","","חז""ל","","",""
"משנה כלים","","חז""ל","","",""
"משנה כסף","","אחרונים","","",""
"משנה כריתות","","חז""ל","","",""
"משנה כתובות","","חז""ל","","",""
"משנה לחם","","אחרונים","","",""
"משנה למלך אחרון (הרמבם)","","אחרונים","","",""
"משנה למלך על משנה תורה, הלכות אבל","יהודה רוזאניס","אחרונים","","1500","1945"
"משנה למלך על משנה תורה, הלכות איסורי ביאה","יהודה רוזאניס","אחרונים","","1500","1945"
"משנה למלך על משנה תורה, הלכות איסורי המזבח","יהודה רוזאניס","אחרונים","","1500","1945"
"משנה למלך על משנה תורה, הלכות אישות","יהודה רוזאניס","אחרונים","","1500","1945"
"משנה למלך על משנה תורה, הלכות ביאת מקדש","יהודה רוזאניס","אחרונים","","1500","1945"
"משנה למלך על משנה תורה, הלכות ביכורים ושאר מתנות כהונה שבגבולין","יהודה רוזאניס","אחרונים","","1500","1945"
"משנה למלך על משנה תורה, הלכות בית הבחירה","יהודה רוזאניס","אחרונים","","1500","1945"
"משנה למלך על משנה תורה, הלכות בכורות","יהודה רוזאניס","אחרונים","","1500","1945"
"משנה למלך על משנה תורה, הלכות ברכות","יהודה רוזאניס","אחרונים","","1500","1945"
"משנה למלך על משנה תורה, הלכות גזילה ואבידה","יהודה רוזאניס","אחרונים","","1500","1945"
"משנה למלך על משנה תורה, הלכות גירושין","יהודה רוזאניס","אחרונים","","1500","1945"
"משנה למלך על משנה תורה, הלכות גניבה","יהודה רוזאניס","אחרונים","","1500","1945"
"משנה למלך על משנה תורה, הלכות דעות","יהודה רוזאניס","אחרונים","","1500","1945"
"משנה למלך על משנה תורה, הלכות זכייה ומתנה","יהודה רוזאניס","אחרונים","","1500","1945"
"משנה למלך על משנה תורה, הלכות חגיגה","יהודה רוזאניס","אחרונים","","1500","1945"
"משנה למלך על משנה תורה, הלכות חובל ומזיק","יהודה רוזאניס","אחרונים","","1500","1945"
"משנה למלך על משנה תורה, הלכות חמץ ומצה","יהודה רוזאניס","אחרונים","","1500","1945"
"משנה למלך על משנה תורה, הלכות טומאת אוכלים","יהודה רוזאניס","אחרונים","","1500","1945"
"משנה למלך על משנה תורה, הלכות טומאת מת","יהודה רוזאניס","אחרונים","","1500","1945"
"משנה למלך על משנה תורה, הלכות טומאת צרעת","יהודה רוזאניס","אחרונים","","1500","1945"
"משנה למלך על משנה תורה, הלכות טוען ונטען","יהודה רוזאניס","אחרונים","","1500","1945"
"משנה למלך על משנה תורה, הלכות יבום וחליצה","יהודה רוזאניס","אחרונים","","1500","1945"
"משנה למלך על משנה תורה, הלכות יום טוב","יהודה רוזאניס","אחרונים","","1500","1945"
"משנה למלך על משנה תורה, הלכות יסודי התורה","יהודה רוזאניס","אחרונים","","1500","1945"
"משנה למלך על משנה תורה, הלכות כלאים","יהודה רוזאניס","אחרונים","","1500","1945"
"משנה למלך על משנה תורה, הלכות כלי המקדש והעובדין בו","יהודה רוזאניס","אחרונים","","1500","1945"
"משנה למלך על משנה תורה, הלכות כלים","יהודה רוזאניס","אחרונים","","1500","1945"
"משנה למלך על משנה תורה, הלכות לולב","יהודה רוזאניס","אחרונים","","1500","1945"
"משנה למלך על משנה תורה, הלכות מאכלות אסורות","יהודה רוזאניס","אחרונים","","1500","1945"
"משנה למלך על משנה תורה, הלכות מגילה","יהודה רוזאניס","אחרונים","","1500","1945"
"משנה למלך על משנה תורה, הלכות מחוסרי כפרה","יהודה רוזאניס","אחרונים","","1500","1945"
"משנה למלך על משנה תורה, הלכות מטמאי משכב ומושב","יהודה רוזאניס","אחרונים","","1500","1945"
"משנה למלך על משנה תורה, הלכות מילה","יהודה רוזאניס","אחרונים","","1500","1945"
"משנה למלך על משנה תורה, הלכות מכירה","יהודה רוזאניס","אחרונים","","1500","1945"
"משנה למלך על משנה תורה, הלכות מלווה ולווה","יהודה רוזאניס","אחרונים","","1500","1945"
"משנה למלך על משנה תורה, הלכות מלכים ומלחמות","יהודה רוזאניס","אחרונים","","1500","1945"
"משנה למלך על משנה תורה, הלכות ממרים","יהודה רוזאניס","אחרונים","","1500","1945"
"משנה למלך על משנה תורה, הלכות מעילה","יהודה רוזאניס","אחרונים","","1500","1945"
"משנה למלך על משנה תורה, הלכות מעשה הקרבנות","יהודה רוזאניס","אחרונים","","1500","1945"
"משנה למלך על משנה תורה, הלכות מעשר שני ונטע רבעי","יהודה רוזאניס","אחרונים","","1500","1945"
"משנה למלך על משנה תורה, הלכות מעשרות","יהודה רוזאניס","אחרונים","","1500","1945"
"משנה למלך על משנה תורה, הלכות מקוואות","יהודה רוזאניס","אחרונים","","1500","1945"
"משנה למלך על משנה תורה, הלכות מתנות עניים","יהודה רוזאניס","אחרונים","","1500","1945"
"משנה למלך על משנה תורה, הלכות נדרים","יהודה רוזאניס","אחרונים","","1500","1945"
"משנה למלך על משנה תורה, הלכות נזירות","יהודה רוזאניס","אחרונים","","1500","1945"
"משנה למלך על משנה תורה, הלכות נזקי ממון","יהודה רוזאניס","אחרונים","","1500","1945"
"משנה למלך על משנה תורה, הלכות נחלות","יהודה רוזאניס","אחרונים","","1500","1945"
"משנה למלך על משנה תורה, הלכות נערה בתולה","יהודה רוזאניס","אחרונים","","1500","1945"
"משנה למלך על משנה תורה, הלכות סוטה","יהודה רוזאניס","אחרונים","","1500","1945"
"משנה למלך על משנה תורה, הלכות סנהדרין","יהודה רוזאניס","אחרונים","","1500","1945"
"משנה למלך על משנה תורה, הלכות ספר תורה","יהודה רוזאניס","אחרונים","","1500","1945"
"משנה למלך על משנה תורה, הלכות עבדים","יהודה רוזאניס","אחרונים","","1500","1945"
"משנה למלך על משנה תורה, הלכות עבודה זרה וחוקות הגויים","יהודה רוזאניס","אחרונים","","1500","1945"
"משנה למלך על משנה תורה, הלכות עבודת יום הכפורים","יהודה רוזאניס","אחרונים","","1500","1945"
"משנה למלך על משנה תורה, הלכות עדות","יהודה רוזאניס","אחרונים","","1500","1945"
"משנה למלך על משנה תורה, הלכות עירובין","יהודה רוזאניס","אחרונים","","1500","1945"
"משנה למלך על משנה תורה, הלכות ערכים וחרמין","יהודה רוזאניס","אחרונים","","1500","1945"
"משנה למלך על משנה תורה, הלכות פסולי המוקדשין","יהודה רוזאניס","אחרונים","","1500","1945"
"משנה למלך על משנה תורה, הלכות פרה אדומה","יהודה רוזאניס","אחרונים","","1500","1945"
"משנה למלך על משנה תורה, הלכות ציצית","יהודה רוזאניס","אחרונים","","1500","1945"
"משנה למלך על משנה תורה, הלכות קרבן פסח","יהודה רוזאניס","אחרונים","","1500","1945"
"משנה למלך על משנה תורה, הלכות קריאת שמע","יהודה רוזאניס","אחרונים","","1500","1945"
"משנה למלך על משנה תורה, הלכות רוצח ושמירת נפש","יהודה רוזאניס","אחרונים","","1500","1945"
"משנה למלך על משנה תורה, הלכות שאלה ופיקדון","יהודה רוזאניס","אחרונים","","1500","1945"
"משנה למלך על משנה תורה, הלכות שאר אבות הטומאות","יהודה רוזאניס","אחרונים","","1500","1945"
"משנה למלך על משנה תורה, הלכות שבועות","יהודה רוזאניס","אחרונים","","1500","1945"
"משנה למלך על משנה תורה, הלכות שביתת עשור","יהודה רוזאניס","אחרונים","","1500","1945"
"משנה למלך על משנה תורה, הלכות שבת","יהודה רוזאניס","אחרונים","","1500","1945"
"משנה למלך על משנה תורה, הלכות שגגות","יהודה רוזאניס","אחרונים","","1500","1945"
"משנה למלך על משנה תורה, הלכות שחיטה","יהודה רוזאניס","אחרונים","","1500","1945"
"משנה למלך על משנה תורה, הלכות שכירות","יהודה רוזאניס","אחרונים","","1500","1945"
"משנה למלך על משנה תורה, הלכות שכנים","יהודה רוזאניס","אחרונים","","1500","1945"
"משנה למלך על משנה תורה, הלכות שלוחין ושותפין","יהודה רוזאניס","אחרונים","","1500","1945"
"משנה למלך על משנה תורה, הלכות שמיטה ויובל","יהודה רוזאניס","אחרונים","","1500","1945"
"משנה למלך על משנה תורה, הלכות שקלים","יהודה רוזאניס","אחרונים","","1500","1945"
"משנה למלך על משנה תורה, הלכות תלמוד תורה","יהודה רוזאניס","אחרונים","","1500","1945"
"משנה למלך על משנה תורה, הלכות תמורה","יהודה רוזאניס","אחרונים","","1500","1945"
"משנה למלך על משנה תורה, הלכות תמידים ומוספין","יהודה רוזאניס","אחרונים","","1500","1945"
"משנה למלך על משנה תורה, הלכות תעניות","יהודה רוזאניס","אחרונים","","1500","1945"
"משנה למלך על משנה תורה, הלכות תפילה וברכת כהנים","יהודה רוזאניס","אחרונים","","1500","1945"
"משנה למלך על משנה תורה, הלכות תרומות","יהודה רוזאניס","אחרונים","","1500","1945"
"משנה למלך על משנה תורה, הלכות תשובה","יהודה רוזאניס","אחרונים","","1500","1945"
"משנה מגילה","","חז""ל","","",""
"משנה מדות","","חז""ל","","",""
"משנה מועד קטן","","חז""ל","","",""
"משנה מכות","","חז""ל","","",""
"משנה מכשירין","","חז""ל","","",""
"משנה מנחות","","חז""ל","","",""
"משנה מעילה","","חז""ל","","",""
"משנה מעשר שני","","חז""ל","","",""
"משנה מעשרות","","חז""ל","","",""
"משנה מקואות","","חז""ל","","",""
"משנה נגעים","","חז""ל","","",""
"משנה נדה","","חז""ל","","",""
"משנה נדרים","","חז""ל","","",""
"משנה נזיר","","חז""ל","","",""
"משנה סוטה","","חז""ל","","",""
"משנה סוכה","","חז""ל","","",""
"משנה סנהדרין","","חז""ל","","",""
"משנה עבודה זרה","","חז""ל","","",""
"משנה עדיות","","חז""ל","","",""
"משנה עוקצים","","חז""ל","","",""
"משנה עירובין","","חז""ל","","",""
"משנה ערכין","","חז""ל","","",""
"משנה ערלה","","חז""ל","","",""
"משנה פאה","","חז""ל","","",""
"משנה פסחים","","חז""ל","","",""
"משנה פרה","","חז""ל","","",""
"משנה קידושין","","חז""ל","","",""
"משנה קינים","","חז""ל","","",""
"משנה ראש השנה","","חז""ל","","",""
"משנה שבועות","","חז""ל","","",""
"משנה שביעית","","חז""ל","","",""
"משנה שבת","","חז""ל","","",""
"משנה שכיר חלק א","","אחרונים","","",""
"משנה שקלים","","חז""ל","","",""
"משנה תורה, הלכות אבל","משה בן מימון (רמב""ם)","ראשונים","ראשוני הראשונים","1138","1204"
"משנה תורה, הלכות איסורי ביאה","משה בן מימון (רמב""ם)","ראשונים","ראשוני הראשונים","1138","1204"
"משנה תורה, הלכות איסורי המזבח","משה בן מימון (רמב""ם)","ראשונים","ראשוני הראשונים","1138","1204"
"משנה תורה, הלכות אישות","משה בן מימון (רמב""ם)","ראשונים","ראשוני הראשונים","1138","1204"
"משנה תורה, הלכות ביאת מקדש","משה בן מימון (רמב""ם)","ראשונים","ראשוני הראשונים","1138","1204"
"משנה תורה, הלכות ביכורים ושאר מתנות כהונה שבגבולין","משה בן מימון (רמב""ם)","ראשונים","ראשוני הראשונים","1138","1204"
"משנה תורה, הלכות בית הבחירה","משה בן מימון (רמב""ם)","ראשונים","ראשוני הראשונים","1138","1204"
"משנה תורה, הלכות בכורות","משה בן מימון (רמב""ם)","ראשונים","ראשוני הראשונים","1138","1204"
"משנה תורה, הלכות ברכות","משה בן מימון (רמב""ם)","ראשונים","ראשוני הראשונים","1138","1204"
"משנה תורה, הלכות גזילה ואבידה","משה בן מימון (רמב""ם)","ראשונים","ראשוני הראשונים","1138","1204"
"משנה תורה, הלכות גירושין","משה בן מימון (רמב""ם)","ראשונים","ראשוני הראשונים","1138","1204"
"משנה תורה, הלכות גניבה","משה בן מימון (רמב""ם)","ראשונים","ראשוני הראשונים","1138","1204"
"משנה תורה, הלכות דעות","משה בן מימון (רמב""ם)","ראשונים","ראשוני הראשונים","1138","1204"
"משנה תורה, הלכות זכייה ומתנה","משה בן מימון (רמב""ם)","ראשונים","ראשוני הראשונים","1138","1204"
"משנה תורה, הלכות חגיגה","משה בן מימון (רמב""ם)","ראשונים","ראשוני הראשונים","1138","1204"
"משנה תורה, הלכות חובל ומזיק","משה בן מימון (רמב""ם)","ראשונים","ראשוני הראשונים","1138","1204"
"משנה תורה, הלכות חמץ ומצה","משה בן מימון (רמב""ם)","ראשונים","ראשוני הראשונים","1138","1204"
"משנה תורה, הלכות טומאת אוכלים","משה בן מימון (רמב""ם)","ראשונים","ראשוני הראשונים","1138","1204"
"משנה תורה, הלכות טומאת מת","משה בן מימון (רמב""ם)","ראשונים","ראשוני הראשונים","1138","1204"
"משנה תורה, הלכות טומאת צרעת","משה בן מימון (רמב""ם)","ראשונים","ראשוני הראשונים","1138","1204"
"משנה תורה, הלכות טוען ונטען","משה בן מימון (רמב""ם)","ראשונים","ראשוני הראשונים","1138","1204"
"משנה תורה, הלכות יבום וחליצה","משה בן מימון (רמב""ם)","ראשונים","ראשוני הראשונים","1138","1204"
"משנה תורה, הלכות יסודי התורה","משה בן מימון (רמב""ם)","ראשונים","ראשוני הראשונים","1138","1204"
"משנה תורה, הלכות כלאים","משה בן מימון (רמב""ם)","ראשונים","ראשוני הראשונים","1138","1204"
"משנה תורה, הלכות כלי המקדש והעובדין בו","משה בן מימון (רמב""ם)","ראשונים","ראשוני הראשונים","1138","1204"
"משנה תורה, הלכות כלים","משה בן מימון (רמב""ם)","ראשונים","ראשוני הראשונים","1138","1204"
"משנה תורה, הלכות מאכלות אסורות","משה בן מימון (רמב""ם)","ראשונים","ראשוני הראשונים","1138","1204"
"משנה תורה, הלכות מגילה וחנוכה","משה בן מימון (רמב""ם)","ראשונים","ראשוני הראשונים","1138","1204"
"משנה תורה, הלכות מחוסרי כפרה","משה בן מימון (רמב""ם)","ראשונים","ראשוני הראשונים","1138","1204"
"משנה תורה, הלכות מטמאי משכב ומושב","משה בן מימון (רמב""ם)","ראשונים","ראשוני הראשונים","1138","1204"
"משנה תורה, הלכות מילה","משה בן מימון (רמב""ם)","ראשונים","ראשוני הראשונים","1138","1204"
"משנה תורה, הלכות מכירה","משה בן מימון (רמב""ם)","ראשונים","ראשוני הראשונים","1138","1204"
"משנה תורה, הלכות מלווה ולווה","משה בן מימון (רמב""ם)","ראשונים","ראשוני הראשונים","1138","1204"
"משנה תורה, הלכות מלכים ומלחמות","משה בן מימון (רמב""ם)","ראשונים","ראשוני הראשונים","1138","1204"
"משנה תורה, הלכות ממרים","משה בן מימון (רמב""ם)","ראשונים","ראשוני הראשונים","1138","1204"
"משנה תורה, הלכות מעילה","משה בן מימון (רמב""ם)","ראשונים","ראשוני הראשונים","1138","1204"
"משנה תורה, הלכות מעשה הקרבנות","משה בן מימון (רמב""ם)","ראשונים","ראשוני הראשונים","1138","1204"
"משנה תורה, הלכות מעשר שני ונטע רבעי","משה בן מימון (רמב""ם)","ראשונים","ראשוני הראשונים","1138","1204"
"משנה תורה, הלכות מעשרות","משה בן מימון (רמב""ם)","ראשונים","ראשוני הראשונים","1138","1204"
"משנה תורה, הלכות מקואות","משה בן מימון (רמב""ם)","ראשונים","ראשוני הראשונים","1138","1204"
"משנה תורה, הלכות מתנות עניים","משה בן מימון (רמב""ם)","ראשונים","ראשוני הראשונים","1138","1204"
"משנה תורה, הלכות נדרים","משה בן מימון (רמב""ם)","ראשונים","ראשוני הראשונים","1138","1204"
"משנה תורה, הלכות נזירות","משה בן מימון (רמב""ם)","ראשונים","ראשוני הראשונים","1138","1204"
"משנה תורה, הלכות נזקי ממון","משה בן מימון (רמב""ם)","ראשונים","ראשוני הראשונים","1138","1204"
"משנה תורה, הלכות נחלות","משה בן מימון (רמב""ם)","ראשונים","ראשוני הראשונים","1138","1204"
"משנה תורה, הלכות נערה בתולה","משה בן מימון (רמב""ם)","ראשונים","ראשוני הראשונים","1138","1204"
"משנה תורה, הלכות סוטה","משה בן מימון (רמב""ם)","ראשונים","ראשוני הראשונים","1138","1204"
"משנה תורה, הלכות סנהדרין והעונשין המסורין להם","משה בן מימון (רמב""ם)","ראשונים","ראשוני הראשונים","1138","1204"
"משנה תורה, הלכות עבדים","משה בן מימון (רמב""ם)","ראשונים","ראשוני הראשונים","1138","1204"
"משנה תורה, הלכות עבודה זרה וחוקות הגויים","משה בן מימון (רמב""ם)","ראשונים","ראשוני הראשונים","1138","1204"
"משנה תורה, הלכות עבודת יום הכפורים","משה בן מימון (רמב""ם)","ראשונים","ראשוני הראשונים","1138","1207"
"משנה תורה, הלכות עדות","משה בן מימון (רמב""ם)","ראשונים","ראשוני הראשונים","1138","1204"
"משנה תורה, הלכות עירובין","משה בן מימון (רמב""ם)","ראשונים","ראשוני הראשונים","1138","1204"
"משנה תורה, הלכות ערכים וחרמין","משה בן מימון (רמב""ם)","ראשונים","ראשוני הראשונים","1138","1204"
"משנה תורה, הלכות פסולי המוקדשין","משה בן מימון (רמב""ם)","ראשונים","ראשוני הראשונים","1138","1204"
"משנה תורה, הלכות פרה אדומה","משה בן מימון (רמב""ם)","ראשונים","ראשוני הראשונים","1138","1204"
"משנה תורה, הלכות ציצית","משה בן מימון (רמב""ם)","ראשונים","ראשוני הראשונים","1138","1204"
"משנה תורה, הלכות קידוש החודש","משה בן מימון (רמב""ם)","ראשונים","ראשוני הראשונים","1138","1204"
"משנה תורה, הלכות קרבן פסח","משה בן מימון (רמב""ם)","ראשונים","ראשוני הראשונים","1138","1204"
"משנה תורה, הלכות קריאת שמע","משה בן מימון (רמב""ם)","ראשונים","ראשוני הראשונים","1138","1204"
"משנה תורה, הלכות רוצח ושמירת נפש","משה בן מימון (רמב""ם)","ראשונים","ראשוני הראשונים","1138","1204"
"משנה תורה, הלכות שאלה ופיקדון","משה בן מימון (רמב""ם)","ראשונים","ראשוני הראשונים","1138","1204"
"משנה תורה, הלכות שאר אבות הטומאות","משה בן מימון (רמב""ם)","ראשונים","ראשוני הראשונים","1138","1204"
"משנה תורה, הלכות שבועות","משה בן מימון (רמב""ם)","ראשונים","ראשוני הראשונים","1138","1204"
"משנה תורה, הלכות שביתת יום טוב","משה בן מימון (רמב""ם)","ראשונים","ראשוני הראשונים","1138","1204"
"משנה תורה, הלכות שביתת עשור","משה בן מימון (רמב""ם)","ראשונים","ראשוני הראשונים","1138","1204"
"משנה תורה, הלכות שבת","משה בן מימון (רמב""ם)","ראשונים","ראשוני הראשונים","1138","1204"
"משנה תורה, הלכות שגגות","משה בן מימון (רמב""ם)","ראשונים","ראשוני הראשונים","1138","1204"
"משנה תורה, הלכות שופר וסוכה ולולב","משה בן מימון (רמב""ם)","ראשונים","ראשוני הראשונים","1138","1204"
"משנה תורה, הלכות שחיטה","משה בן מימון (רמב""ם)","ראשונים","ראשוני הראשונים","1138","1204"
"משנה תורה, הלכות שכירות","משה בן מימון (רמב""ם)","ראשונים","ראשוני הראשונים","1138","1204"
"משנה תורה, הלכות שכנים","משה בן מימון (רמב""ם)","ראשונים","ראשוני הראשונים","1138","1204"
"משנה תורה, הלכות שלוחין ושותפין","משה בן מימון (רמב""ם)","ראשונים","ראשוני הראשונים","1138","1204"
"משנה תורה, הלכות שמיטה ויובל","משה בן מימון (רמב""ם)","ראשונים","ראשוני הראשונים","1138","1207"
"משנה תורה, הלכות שקלים","משה בן מימון (רמב""ם)","ראשונים","ראשוני הראשונים","1138","1204"
"משנה תורה, הלכות תלמוד תורה","משה בן מימון (רמב""ם)","ראשונים","ראשוני הראשונים","1138","1204"
"משנה תורה, הלכות תמורה","משה בן מימון (רמב""ם)","ראשונים","ראשוני הראשונים","1138","1204"
"משנה תורה, הלכות תמידים ומוספין","משה בן מימון (רמב""ם)","ראשונים","ראשוני הראשונים","1138","1204"
"משנה תורה, הלכות תעניות","משה בן מימון (רמב""ם)","ראשונים","ראשוני הראשונים","1138","1204"
"משנה תורה, הלכות תפילה וברכת כהנים","משה בן מימון (רמב""ם)","ראשונים","ראשוני הראשונים","1138","1204"
"משנה תורה, הלכות תפילין ומזוזה וספר תורה","משה בן מימון (רמב""ם)","ראשונים","ראשוני הראשונים","1138","1204"
"משנה תורה, הלכות תרומות","משה בן מימון (רמב""ם)","ראשונים","ראשוני הראשונים","1138","1204"
"משנה תורה, הלכות תשובה","משה בן מימון (רמב""ם)","ראשונים","ראשוני הראשונים","1138","1204"
"משנה תורה, מסירת תורה שבעל פה","משה בן מימון (רמב""ם)","ראשונים","ראשוני הראשונים","1138","1204"
"משנה תורה, מצוות לא תעשה","משה בן מימון (רמב""ם)","ראשונים","ראשוני הראשונים","1138","1204"
"משנה תורה, מצוות עשה","משה בן מימון (רמב""ם)","ראשונים","ראשוני הראשונים","1138","1204"
"משנה תורה, סדר התפילה","משה בן מימון (רמב""ם)","ראשונים","ראשוני הראשונים","1138","1204"
"משנה תורה, תוכן החיבור","משה בן מימון (רמב""ם)","ראשונים","ראשוני הראשונים","1138","1204"
"משנה תמורה","","חז""ל","","",""
"משנה תמיד","","חז""ל","","",""
"משנה תענית","","חז""ל","","",""
"משנה תרומות","","חז""ל","","",""
"משנת דרבי אליעזר על איכה רבה","אליעזר יהודה מפינטשוב","אחרונים","","1500","1945"
"משנת דרבי אליעזר על אסתר רבה","אליעזר יהודה מפינטשוב","אחרונים","","1500","1945"
"משנת דרבי אליעזר על בראשית רבה","אליעזר יהודה מפינטשוב","אחרונים","","1500","1945"
"משנת דרבי אליעזר על קהלת רבה","אליעזר יהודה מפינטשוב","אחרונים","","1500","1945"
"משנת דרבי אליעזר על רות רבה","אליעזר יהודה מפינטשוב","אחרונים","","1500","1945"
"משנת מסכת כלה","","חז""ל","","",""
"משנת רבי אליעזר","","חז""ל","","",""
"משפטי בדיקת הסכין לרבי' יונה זצ""ל","רבינו יונה","ראשונים","","1038","1492"
"משפטי עוזיאל","בן ציון מאיר חי עוזיאל","מחברי זמננו","מחברי זמננו","1945","2026"
"משפטים ישרים","","אחרונים","","",""
"משרת משה","","אחרונים","","",""
"מתנות כהונה על איכה רבה","יששכר בער","אחרונים","","1500","1945"
"מתנות כהונה על אסתר רבה","יששכר בער","אחרונים","","1500","1945"
"מתנות כהונה על במדבר רבה","יששכר בער","אחרונים","","1500","1945"
"מתנות כהונה על בראשית רבה","יששכר בער","אחרונים","","1500","1945"
"מתנות כהונה על דברים רבה","יששכר בער","אחרונים","","1500","1945"
"מתנות כהונה על ויקרא רבה","יששכר בער","אחרונים","","1500","1945"
"מתנות כהונה על קהלת רבה","יששכר בער","אחרונים","","1500","1945"
"מתנות כהונה על רות רבה","יששכר בער","אחרונים","","1500","1945"
"מתנות כהונה על שיר השירים רבה","יששכר בער","אחרונים","","1500","1945"
"מתנות כהונה על שמות רבה","יששכר בער","אחרונים","","1500","1945"
"נאוה קדש","","אחרונים","","",""
"נאות דשא","","אחרונים","","",""
"נאות יעקב חלק א","","אחרונים","","",""
"נאות יעקב חלק ב","","אחרונים","","",""
"נאם דוד","","אחרונים","","",""
"נדה","","חז""ל","","",""
"נדרים","","חז""ל","","",""
"נהר מצרים","רפאל אהרן בן שמעון","אחרונים","","1500","1945"
"נודע ביהודה מהדורא קמא","יחזקאל לנדא","אחרונים","","1500","1945"
"נודע ביהודה מהדורא תנינא","יחזקאל לנדא","אחרונים","","1500","1945"
"נוה צדק","","אחרונים","","",""
"נוה שלום (איזראעלסאן)","","אחרונים","","",""
"נוה שלום (שולאל)","","אחרונים","","",""
"נוסח הכתובה","","חז""ל","","",""
"נוסחא חדשה על מסכת גרים","","חז""ל","","",""
"נוסחאות כתב יד על יבמות","","ראשונים","","",""
"נוסחאות כ״י על מסכת סופרים","","חז""ל","","",""
"נוסחת הגר״א על אבות דרבי נתן","אליהו בן שלמה זלמן מווילנה","אחרונים","","1500","1945"
"נוסחת הגר״א על מסכת דרך ארץ זוטא","אליהו בן שלמה זלמן מווילנה","אחרונים","","1500","1945"
"נוסחת הגר״א על מסכת דרך ארץ רבה","אליהו בן שלמה זלמן מווילנה","אחרונים","","1500","1945"
"נוסחת הגר״א על מסכת כלה","אליהו בן שלמה זלמן מווילנה","אחרונים","","1500","1945"
"נוסחת הגר״א על מסכת סופרים","אליהו בן שלמה זלמן מווילנה","אחרונים","","1500","1945"
"נוסחת הגר״א על מסכת שמחות","אליהו בן שלמה זלמן מווילנה","אחרונים","","1500","1945"
"נועם אלימלך","אלימלך וייסבלום מלִיזֶ'נְסְק","אחרונים","","1500","1945"
"נועם ירושלמי על בבא בתרא","","אחרונים","","",""
"נועם ירושלמי על בבא מציעא","","אחרונים","","",""
"נועם ירושלמי על בבא קמא","","אחרונים","","",""
"נועם ירושלמי על ביצה","","אחרונים","","",""
"נועם ירושלמי על בכורים","","אחרונים","","",""
"נועם ירושלמי על ברכות","","אחרונים","","",""
"נועם ירושלמי על גיטין","","אחרונים","","",""
"נועם ירושלמי על דמאי","","אחרונים","","",""
"נועם ירושלמי על הוריות","","אחרונים","","",""
"נועם ירושלמי על חגיגה","","אחרונים","","",""
"נועם ירושלמי על חלה","","אחרונים","","",""
"נועם ירושלמי על יבמות","","אחרונים","","",""
"נועם ירושלמי על יומא","","אחרונים","","",""
"נועם ירושלמי על כלאים","","אחרונים","","",""
"נועם ירושלמי על כתובות","","אחרונים","","",""
"נועם ירושלמי על מגילה","","אחרונים","","",""
"נועם ירושלמי על מועד קטן","","אחרונים","","",""
"נועם ירושלמי על מכות","","אחרונים","","",""
"נועם ירושלמי על מעשר שני","","אחרונים","","",""
"נועם ירושלמי על מעשרות","","אחרונים","","",""
"נועם ירושלמי על נדה","","אחרונים","","",""
"נועם ירושלמי על נדרים","","אחרונים","","",""
"נועם ירושלמי על נזיר","","אחרונים","","",""
"נועם ירושלמי על סוטה","","אחרונים","","",""
"נועם ירושלמי על סוכה","","אחרונים","","",""
"נועם ירושלמי על סנהדרין","","אחרונים","","",""
"נועם ירושלמי על עבודה זרה","","אחרונים","","",""
"נועם ירושלמי על עירובין","","אחרונים","","",""
"נועם ירושלמי על ערלה","","אחרונים","","",""
"נועם ירושלמי על פאה","","אחרונים","","",""
"נועם ירושלמי על פסחים","","אחרונים","","",""
"נועם ירושלמי על קידושין","","אחרונים","","",""
"נועם ירושלמי על ראש השנה","","אחרונים","","",""
"נועם ירושלמי על שבועות","","אחרונים","","",""
"נועם ירושלמי על שביעית","","אחרונים","","",""
"נועם ירושלמי על שבת","","אחרונים","","",""
"נועם ירושלמי על שקלים","","אחרונים","","",""
"נועם ירושלמי על תענית","","אחרונים","","",""
"נועם ירושלמי על תרומות","","אחרונים","","",""
"נושא האפוד","","אחרונים","","",""
"נושאי הרי״ח","רבי רפאל יוסף חרוש","אחרונים","","1812","1898"
"נזיר","","חז""ל","","",""
"נזר הקודש - בכורות","","אחרונים","","",""
"נזר הקודש - זבחים","","אחרונים","","",""
"נזר הקודש - חולין","","אחרונים","","",""
"נזר הקודש - יומא","","אחרונים","","",""
"נזר הקודש - מנחות","","אחרונים","","",""
"נזר הקודש - מעילה","","אחרונים","","",""
"נזר הקודש - נדה","","אחרונים","","",""
"נזר הקודש - תמיד","","אחרונים","","",""
"נחום","","תורה שבכתב","","",""
"נחל איתן על משנה תורה, הלכות איסורי ביאה","אברהם משכיל לאיתן","אחרונים","","1500","1945"
"נחל איתן על משנה תורה, הלכות אישות","אברהם משכיל לאיתן","אחרונים","","1500","1945"
"נחל איתן על משנה תורה, הלכות ברכות","אברהם משכיל לאיתן","אחרונים","","1500","1945"
"נחל איתן על משנה תורה, הלכות גירושין","אברהם משכיל לאיתן","אחרונים","","1500","1945"
"נחל איתן על משנה תורה, הלכות דעות","אברהם משכיל לאיתן","אחרונים","","1500","1945"
"נחל איתן על משנה תורה, הלכות חמץ ומצה","אברהם משכיל לאיתן","אחרונים","","1500","1945"
"נחל איתן על משנה תורה, הלכות יבום וחליצה","אברהם משכיל לאיתן","אחרונים","","1500","1945"
"נחל איתן על משנה תורה, הלכות יסודי התורה","אברהם משכיל לאיתן","אחרונים","","1500","1945"
"נחל איתן על משנה תורה, הלכות מאכלות אסורות","אברהם משכיל לאיתן","אחרונים","","1500","1945"
"נחל איתן על משנה תורה, הלכות מגילה וחנוכה","אברהם משכיל לאיתן","אחרונים","","1500","1945"
"נחל איתן על משנה תורה, הלכות מילה","אברהם משכיל לאיתן","אחרונים","","1500","1945"
"נחל איתן על משנה תורה, הלכות נערה בתולה","אברהם משכיל לאיתן","אחרונים","","1500","1945"
"נחל איתן על משנה תורה, הלכות סוטה","אברהם משכיל לאיתן","אחרונים","","1500","1945"
"נחל איתן על משנה תורה, הלכות עבודה זרה וחוקות הגויים","אברהם משכיל לאיתן","אחרונים","","1500","1945"
"נחל איתן על משנה תורה, הלכות עירובין","אברהם משכיל לאיתן","אחרונים","","1500","1945"
"נחל איתן על משנה תורה, הלכות ציצית","אברהם משכיל לאיתן","אחרונים","","1500","1945"
"נחל איתן על משנה תורה, הלכות קידוש החודש","אברהם משכיל לאיתן","אחרונים","","1500","1945"
"נחל איתן על משנה תורה, הלכות קריאת שמע","אברהם משכיל לאיתן","אחרונים","","1500","1945"
"נחל איתן על משנה תורה, הלכות שביתת יום טוב","אברהם משכיל לאיתן","אחרונים","","1500","1945"
"נחל איתן על משנה תורה, הלכות שביתת עשור","אברהם משכיל לאיתן","אחרונים","","1500","1945"
"נחל איתן על משנה תורה, הלכות שבת","אברהם משכיל לאיתן","אחרונים","","1500","1945"
"נחל איתן על משנה תורה, הלכות שופר וסוכה ולולב","אברהם משכיל לאיתן","אחרונים","","1500","1945"
"נחל איתן על משנה תורה, הלכות שחיטה","אברהם משכיל לאיתן","אחרונים","","1500","1945"
"נחל איתן על משנה תורה, הלכות תלמוד תורה","אברהם משכיל לאיתן","אחרונים","","1500","1945"
"נחל איתן על משנה תורה, הלכות תעניות","אברהם משכיל לאיתן","אחרונים","","1500","1945"
"נחל איתן על משנה תורה, הלכות תפילה וברכת כהנים","אברהם משכיל לאיתן","אחרונים","","1500","1945"
"נחל איתן על משנה תורה, הלכות תפילין ומזוזה וספר תורה","אברהם משכיל לאיתן","אחרונים","","1500","1945"
"נחל איתן על משנה תורה, הלכות תשובה","אברהם משכיל לאיתן","אחרונים","","1500","1945"
"נחל אשכול על איכה","חיים דוד אזולאי","אחרונים","","1500","1945"
"נחל אשכול על אסתר","חיים דוד אזולאי","אחרונים","","1500","1945"
"נחל אשכול על קהלת","חיים דוד אזולאי","אחרונים","","1500","1945"
"נחל אשכול על רות","חיים דוד אזולאי","אחרונים","","1500","1945"
"נחל אשכול על שיר השירים","חיים דוד אזולאי","אחרונים","","1500","1945"
"נחל יצחק חלק א","","אחרונים","","",""
"נחל יצחק חלק ב","","אחרונים","","",""
"נחל קדומים על תורה","חיים דוד אזולאי","אחרונים","","1500","1945"
"נחל שורק","חיים דוד אזולאי","אחרונים","","1500","1945"
"נחלי מים","","אחרונים","","",""
"נחלת אבות","","אחרונים","","",""
"נחלת אבות על אבות","אברבנאל","ראשונים","","1038","1492"
"נחלת בנימין","","אחרונים","","",""
"נחלת ברוך","","אחרונים","","",""
"נחלת דוד על בבא בתרא","","אחרונים","","",""
"נחלת דוד על בבא מציעא","","אחרונים","","",""
"נחלת דוד על בבא קמא","","אחרונים","","",""
"נחלת יהושע","","אחרונים","","",""
"נחלת יעקב","יעקב בן יעקב משה מליסא","אחרונים","","1500","1945"
"נחלת יעקב על מסכת גרים","יעקב (יאקב) נאומבורג","אחרונים","","1500","1945"
"נחלת יעקב על מסכת דרך ארץ זוטא","יעקב (יאקב) נאומבורג","אחרונים","","1500","1945"
"נחלת יעקב על מסכת דרך ארץ רבה","יעקב (יאקב) נאומבורג","אחרונים","","1500","1945"
"נחלת יעקב על מסכת כלה","יעקב (יאקב) נאומבורג","אחרונים","","1500","1945"
"נחלת יעקב על מסכת סופרים","יעקב (יאקב) נאומבורג","אחרונים","","1500","1945"
"נחלת יעקב על מסכת שמחות","יעקב (יאקב) נאומבורג","אחרונים","","1500","1945"
"נחלת שבעה מהדורא קמא חלק ב","","אחרונים","","",""
"נחלת שבעה מהדורה קמא","","אחרונים","","",""
"נחמיה","","תורה שבכתב","","",""
"נימוקי הגריב","","אחרונים","","",""
"נימוקי יוסף על בבא בתרא","יוסף חביבא","ראשונים","","1038","1492"
"נימוקי יוסף על בבא מציעא","יוסף חביבא","ראשונים","","1038","1492"
"נימוקי יוסף על בבא קמא","יוסף חביבא","ראשונים","","1038","1492"
"נימוקי יוסף על יבמות","יוסף חביבא","ראשונים","","1038","1492"
"נימוקי יוסף על מועד קטן","יוסף חביבא","ראשונים","","1038","1492"
"נימוקי יוסף על מכות","יוסף חביבא","ראשונים","","1038","1492"
"נימוקי יוסף על מנחות","יוסף חביבא","ראשונים","","1038","1492"
"נימוקי יוסף על נדרים","יוסף חביבא","ראשונים","","1038","1492"
"נימוקי יוסף על סנהדרין","יוסף חביבא","ראשונים","","1038","1492"
"נימוקי יוסף על עבודה זרה","","ראשונים","","",""
"נפש דוד על ספר הזהר","","אחרונים","","",""
"נפש החיים","חיים איצקוביץ","אחרונים","","1500","1945"
"נפתלי שבע רצון על הגדה של פסח","נפתלי בן שמעון הריץ","אחרונים","","1500","1945"
"נצח ישראל","יהודה ליווא בן בצלאל מפראג (מהר""ל)","אחרונים","ראשוני האחרונים","1512","1609"
"נקודות הכסף על שולחן ערוך יורה דעה","שבתי בן מאיר הכהן","אחרונים","","1500","1945"
"נר מצוה","יהודה ליווא בן בצלאל מפראג (מהר""ל)","אחרונים","ראשוני האחרונים","1512","1609"
"נר מצוה ותורה אור; שער היחוד","דב בער שניאורי","אחרונים","","1500","1945"
"נר שמואל ח״א","","אחרונים","","",""
"נרבוני על מורה נבוכים","הנרבוני","ראשונים","","1038","1492"
"נרות אהרן","","אחרונים","","",""
"נשמת אדם","אברהם דנציג","אחרונים","","1500","1945"
"נשמת חיים","מנשה בן ישראל","אחרונים","","1500","1945"
"נתיב חיים על שלחן ערוך אורח חיים","נתנאל וייל","אחרונים","","1500","1945"
"נתיב חסד על אהבת חסד","רבי ישראל מאיר הכהן","אחרונים","","1500","1945"
"נתיב מאיר","","אחרונים","","",""
"נתיבות החיים","","אחרונים","","",""
"נתיבות המשפט, ביאורים על שולחן ערוך חושן משפט","יעקב בן יעקב משה מליסא","אחרונים","","1500","1945"
"נתיבות המשפט, חידושים על שולחן ערוך חושן משפט","יעקב בן יעקב משה מליסא","אחרונים","","1500","1945"
"נתיבות עולם","יהודה ליווא בן בצלאל מפראג (מהר""ל)","אחרונים","ראשוני האחרונים","1512","1609"
"נתיבות עולם","משה בן יעקב מקוצי","ראשונים","","1038","1492"
"נתינה לגר","ר' נתן אדלר","אחרונים","","1500","1945"
"סדורו של שבת","חיים בן שלמה טירר מטשטרנוביץ","אחרונים","","1500","1945"
"סדר ארקים (ילקוט מדרשים)","","חז""ל","","",""
"סדר ברכות","","אחרונים","","",""
"סדר ברכת הנהנין","שניאור זלמן מליאדי","אחרונים","","1500","1945"
"סדר גן עדן (ילקוט מדרשים)","","חז""ל","","",""
"סדר הדורות","יחיאל הלפרין","אחרונים","","1500","1945"
"סדר היום","משה בן מכיר","אחרונים","","1500","1945"
"סדר הלכה","","אחרונים","","",""
"סדר טרוייש","","ראשונים","","",""
"סדר יצירת הולד (ילקוט מדרשים)","","חז""ל","","",""
"סדר מעמדות","","חז""ל","","",""
"סדר משנה (תאומים)","","אחרונים","","",""
"סדר משנה על משנה תורה, הלכות דעות","בנימין זאב וולף בוסקוביץ","אחרונים","","1500","1945"
"סדר משנה על משנה תורה, הלכות חמץ ומצה","בנימין זאב וולף בוסקוביץ","אחרונים","","1500","1945"
"סדר משנה על משנה תורה, הלכות יסודי התורה","בנימין זאב וולף בוסקוביץ","אחרונים","","1500","1945"
"סדר משנה על משנה תורה, הלכות עבודה זרה וחוקות הגויים","בנימין זאב וולף בוסקוביץ","אחרונים","","1500","1945"
"סדר משנה על משנה תורה, הלכות שביתת עשור","בנימין זאב וולף בוסקוביץ","אחרונים","","1500","1945"
"סדר משנה על משנה תורה, הלכות שבת","בנימין זאב וולף בוסקוביץ","אחרונים","","1500","1945"
"סדר משנה על משנה תורה, הלכות תלמוד תורה","בנימין זאב וולף בוסקוביץ","אחרונים","","1500","1945"
"סדר משנה על משנה תורה, הלכות תשובה","בנימין זאב וולף בוסקוביץ","אחרונים","","1500","1945"
"סדר עולם זוטא","","חז""ל","","",""
"סדר עולם רבה","","חז""ל","","",""
"סדר רבה דבראשית דרבי ישמעאל כהן גדול","","חז""ל","","",""
"סדר תנאים ואמוראים","","ראשונים","גאונים","",""
"סדר תשעה באב","","אחרונים","","",""
"סדרי טהרה","","אחרונים","","",""
"סוד המרכבה דמות אדם והיחוד","","אחרונים","","",""
"סוד הנבואה מרבי יעקב משגביא","","אחרונים","","",""
"סוד הנחש","","ראשונים","","",""
"סוד ידיעת המציאות מקבלת הגאונים","","ראשונים","","",""
"סוד ישרים","גרשון חנוך העניך ליינר","אחרונים","","1500","1945"
"סוד קיומנו או המחנך","","אחרונים","","",""
"סוטה","","חז""ל","","",""
"סוכה","","חז""ל","","",""
"סוכת דוד","","אחרונים","","",""
"סידור אשכנז","","חז""ל","","",""
"סידור חב""ד לימות החול","","חז""ל","","",""
"סידור נוסח עדות המזרח","","חז""ל","","",""
"סידור ספרד","","חז""ל","","",""
"סידור ספרד לימות החול","אברהם דיוויס","חז""ל","","-250","500"
"סידור ספרד לשבת","אברהם דיוויס","חז""ל","","-250","500"
"סידור רבא דבראשית רבא - נוסח ב, על פי כתב-יד אוקספורד","","חז""ל","","",""
"סידור רש""י","רש״י","ראשונים","","1038","1492"
"סיפורי גלגולים ורוחות","","אחרונים","","",""
"סיפורי מעשיות","נתן שטרנהרץ","אחרונים","","1500","1945"
"סליחות נוסח אשכנז ליטא","","אחרונים","","",""
"סליחות נוסח ליטא עברי אנגלי","אברהם דיוויס","חז""ל","","-250","500"
"סליחות נוסח עדות המזרח","","אחרונים","","",""
"סליחות נוסח פולין","","אחרונים","","",""
"סלע המחלקות על בעלי הנפש","זרחיה הלוי","ראשונים","","1038","1492"
"סנהדרין","","חז""ל","","",""
"סנסן ליאיר","חיים דוד אזולאי","אחרונים","","1500","1945"
"ספורנו על במדבר","ספורנו","אחרונים","","1500","1945"
"ספורנו על בראשית","ספורנו","אחרונים","","1500","1945"
"ספורנו על דברים","ספורנו","אחרונים","","1500","1945"
"ספורנו על ויקרא","ספורנו","אחרונים","","1500","1945"
"ספורנו על שיר השירים","ספורנו","אחרונים","","1500","1945"
"ספורנו על שמות","ספורנו","אחרונים","","1500","1945"
"ספר אוצר עדן הגנוז","","אחרונים","","",""
"ספר אורחות חיים (ילקוט מדרשים)","","חז""ל","","",""
"ספר אמרי שפר","","אחרונים","","",""
"ספר ברית מנוחה","","אחרונים","","",""
"ספר גלגולי נשמות","","אחרונים","","",""
"ספר גרושין","","אחרונים","","",""
"ספר דרך אמונה","","אחרונים","","",""
"ספר דרך חכמה","","אחרונים","","",""
"ספר דרך תבונות","","אחרונים","","",""
"ספר האורה","רש״י","ראשונים","","1038","1492"
"ספר הבהיר","","חז""ל","","",""
"ספר הבחור","אליהו בחור","ראשונים","","1038","1492"
"ספר הגן ודרך משה","","ראשונים","","",""
"ספר ההגיון","משה חיים לוצאטו (רמח""ל)","אחרונים","ראשוני האחרונים","1707","1747"
"ספר הזהר","","חז""ל","","",""
"ספר הזכות על גיטין","רמב״ן","ראשונים","","1038","1492"
"ספר הזכות על יבמות","רמב״ן","ראשונים","","1038","1492"
"ספר הזכות על כתובות","רמב״ן","ראשונים","","1038","1492"
"ספר הזכרונות","","אחרונים","","",""
"ספר החיים","חיים בן בצלאל","אחרונים","","1500","1945"
"ספר החינוך","","ראשונים","","",""
"ספר החשמל","","ראשונים","","",""
"ספר החשק","אברהם אבולעפיה","אחרונים","","1500","1945"
"ספר הייחוד","","ראשונים","","",""
"ספר היראה","רבינו יונה","ראשונים","","1038","1492"
"ספר הישר","","ראשונים","","",""
"ספר הישר (מדרש)","","חז""ל","","",""
"ספר המדות","נחמן מברסלב‎","אחרונים","","1500","1945"
"ספר המחכים","נתן בן יהודה","ראשונים","","1038","1492"
"ספר המכריע","ישעיה דטראני","ראשונים","","1038","1492"
"ספר המליצה","משה חיים לוצאטו (רמח""ל)","אחרונים","ראשוני האחרונים","1707","1747"
"ספר המנוחה על משנה תורה, הלכות חמץ ומצה","רבינו מנוח","ראשונים","","1038","1492"
"ספר המנוחה על משנה תורה, הלכות שביתת עשור","רבינו מנוח","ראשונים","","1038","1492"
"ספר המנוחה על משנה תורה, הלכות שופר וסוכה ולולב","רבינו מנוח","ראשונים","","1038","1492"
"ספר המצוות","משה בן מימון (רמב""ם)","ראשונים","ראשוני הראשונים","1138","1204"
"ספר המצוות לרס""ג","סעדיה גאון","ראשונים","","1038","1492"
"ספר המצות הקצר","רבי ישראל מאיר הכהן","אחרונים","","1500","1945"
"ספר העיון","","ראשונים","","",""
"ספר העיטור","","ראשונים","","",""
"ספר העיתים","רבי יהודה בן ברזילי הברצלוני","ראשונים","","1038","1492"
"ספר העצמים","","ראשונים","","",""
"ספר העקרים","רבי יוסף אלבו","ראשונים","","1380","1444"
"ספר הערוך","רבי נתן בן יחיאל","ראשונים","","1038","1492"
"ספר הפליאה","","חז""ל","","",""
"ספר הפרנס","","ראשונים","","",""
"ספר הקנה","","חז""ל","","",""
"ספר השרשים לרדק","","ראשונים","","",""
"ספר התמונה","","חז""ל","","",""
"ספר התרומה","ברוך בן יצחק מוורמיזא","ראשונים","","1038","1492"
"ספר התשב""ץ","שמעון בן צמח דוראן","ראשונים","","1038","1492"
"ספר זרובבל","","חז""ל","","",""
"ספר חיי העולם הבא","","אחרונים","","",""
"ספר חסידים","רבי יהודה בן שמואל החסיד","ראשונים","","1038","1492"
"ספר חרדים","","אחרונים","","",""
"ספר יהודית","","חז""ל","","",""
"ספר יונת אלם","","אחרונים","","",""
"ספר יצירה","","חז""ל","","",""
"ספר יצירה - מסודר","","חז""ל","","",""
"ספר יצירה נוסח הגר""א","","חז""ל","","",""
"ספר יראים","אליעזר ממיץ","ראשונים","","1038","1492"
"ספר כריתות","","ראשונים","","",""
"ספר כתר שם טוב","","ראשונים","","",""
"ספר ליקוטי מאמרים","צדוק הכהן רבינוביץ","אחרונים","","1500","1945"
"ספר מדרש שמעון הצדיק","","חז""ל","","",""
"ספר מעולפת ספירים","","אחרונים","","",""
"ספר מצוות גדול","משה בן יעקב מקוצי","ראשונים","","1038","1492"
"ספר מצוות קטן","יצחק בן יוסף מקורביל‎","ראשונים","","1038","1492"
"ספר מקבים א","","חז""ל","","",""
"ספר מקבים א (תרגום כהנא)","","חז""ל","","",""
"ספר משכני עליון","","אחרונים","","",""
"ספר נהר שלום","","אחרונים","","",""
"ספר עץ הדעת טוב","","אחרונים","","",""
"ספר עשרה מאמרות","","אחרונים","","",""
"ספר פנות המרכבה","","אחרונים","","",""
"ספר קושיות","","ראשונים","","",""
"ספר קנאת ה' צבאות","","אחרונים","","",""
"ספר שושן סודות","","ראשונים","","",""
"ספר שושנה","","","","",""
"ספר שמות הצדיקים","","אחרונים","","",""
"ספר שער הניקוד וסוד החשמל","","ראשונים","","",""
"ספר שקל הקדש","","ראשונים","","",""
"ספרא","","חז""ל","","",""
"ספרא דצניעותא","","חז""ל","","",""
"ספרא דצניעותא עם ביאור הגרא","","אחרונים","","",""
"ספרי במדבר","","חז""ל","","",""
"ספרי דאגדתא על מגילת אסתר","טוביה בן אליעזר","חז""ל","","-250","500"
"ספרי דאגדתא על מגילת אסתר","שלמה בובר","אחרונים","","1500","1945"
"ספרי דברים","","חז""ל","","",""
"ספרי זוטא","","חז""ל","","",""
"עבד המלך","","אחרונים","","",""
"עבודה זרה","","חז""ל","","",""
"עבודת הגרשוני","","אחרונים","","",""
"עבודת המלך על משנה תורה, הלכות דעות","מנחם קרקובסקי","אחרונים","","1500","1945"
"עבודת המלך על משנה תורה, הלכות יסודי התורה","מנחם קרקובסקי","אחרונים","","1500","1945"
"עבודת המלך על משנה תורה, הלכות עבודה זרה וחוקות הגויים","מנחם קרקובסקי","אחרונים","","1500","1945"
"עבודת המלך על משנה תורה, הלכות תלמוד תורה","מנחם קרקובסקי","אחרונים","","1500","1945"
"עבודת המלך על משנה תורה, הלכות תשובה","מנחם קרקובסקי","אחרונים","","1500","1945"
"עבודת המלך על משנה תורה, מסירת תורה שבעל פה","מנחם קרקובסקי","אחרונים","","1500","1945"
"עבודת הקדש","רשב""א","ראשונים","","1038","1492"
"עבודת הקודש (גבאי)","מאיר בן יחזקאל אבן גבאי","אחרונים","","1500","1945"
"עבודת ישראל","ישראל הופשטיין מקוז'ניץ","אחרונים","","1500","1945"
"עבודת לוי","","אחרונים","","",""
"עבודת עבודה חלק א","","אחרונים","","",""
"עדות ביהוסף","","אחרונים","","",""
"עדות ביעקב","","אחרונים","","",""
"עדת יעקב","","אחרונים","","",""
"עובדיה","","תורה שבכתב","","",""
"עוד יוסף חי; דרשות","יוסף חיים","אחרונים","","1500","1945"
"עוד יוסף חי; הלכות","יוסף חיים","אחרונים","","1500","1945"
"עולת שלמה על זבחים","","אחרונים","","",""
"עולת שלמה על מנחות","","אחרונים","","",""
"עולת שלמה על מעילה","","אחרונים","","",""
"עזוז חייל","","אחרונים","","",""
"עזר מקודש על שלחן ערוך אבן העזר","אברהם דוד וואהרמן","אחרונים","","1500","1945"
"עזרא","","תורה שבכתב","","",""
"עזרא בן שלמה על שיר השירים","עזרא בן שלמה מגרונה","ראשונים","","1038","1492"
"עט סופר חלק א","","אחרונים","","",""
"עט סופר חלק ג","","אחרונים","","",""
"עט סופר חלק ד","","אחרונים","","",""
"עטרת זקנים","אברבנאל","ראשונים","","1038","1492"
"עטרת זקנים - בעלי התוספות על התורה ומגילות","תוספות","ראשונים","","",""
"עטרת זקנים על שולחן ערוך אורח חיים","מנחם מנדל אוירבך","אחרונים","","1500","1945"
"עטרת טוביה","","אחרונים","","",""
"עטרת מנחם","","אחרונים","","",""
"עטרת צבי","","אחרונים","","",""
"עיטור בכורים","","אחרונים","","",""
"עין אליעזר","","אחרונים","","",""
"עין הבדלח תנינא","חיים צבי מאנהיימר","אחרונים","","",""
"עין התכלת","גרשון חנוך העניך ליינר","אחרונים","","1500","1945"
"עין זוכר","חיים דוד אזולאי","אחרונים","","1500","1945"
"עין יוסף על ספר המצוות","יוסף פרבר","אחרונים","","1500","1945"
"עין ימין","","אחרונים","","",""
"עין יעקב","יעקב בן שלמה אבן חביב","אחרונים","","1500","1945"
"עין יעקב","לוי בן חביב","אחרונים","","1500","1945"
"עין יעקב (מאת שמואל צבי גליק)","","אחרונים","","",""
"עין יצחק חלק א","","אחרונים","","",""
"עין יצחק חלק ב","","אחרונים","","",""
"עין מאיר","","אחרונים","","",""
"עין תרשיש","","אחרונים","","",""
"עיני אברהם","","אחרונים","","",""
"עיני דוד","","אחרונים","","",""
"עיני הכהן","","אחרונים","","",""
"עיני משה על רות","אלשיך","אחרונים","","1500","1945"
"עיקר תוספות יום טוב על משנה אבות","יום-טוב ליפמן הלר","אחרונים","","1500","1945"
"עיקר תוספות יום טוב על משנה אבות","משולם בן יואל כץ","אחרונים","","1500","1945"
"עיקר תוספות יום טוב על משנה אהלות","יום-טוב ליפמן הלר","אחרונים","","1500","1945"
"עיקר תוספות יום טוב על משנה אהלות","משולם בן יואל כץ","אחרונים","","1500","1945"
"עיקר תוספות יום טוב על משנה בבא בתרא","יום-טוב ליפמן הלר","אחרונים","","1500","1945"
"עיקר תוספות יום טוב על משנה בבא בתרא","משולם בן יואל כץ","אחרונים","","1500","1945"
"עיקר תוספות יום טוב על משנה בבא מציעא","יום-טוב ליפמן הלר","אחרונים","","1500","1945"
"עיקר תוספות יום טוב על משנה בבא מציעא","משולם בן יואל כץ","אחרונים","","1500","1945"
"עיקר תוספות יום טוב על משנה בבא קמא","יום-טוב ליפמן הלר","אחרונים","","1500","1945"
"עיקר תוספות יום טוב על משנה בבא קמא","משולם בן יואל כץ","אחרונים","","1500","1945"
"עיקר תוספות יום טוב על משנה ביכורים","יום-טוב ליפמן הלר","אחרונים","","1500","1945"
"עיקר תוספות יום טוב על משנה ביכורים","משולם בן יואל כץ","אחרונים","","1500","1945"
"עיקר תוספות יום טוב על משנה ביצה","יום-טוב ליפמן הלר","אחרונים","","1500","1945"
"עיקר תוספות יום טוב על משנה ביצה","משולם בן יואל כץ","אחרונים","","1500","1945"
"עיקר תוספות יום טוב על משנה בכורות","יום-טוב ליפמן הלר","אחרונים","","1500","1945"
"עיקר תוספות יום טוב על משנה ברכות","יום-טוב ליפמן הלר","אחרונים","","1500","1945"
"עיקר תוספות יום טוב על משנה ברכות","משולם בן יואל כץ","אחרונים","","1500","1945"
"עיקר תוספות יום טוב על משנה גיטין","יום-טוב ליפמן הלר","אחרונים","","1500","1945"
"עיקר תוספות יום טוב על משנה גיטין","משולם בן יואל כץ","אחרונים","","1500","1945"
"עיקר תוספות יום טוב על משנה דמאי","יום-טוב ליפמן הלר","אחרונים","","1500","1945"
"עיקר תוספות יום טוב על משנה דמאי","משולם בן יואל כץ","אחרונים","","1500","1945"
"עיקר תוספות יום טוב על משנה הוריות","יום-טוב ליפמן הלר","אחרונים","","1500","1945"
"עיקר תוספות יום טוב על משנה הוריות","משולם בן יואל כץ","אחרונים","","1500","1945"
"עיקר תוספות יום טוב על משנה זבחים","יום-טוב ליפמן הלר","אחרונים","","1500","1945"
"עיקר תוספות יום טוב על משנה זבחים","משולם בן יואל כץ","אחרונים","","1500","1945"
"עיקר תוספות יום טוב על משנה זבים","יום-טוב ליפמן הלר","אחרונים","","1500","1945"
"עיקר תוספות יום טוב על משנה זבים","משולם בן יואל כץ","אחרונים","","1500","1945"
"עיקר תוספות יום טוב על משנה חגיגה","יום-טוב ליפמן הלר","אחרונים","","1500","1945"
"עיקר תוספות יום טוב על משנה חולין","יום-טוב ליפמן הלר","אחרונים","","1500","1945"
"עיקר תוספות יום טוב על משנה חולין","משולם בן יואל כץ","אחרונים","","1500","1945"
"עיקר תוספות יום טוב על משנה חלה","יום-טוב ליפמן הלר","אחרונים","","1500","1945"
"עיקר תוספות יום טוב על משנה חלה","משולם בן יואל כץ","אחרונים","","1500","1945"
"עיקר תוספות יום טוב על משנה טבול יום","יום-טוב ליפמן הלר","אחרונים","","1500","1945"
"עיקר תוספות יום טוב על משנה טבול יום","משולם בן יואל כץ","אחרונים","","1500","1945"
"עיקר תוספות יום טוב על משנה טהרות","יום-טוב ליפמן הלר","אחרונים","","1500","1945"
"עיקר תוספות יום טוב על משנה טהרות","משולם בן יואל כץ","אחרונים","","1500","1945"
"עיקר תוספות יום טוב על משנה יבמות","יום-טוב ליפמן הלר","אחרונים","","1500","1945"
"עיקר תוספות יום טוב על משנה יבמות","משולם בן יואל כץ","אחרונים","","1500","1945"
"עיקר תוספות יום טוב על משנה ידים","יום-טוב ליפמן הלר","אחרונים","","1500","1945"
"עיקר תוספות יום טוב על משנה ידים","משולם בן יואל כץ","אחרונים","","1500","1945"
"עיקר תוספות יום טוב על משנה יומא","יום-טוב ליפמן הלר","אחרונים","","1500","1945"
"עיקר תוספות יום טוב על משנה יומא","משולם בן יואל כץ","אחרונים","","1500","1945"
"עיקר תוספות יום טוב על משנה כלאים","יום-טוב ליפמן הלר","אחרונים","","1500","1945"
"עיקר תוספות יום טוב על משנה כלאים","משולם בן יואל כץ","אחרונים","","1500","1945"
"עיקר תוספות יום טוב על משנה כלים","יום-טוב ליפמן הלר","אחרונים","","1500","1945"
"עיקר תוספות יום טוב על משנה כלים","משולם בן יואל כץ","אחרונים","","1500","1945"
"עיקר תוספות יום טוב על משנה כריתות","יום-טוב ליפמן הלר","אחרונים","","1500","1945"
"עיקר תוספות יום טוב על משנה כריתות","משולם בן יואל כץ","אחרונים","","1500","1945"
"עיקר תוספות יום טוב על משנה כתובות","יום-טוב ליפמן הלר","אחרונים","","1500","1945"
"עיקר תוספות יום טוב על משנה כתובות","משולם בן יואל כץ","אחרונים","","1500","1945"
"עיקר תוספות יום טוב על משנה מגילה","יום-טוב ליפמן הלר","אחרונים","","1500","1945"
"עיקר תוספות יום טוב על משנה מגילה","משולם בן יואל כץ","אחרונים","","1500","1945"
"עיקר תוספות יום טוב על משנה מדות","יום-טוב ליפמן הלר","אחרונים","","1500","1945"
"עיקר תוספות יום טוב על משנה מדות","משולם בן יואל כץ","אחרונים","","1500","1945"
"עיקר תוספות יום טוב על משנה מועד קטן","יום-טוב ליפמן הלר","אחרונים","","1500","1945"
"עיקר תוספות יום טוב על משנה מועד קטן","משולם בן יואל כץ","אחרונים","","1500","1945"
"עיקר תוספות יום טוב על משנה מכות","יום-טוב ליפמן הלר","אחרונים","","1500","1945"
"עיקר תוספות יום טוב על משנה מכות","משולם בן יואל כץ","אחרונים","","1500","1945"
"עיקר תוספות יום טוב על משנה מכשירין","יום-טוב ליפמן הלר","אחרונים","","1500","1945"
"עיקר תוספות יום טוב על משנה מכשירין","משולם בן יואל כץ","אחרונים","","1500","1945"
"עיקר תוספות יום טוב על משנה מנחות","יום-טוב ליפמן הלר","אחרונים","","1500","1945"
"עיקר תוספות יום טוב על משנה מנחות","משולם בן יואל כץ","אחרונים","","1500","1945"
"עיקר תוספות יום טוב על משנה מעילה","יום-טוב ליפמן הלר","אחרונים","","1500","1945"
"עיקר תוספות יום טוב על משנה מעילה","משולם בן יואל כץ","אחרונים","","1500","1945"
"עיקר תוספות יום טוב על משנה מעשר שני","יום-טוב ליפמן הלר","אחרונים","","1500","1945"
"עיקר תוספות יום טוב על משנה מעשר שני","משולם בן יואל כץ","אחרונים","","1500","1945"
"עיקר תוספות יום טוב על משנה מעשרות","יום-טוב ליפמן הלר","אחרונים","","1500","1945"
"עיקר תוספות יום טוב על משנה מעשרות","משולם בן יואל כץ","אחרונים","","1500","1945"
"עיקר תוספות יום טוב על משנה מקואות","יום-טוב ליפמן הלר","אחרונים","","1500","1945"
"עיקר תוספות יום טוב על משנה מקואות","משולם בן יואל כץ","אחרונים","","1500","1945"
"עיקר תוספות יום טוב על משנה נגעים","יום-טוב ליפמן הלר","אחרונים","","1500","1945"
"עיקר תוספות יום טוב על משנה נגעים","משולם בן יואל כץ","אחרונים","","1500","1945"
"עיקר תוספות יום טוב על משנה נדה","יום-טוב ליפמן הלר","אחרונים","","1500","1945"
"עיקר תוספות יום טוב על משנה נדה","משולם בן יואל כץ","אחרונים","","1500","1945"
"עיקר תוספות יום טוב על משנה נדרים","יום-טוב ליפמן הלר","אחרונים","","1500","1945"
"עיקר תוספות יום טוב על משנה נדרים","משולם בן יואל כץ","אחרונים","","1500","1945"
"עיקר תוספות יום טוב על משנה נזיר","יום-טוב ליפמן הלר","אחרונים","","1500","1945"
"עיקר תוספות יום טוב על משנה נזיר","משולם בן יואל כץ","אחרונים","","1500","1945"
"עיקר תוספות יום טוב על משנה סוטה","יום-טוב ליפמן הלר","אחרונים","","1500","1945"
"עיקר תוספות יום טוב על משנה סוטה","משולם בן יואל כץ","אחרונים","","1500","1945"
"עיקר תוספות יום טוב על משנה סוכה","יום-טוב ליפמן הלר","אחרונים","","1500","1945"
"עיקר תוספות יום טוב על משנה סוכה","משולם בן יואל כץ","אחרונים","","1500","1945"
"עיקר תוספות יום טוב על משנה סנהדרין","יום-טוב ליפמן הלר","אחרונים","","1500","1945"
"עיקר תוספות יום טוב על משנה סנהדרין","משולם בן יואל כץ","אחרונים","","1500","1945"
"עיקר תוספות יום טוב על משנה עבודה זרה","יום-טוב ליפמן הלר","אחרונים","","1500","1945"
"עיקר תוספות יום טוב על משנה עבודה זרה","משולם בן יואל כץ","אחרונים","","1500","1945"
"עיקר תוספות יום טוב על משנה עדיות","יום-טוב ליפמן הלר","אחרונים","","1500","1945"
"עיקר תוספות יום טוב על משנה עדיות","משולם בן יואל כץ","אחרונים","","1500","1945"
"עיקר תוספות יום טוב על משנה עוקצים","יום-טוב ליפמן הלר","אחרונים","","1500","1945"
"עיקר תוספות יום טוב על משנה עוקצים","משולם בן יואל כץ","אחרונים","","1500","1945"
"עיקר תוספות יום טוב על משנה עירובין","יום-טוב ליפמן הלר","אחרונים","","1500","1945"
"עיקר תוספות יום טוב על משנה עירובין","משולם בן יואל כץ","אחרונים","","1500","1945"
"עיקר תוספות יום טוב על משנה ערכין","יום-טוב ליפמן הלר","אחרונים","","1500","1945"
"עיקר תוספות יום טוב על משנה ערכין","משולם בן יואל כץ","אחרונים","","1500","1945"
"עיקר תוספות יום טוב על משנה ערלה","יום-טוב ליפמן הלר","אחרונים","","1500","1945"
"עיקר תוספות יום טוב על משנה ערלה","משולם בן יואל כץ","אחרונים","","1500","1945"
"עיקר תוספות יום טוב על משנה פאה","יום-טוב ליפמן הלר","אחרונים","","1500","1945"
"עיקר תוספות יום טוב על משנה פאה","משולם בן יואל כץ","אחרונים","","1500","1945"
"עיקר תוספות יום טוב על משנה פסחים","יום-טוב ליפמן הלר","אחרונים","","1500","1945"
"עיקר תוספות יום טוב על משנה פסחים","משולם בן יואל כץ","אחרונים","","1500","1945"
"עיקר תוספות יום טוב על משנה פרה","יום-טוב ליפמן הלר","אחרונים","","1500","1945"
"עיקר תוספות יום טוב על משנה פרה","משולם בן יואל כץ","אחרונים","","1500","1945"
"עיקר תוספות יום טוב על משנה קידושין","יום-טוב ליפמן הלר","אחרונים","","1500","1945"
"עיקר תוספות יום טוב על משנה קידושין","משולם בן יואל כץ","אחרונים","","1500","1945"
"עיקר תוספות יום טוב על משנה קינים","יום-טוב ליפמן הלר","אחרונים","","1500","1945"
"עיקר תוספות יום טוב על משנה ראש השנה","יום-טוב ליפמן הלר","אחרונים","","1500","1945"
"עיקר תוספות יום טוב על משנה ראש השנה","משולם בן יואל כץ","אחרונים","","1500","1945"
"עיקר תוספות יום טוב על משנה שבועות","יום-טוב ליפמן הלר","אחרונים","","1500","1945"
"עיקר תוספות יום טוב על משנה שבועות","משולם בן יואל כץ","אחרונים","","1500","1945"
"עיקר תוספות יום טוב על משנה שביעית","יום-טוב ליפמן הלר","אחרונים","","1500","1945"
"עיקר תוספות יום טוב על משנה שביעית","משולם בן יואל כץ","אחרונים","","1500","1945"
"עיקר תוספות יום טוב על משנה שבת","יום-טוב ליפמן הלר","אחרונים","","1500","1945"
"עיקר תוספות יום טוב על משנה שבת","משולם בן יואל כץ","אחרונים","","1500","1945"
"עיקר תוספות יום טוב על משנה שקלים","יום-טוב ליפמן הלר","אחרונים","","1500","1945"
"עיקר תוספות יום טוב על משנה שקלים","משולם בן יואל כץ","אחרונים","","1500","1945"
"עיקר תוספות יום טוב על משנה תמורה","יום-טוב ליפמן הלר","אחרונים","","1500","1945"
"עיקר תוספות יום טוב על משנה תמורה","משולם בן יואל כץ","אחרונים","","1500","1945"
"עיקר תוספות יום טוב על משנה תמיד","יום-טוב ליפמן הלר","אחרונים","","1500","1945"
"עיקר תוספות יום טוב על משנה תמיד","משולם בן יואל כץ","אחרונים","","1500","1945"
"עיקר תוספות יום טוב על משנה תענית","יום-טוב ליפמן הלר","אחרונים","","1500","1945"
"עיקר תוספות יום טוב על משנה תענית","משולם בן יואל כץ","אחרונים","","1500","1945"
"עיקר תוספות יום טוב על משנה תרומות","יום-טוב ליפמן הלר","אחרונים","","1500","1945"
"עיקר תוספות יום טוב על משנה תרומות","משולם בן יואל כץ","אחרונים","","1500","1945"
"עיקרי הדט יורה דעה","","אחרונים","","",""
"עירובין","","חז""ל","","",""
"עירין קדישין","","ראשונים","","1038","1492"
"עירין קדישין תליתאה","","אחרונים","","",""
"עירין קדישין תניינא","","אחרונים","","",""
"עלה לתרופה","","אחרונים","","",""
"עלים לתרופה","","אחרונים","","",""
"עמוד העבודה","","אחרונים","","",""
"עמודי אש קונטרס עמודי ירושלים","","אחרונים","","",""
"עמודי ירושלים על תלמוד ירושלמי בבא בתרא","ישראל איזנשטיין","אחרונים","","1500","1945"
"עמודי ירושלים על תלמוד ירושלמי בבא מציעא","ישראל איזנשטיין","אחרונים","","1500","1945"
"עמודי ירושלים על תלמוד ירושלמי בבא קמא","ישראל איזנשטיין","אחרונים","","1500","1945"
"עמודי ירושלים על תלמוד ירושלמי ביצה","ישראל איזנשטיין","אחרונים","","1500","1945"
"עמודי ירושלים על תלמוד ירושלמי בכורים","ישראל איזנשטיין","אחרונים","","1500","1945"
"עמודי ירושלים על תלמוד ירושלמי ברכות","ישראל איזנשטיין","אחרונים","","1500","1945"
"עמודי ירושלים על תלמוד ירושלמי גיטין","ישראל איזנשטיין","אחרונים","","1500","1945"
"עמודי ירושלים על תלמוד ירושלמי דמאי","ישראל איזנשטיין","אחרונים","","1500","1945"
"עמודי ירושלים על תלמוד ירושלמי הוריות","ישראל איזנשטיין","אחרונים","","1500","1945"
"עמודי ירושלים על תלמוד ירושלמי חגיגה","ישראל איזנשטיין","אחרונים","","1500","1945"
"עמודי ירושלים על תלמוד ירושלמי חלה","ישראל איזנשטיין","אחרונים","","1500","1945"
"עמודי ירושלים על תלמוד ירושלמי יבמות","ישראל איזנשטיין","אחרונים","","1500","1945"
"עמודי ירושלים על תלמוד ירושלמי יומא","ישראל איזנשטיין","אחרונים","","1500","1945"
"עמודי ירושלים על תלמוד ירושלמי כלאים","ישראל איזנשטיין","אחרונים","","1500","1945"
"עמודי ירושלים על תלמוד ירושלמי כתובות","ישראל איזנשטיין","אחרונים","","1500","1945"
"עמודי ירושלים על תלמוד ירושלמי מגילה","ישראל איזנשטיין","אחרונים","","1500","1945"
"עמודי ירושלים על תלמוד ירושלמי מועד קטן","ישראל איזנשטיין","אחרונים","","1500","1945"
"עמודי ירושלים על תלמוד ירושלמי מכות","ישראל איזנשטיין","אחרונים","","1500","1945"
"עמודי ירושלים על תלמוד ירושלמי מעשר שני","ישראל איזנשטיין","אחרונים","","1500","1945"
"עמודי ירושלים על תלמוד ירושלמי נדה","ישראל איזנשטיין","אחרונים","","1500","1945"
"עמודי ירושלים על תלמוד ירושלמי נדרים","ישראל איזנשטיין","אחרונים","","1500","1945"
"עמודי ירושלים על תלמוד ירושלמי נזיר","ישראל איזנשטיין","אחרונים","","1500","1945"
"עמודי ירושלים על תלמוד ירושלמי סוטה","ישראל איזנשטיין","אחרונים","","1500","1945"
"עמודי ירושלים על תלמוד ירושלמי סוכה","ישראל איזנשטיין","אחרונים","","1500","1945"
"עמודי ירושלים על תלמוד ירושלמי סנהדרין","ישראל איזנשטיין","אחרונים","","1500","1945"
"עמודי ירושלים על תלמוד ירושלמי עבודה זרה","ישראל איזנשטיין","אחרונים","","1500","1945"
"עמודי ירושלים על תלמוד ירושלמי עירובין","ישראל איזנשטיין","אחרונים","","1500","1945"
"עמודי ירושלים על תלמוד ירושלמי ערלה","ישראל איזנשטיין","אחרונים","","1500","1945"
"עמודי ירושלים על תלמוד ירושלמי פאה","ישראל איזנשטיין","אחרונים","","1500","1945"
"עמודי ירושלים על תלמוד ירושלמי פסחים","ישראל איזנשטיין","אחרונים","","1500","1945"
"עמודי ירושלים על תלמוד ירושלמי קידושין","ישראל איזנשטיין","אחרונים","","1500","1945"
"עמודי ירושלים על תלמוד ירושלמי ראש השנה","ישראל איזנשטיין","אחרונים","","1500","1945"
"עמודי ירושלים על תלמוד ירושלמי שבועות","ישראל איזנשטיין","אחרונים","","1500","1945"
"עמודי ירושלים על תלמוד ירושלמי שבת","ישראל איזנשטיין","אחרונים","","1500","1945"
"עמודי ירושלים על תלמוד ירושלמי שקלים","ישראל איזנשטיין","אחרונים","","1500","1945"
"עמודי ירושלים על תלמוד ירושלמי תענית","ישראל איזנשטיין","אחרונים","","1500","1945"
"עמודי ירושלים על תלמוד ירושלמי תרומות","ישראל איזנשטיין","אחרונים","","1500","1945"
"עמודיה שבעה","","אחרונים","","",""
"עמוס","","תורה שבכתב","","",""
"עמק המלך","","אחרונים","","",""
"עמק יהושע חלק א","","אחרונים","","",""
"עמק יהושע חלק ב","","אחרונים","","",""
"עץ הדר","","אחרונים","","",""
"עץ חיים","חיים ויטאל","אחרונים","","1500","1945"
"עץ חיים (אבולעפיה)","","אחרונים","","",""
"עץ יוסף על איכה רבה","חנוך זונדל בן יוסף","אחרונים","","1500","1945"
"עץ יוסף על אסתר רבה","חנוך זונדל בן יוסף","אחרונים","","1500","1945"
"עץ יוסף על במדבר רבה","חנוך זונדל בן יוסף","אחרונים","","1500","1945"
"עץ יוסף על בראשית רבה","חנוך זונדל בן יוסף","אחרונים","","1500","1945"
"עץ יוסף על דברים רבה","חנוך זונדל בן יוסף","אחרונים","","1500","1945"
"עץ יוסף על ויקרא רבה","חנוך זונדל בן יוסף","אחרונים","","1500","1945"
"עץ יוסף על קהלת רבה","חנוך זונדל בן יוסף","אחרונים","","1500","1945"
"עץ יוסף על רות רבה","חנוך זונדל בן יוסף","אחרונים","","1500","1945"
"עץ יוסף על שיר השירים רבה","חנוך זונדל בן יוסף","אחרונים","","1500","1945"
"עץ יוסף על שמות רבה","חנוך זונדל בן יוסף","אחרונים","","1500","1945"
"עצי חיים על התורה","","אחרונים","","",""
"עצי חיים על מועדים","","אחרונים","","",""
"עצמות יוסף קידושין","","אחרונים","","",""
"עקידת יצחק","יצחק בן משה עראמה","ראשונים","","1038","1492"
"ערבי נחל","דוד שלמה אייבשיץ","אחרונים","","1500","1945"
"ערבית","","חז""ל","","",""
"ערוגת הבושם על אוח","","אחרונים","","",""
"ערוגת הבושם על יוד - א","","אחרונים","","",""
"ערוגת הבושם על יוד - ב","","אחרונים","","",""
"ערוך השולחן","הרב יחיאל מיכל הלוי אפשטין","אחרונים","","1500","1945"
"ערוך השולחן העתיד","הרב יחיאל מיכל הלוי אפשטין","אחרונים","","1500","1945"
"ערוך לנר על יבמות","","אחרונים","","",""
"ערוך לנר על סנהדרין","יעקב אטלינגר","אחרונים","","1500","1945"
"ערוך לנר על ראש השנה","יעקב אטלינגר","אחרונים","","1500","1945"
"ערך השולחן אבן העזר","","אחרונים","","",""
"ערך השולחן חושן משפט חלק ב","","אחרונים","","",""
"ערך השולחן חושן משפט חלק ג","","אחרונים","","",""
"ערך שי שס","","אחרונים","","",""
"ערכין","","חז""ל","","",""
"עשירית האיפה חלק א","","אחרונים","","",""
"עשרה אורות","","אחרונים","","",""
"עשרה למאה","","אחרונים","","",""
"עשרה מילי דחסידותא (ילקוט מדרשים)","","חז""ל","","",""
"עשרה פרקים להרמח''ל","משה חיים לוצאטו (רמח""ל)","אחרונים","ראשוני האחרונים","1707","1747"
"עשרה פרקים לרמחל - כללות האילן הקדוש","","אחרונים","","",""
"עת האוכל","צדוק הכהן רבינוביץ","אחרונים","","1500","1945"
"פאר הדור תשובות הרמב""ם","משה בן מימון (רמב""ם)","ראשונים","ראשוני הראשונים","1138","1204"
"פארי הלכות","","אחרונים","","",""
"פה אחד על הגדה של פסח","חיים דוד אזולאי","אחרונים","","1500","1945"
"פועל צדק","","אחרונים","","",""
"פוקד עקרים","צדוק הכהן רבינוביץ","אחרונים","","1500","1945"
"פורת יוסף (שלופר)","","אחרונים","","",""
"פורת יוסף הקדמה וכללים","","אחרונים","","",""
"פורת יוסף על בבא קמא","","אחרונים","","",""
"פורת יוסף על יבמות","","אחרונים","","",""
"פורת יוסף על כתובות","","אחרונים","","",""
"פחד יצחק חלק ט","","אחרונים","","",""
"פי אריה","","אחרונים","","",""
"פירוש הגר""א על ספר יצירה","אליהו בן שלמה זלמן מווילנה","אחרונים","","1500","1945"
"פירוש הגרא על מגלת אסתר על דרך הפשט","","אחרונים","","",""
"פירוש הגרא על מגלת אסתר על דרך הרמז","","אחרונים","","",""
"פירוש הגרא על משלי","","אחרונים","","",""
"פירוש הגרא על שיר השירים","","אחרונים","","",""
"פירוש הפלאה על הגדה של פסח","פנחס הלוי איש הורוויץ","אחרונים","","1500","1945"
"פירוש הרא""ש על נדרים","רא""ש","ראשונים","","1038","1492"
"פירוש הרא""ש על נזיר","רא""ש","ראשונים","","1038","1492"
"פירוש הרא""ש על תמיד","רא""ש","ראשונים","","1038","1492"
"פירוש הראב""ד על ספר יצירה","","ראשונים","","",""
"פירוש הראש על זבים","","ראשונים","","",""
"פירוש הראש על מדות","","ראשונים","","",""
"פירוש הראש על קינים","","ראשונים","","",""
"פירוש הרי דמן עכו לספר יצירה","","ראשונים","","",""
"פירוש הרמק לספר יצירה","","אחרונים","","",""
"פירוש לב נתיבות מקבלת הגאונים","","ראשונים","","",""
"פירוש למאמר ויהי מקץ","","אחרונים","","",""
"פירוש מאמר ארימת ידי בצלותין","","אחרונים","","",""
"פירוש מאמר הזוהר ריש משפטים","","אחרונים","","",""
"פירוש מהרז״ו על איכה רבה","","אחרונים","","",""
"פירוש מהרז״ו על אסתר רבה","","אחרונים","","",""
"פירוש מהרז״ו על במדבר רבה","","אחרונים","","",""
"פירוש מהרז״ו על בראשית רבה","","אחרונים","","",""
"פירוש מהרז״ו על דברים רבה","","אחרונים","","",""
"פירוש מהרז״ו על ויקרא רבה","","אחרונים","","",""
"פירוש מהרז״ו על קהלת רבה","","אחרונים","","",""
"פירוש מהרז״ו על רות רבה","","אחרונים","","",""
"פירוש מהרז״ו על שיר השירים רבה","","אחרונים","","",""
"פירוש מהרז״ו על שמות רבה","","אחרונים","","",""
"פירוש מיוחס לרבינו שמעיה על מסכת מדות","","ראשונים","","",""
"פירוש מעשה בראשית","","אחרונים","","",""
"פירוש משנה ראשונה לספר יצירה","","אחרונים","","",""
"פירוש על משנה תורה, הלכות יסודי התורה","","אחרונים","","",""
"פירוש על משנה תורה, הלכות תשובה","","אחרונים","","",""
"פירוש קדמון על ספר חסידים","דוד גרינהוט","אחרונים","","1500","1945"
"פירוש קצר על בבא בתרא","שאול ליברמן","אחרונים","","1500","1945"
"פירוש קצר על בבא מציעא","שאול ליברמן","אחרונים","","1500","1945"
"פירוש קצר על בבא קמא","שאול ליברמן","אחרונים","","1500","1945"
"פירוש קצר על ביכורים","שאול ליברמן","אחרונים","","1500","1945"
"פירוש קצר על ביצה","שאול ליברמן","אחרונים","","1500","1945"
"פירוש קצר על ברכות","שאול ליברמן","אחרונים","","1500","1945"
"פירוש קצר על גיטין","שאול ליברמן","אחרונים","","1500","1945"
"פירוש קצר על דמאי","שאול ליברמן","אחרונים","","1500","1945"
"פירוש קצר על חגיגה","שאול ליברמן","אחרונים","","1500","1945"
"פירוש קצר על חלה","שאול ליברמן","אחרונים","","1500","1945"
"פירוש קצר על יבמות","שאול ליברמן","אחרונים","","1500","1945"
"פירוש קצר על יומא","שאול ליברמן","אחרונים","","1500","1945"
"פירוש קצר על כלאים","שאול ליברמן","אחרונים","","1500","1945"
"פירוש קצר על כתובות","שאול ליברמן","אחרונים","","1500","1945"
"פירוש קצר על מגילה","שאול ליברמן","אחרונים","","1500","1945"
"פירוש קצר על מועד קטן","שאול ליברמן","אחרונים","","1500","1945"
"פירוש קצר על מעשר שני","שאול ליברמן","אחרונים","","1500","1945"
"פירוש קצר על מעשרות","שאול ליברמן","אחרונים","","1500","1945"
"פירוש קצר על נדרים","שאול ליברמן","אחרונים","","1500","1945"
"פירוש קצר על נזיר","שאול ליברמן","אחרונים","","1500","1945"
"פירוש קצר על סוטה","שאול ליברמן","אחרונים","","1500","1945"
"פירוש קצר על סוכה","שאול ליברמן","אחרונים","","1500","1945"
"פירוש קצר על עירובין","שאול ליברמן","אחרונים","","1500","1945"
"פירוש קצר על ערלה","שאול ליברמן","אחרונים","","1500","1945"
"פירוש קצר על פאה","שאול ליברמן","אחרונים","","1500","1945"
"פירוש קצר על פסחים","שאול ליברמן","אחרונים","","1500","1945"
"פירוש קצר על קידושין","שאול ליברמן","אחרונים","","1500","1945"
"פירוש קצר על ראש השנה","שאול ליברמן","אחרונים","","1500","1945"
"פירוש קצר על שביעית","שאול ליברמן","אחרונים","","1500","1945"
"פירוש קצר על שבת","שאול ליברמן","אחרונים","","1500","1945"
"פירוש קצר על שקלים","שאול ליברמן","אחרונים","","1500","1945"
"פירוש קצר על תענית","שאול ליברמן","אחרונים","","1500","1945"
"פירוש קצר על תרומות","שאול ליברמן","אחרונים","","1500","1945"
"פירוש רבינו ישמעאל בן חכמון על עירובין","","ראשונים","","",""
"פירוש רי סגי נהור לספר יצירה","","ראשונים","","",""
"פירוש שלמה סיריליו על תלמוד ירושלמי בכורים","שלמה סיריליו","אחרונים","","1500","1945"
"פירוש שלמה סיריליו על תלמוד ירושלמי ברכות","שלמה סיריליו","אחרונים","","1500","1945"
"פירוש שלמה סיריליו על תלמוד ירושלמי דמאי","שלמה סיריליו","אחרונים","","1500","1945"
"פירוש שלמה סיריליו על תלמוד ירושלמי חלה","שלמה סיריליו","אחרונים","","1500","1945"
"פירוש שלמה סיריליו על תלמוד ירושלמי כלאים","שלמה סיריליו","אחרונים","","1500","1945"
"פירוש שלמה סיריליו על תלמוד ירושלמי מעשר שני","שלמה סיריליו","אחרונים","","1500","1945"
"פירוש שלמה סיריליו על תלמוד ירושלמי מעשרות","שלמה סיריליו","אחרונים","","1500","1945"
"פירוש שלמה סיריליו על תלמוד ירושלמי ערלה","שלמה סיריליו","אחרונים","","1500","1945"
"פירוש שלמה סיריליו על תלמוד ירושלמי פאה","שלמה סיריליו","אחרונים","","1500","1945"
"פירוש שלמה סיריליו על תלמוד ירושלמי שביעית","שלמה סיריליו","אחרונים","","1500","1945"
"פירוש שלמה סיריליו על תלמוד ירושלמי שקלים","שלמה סיריליו","אחרונים","","1500","1945"
"פירוש שלמה סיריליו על תלמוד ירושלמי תרומות","שלמה סיריליו","אחרונים","","1500","1945"
"פירושי רד""צ הופמן על ויקרא","דוד צבי הופמן","אחרונים","","1500","1945"
"פירושי רד""צ הופמן על שמות","דוד צבי הופמן","אחרונים","","1500","1945"
"פירושים והערות מהרב יהושע הרטמן על אור חדש","יהושע הרטמן","מחברי זמננו","מחברי זמננו","1500","1945"
"פירושים והערות מהרב יהושע הרטמן על באר הגולה","יהושע הרטמן","מחברי זמננו","מחברי זמננו","1500","1945"
"פירושים והערות מהרב יהושע הרטמן על גבורות השם","יהושע הרטמן","מחברי זמננו","מחברי זמננו","1500","1945"
"פירושים והערות מהרב יהושע הרטמן על דרוש על התורה","","אחרונים","","",""
"פירושים והערות מהרב יהושע הרטמן על דרך חיים","יהושע הרטמן","מחברי זמננו","מחברי זמננו","1500","1945"
"פירושים והערות מהרב יהושע הרטמן על דרשת שבת הגדול","","אחרונים","","",""
"פירושים והערות מהרב יהושע הרטמן על נצח ישראל","יהושע הרטמן","מחברי זמננו","מחברי זמננו","1500","1945"
"פירושים והערות מהרב יהושע הרטמן על נר מצוה","יהושע הרטמן","מחברי זמננו","מחברי זמננו","1500","1945"
"פירושים והערות מהרב יהושע הרטמן על נתיבות עולם","יהושע הרטמן","מחברי זמננו","מחברי זמננו","1500","1945"
"פי׳ החיד״א על מסכת גרים","חיים דוד אזולאי","אחרונים","","1500","1945"
"פלא יועץ","אליעזר פאפו","אחרונים","","1500","1945"
"פלגי מים על איכה","יעקב בן יעקב משה מליסא","אחרונים","","1500","1945"
"פליאה דעת העט","","ראשונים","","",""
"פלפולא חריפתא על בבא בתרא","יום-טוב ליפמן הלר","אחרונים","","1500","1945"
"פלפולא חריפתא על בבא מציעא","יום-טוב ליפמן הלר","אחרונים","","1500","1945"
"פלפולא חריפתא על מכות","יום-טוב ליפמן הלר","אחרונים","","1500","1945"
"פלפולא חריפתא על סנהדרין","יום-טוב ליפמן הלר","אחרונים","","1500","1945"
"פלפולא חריפתא על עבודה זרה","יום-טוב ליפמן הלר","אחרונים","","1500","1945"
"פלפולא חריפתא על שבועות","יום-טוב ליפמן הלר","אחרונים","","1500","1945"
"פלתי על שולחן ערוך יורה דעה","יהונתן אייבשיץ","אחרונים","","1500","1945"
"פני אריה","","אחרונים","","",""
"פני דוד","חיים דוד אזולאי","אחרונים","","1500","1945"
"פני הבית (בית אב)","","אחרונים","","",""
"פני המים","","אחרונים","","",""
"פני המלך","","אחרונים","","",""
"פני יהושע על בבא מציעא","יעקב יהושע פלק‎","אחרונים","","1500","1945"
"פני יהושע על בבא קמא","יעקב יהושע פלק‎","אחרונים","","1500","1945"
"פני יהושע על ביצה","יעקב יהושע פלק‎","אחרונים","","1500","1945"
"פני יהושע על ברכות","יעקב יהושע פלק‎","אחרונים","","1500","1945"
"פני יהושע על גיטין","יעקב יהושע פלק‎","אחרונים","","1500","1945"
"פני יהושע על חולין","יעקב יהושע פלק‎","אחרונים","","1500","1945"
"פני יהושע על יומא","יעקב יהושע פלק‎","אחרונים","","1500","1945"
"פני יהושע על כתובות","יעקב יהושע פלק‎","אחרונים","","1500","1945"
"פני יהושע על מגילה","יעקב יהושע פלק‎","אחרונים","","1500","1945"
"פני יהושע על מכות","יעקב יהושע פלק‎","אחרונים","","1500","1945"
"פני יהושע על סוכה","יעקב יהושע פלק‎","אחרונים","","1500","1945"
"פני יהושע על פסחים","יעקב יהושע פלק‎","אחרונים","","1500","1945"
"פני יהושע על קידושין","יעקב יהושע פלק‎","אחרונים","","1500","1945"
"פני יהושע על ראש השנה","יעקב יהושע פלק‎","אחרונים","","1500","1945"
"פני יהושע על שבועות","יעקב יהושע פלק‎","אחרונים","","1500","1945"
"פני יהושע על שבת","יעקב יהושע פלק‎","אחרונים","","1500","1945"
"פני יצחק חלק ו","","אחרונים","","",""
"פני משה אסבאג","רבי משה אסבאג","אחרונים","","","1824"
"פני משה על תלמוד ירושלמי בבא בתרא","משה מרגלית","אחרונים","","1500","1945"
"פני משה על תלמוד ירושלמי בבא מציעא","משה מרגלית","אחרונים","","1500","1945"
"פני משה על תלמוד ירושלמי בבא קמא","משה מרגלית","אחרונים","","1500","1945"
"פני משה על תלמוד ירושלמי ביצה","משה מרגלית","אחרונים","","1500","1945"
"פני משה על תלמוד ירושלמי בכורים","משה מרגלית","אחרונים","","1500","1945"
"פני משה על תלמוד ירושלמי ברכות","משה מרגלית","אחרונים","","1500","1945"
"פני משה על תלמוד ירושלמי גיטין","משה מרגלית","אחרונים","","1500","1945"
"פני משה על תלמוד ירושלמי דמאי","משה מרגלית","אחרונים","","1500","1945"
"פני משה על תלמוד ירושלמי הוריות","משה מרגלית","אחרונים","","1500","1945"
"פני משה על תלמוד ירושלמי חגיגה","משה מרגלית","אחרונים","","1500","1945"
"פני משה על תלמוד ירושלמי חלה","משה מרגלית","אחרונים","","1500","1945"
"פני משה על תלמוד ירושלמי יבמות","משה מרגלית","אחרונים","","1500","1945"
"פני משה על תלמוד ירושלמי יומא","משה מרגלית","אחרונים","","1500","1945"
"פני משה על תלמוד ירושלמי כלאים","משה מרגלית","אחרונים","","1500","1945"
"פני משה על תלמוד ירושלמי כתובות","משה מרגלית","אחרונים","","1500","1945"
"פני משה על תלמוד ירושלמי מגילה","משה מרגלית","אחרונים","","1500","1945"
"פני משה על תלמוד ירושלמי מועד קטן","משה מרגלית","אחרונים","","1500","1945"
"פני משה על תלמוד ירושלמי מכות","משה מרגלית","אחרונים","","1500","1945"
"פני משה על תלמוד ירושלמי מעשר שני","משה מרגלית","אחרונים","","1500","1945"
"פני משה על תלמוד ירושלמי מעשרות","משה מרגלית","אחרונים","","1500","1945"
"פני משה על תלמוד ירושלמי נדה","משה מרגלית","אחרונים","","1500","1945"
"פני משה על תלמוד ירושלמי נדרים","משה מרגלית","אחרונים","","1500","1945"
"פני משה על תלמוד ירושלמי נזיר","משה מרגלית","אחרונים","","1500","1945"
"פני משה על תלמוד ירושלמי סוטה","משה מרגלית","אחרונים","","1500","1945"
"פני משה על תלמוד ירושלמי סוכה","משה מרגלית","אחרונים","","1500","1945"
"פני משה על תלמוד ירושלמי סנהדרין","משה מרגלית","אחרונים","","1500","1945"
"פני משה על תלמוד ירושלמי עבודה זרה","משה מרגלית","אחרונים","","1500","1945"
"פני משה על תלמוד ירושלמי עירובין","משה מרגלית","אחרונים","","1500","1945"
"פני משה על תלמוד ירושלמי ערלה","משה מרגלית","אחרונים","","1500","1945"
"פני משה על תלמוד ירושלמי פאה","משה מרגלית","אחרונים","","1500","1945"
"פני משה על תלמוד ירושלמי פסחים","משה מרגלית","אחרונים","","1500","1945"
"פני משה על תלמוד ירושלמי קידושין","משה מרגלית","אחרונים","","1500","1945"
"פני משה על תלמוד ירושלמי ראש השנה","משה מרגלית","אחרונים","","1500","1945"
"פני משה על תלמוד ירושלמי שבועות","משה מרגלית","אחרונים","","1500","1945"
"פני משה על תלמוד ירושלמי שביעית","משה מרגלית","אחרונים","","1500","1945"
"פני משה על תלמוד ירושלמי שבת","משה מרגלית","אחרונים","","1500","1945"
"פני משה על תלמוד ירושלמי שקלים","משה מרגלית","אחרונים","","1500","1945"
"פני משה על תלמוד ירושלמי תענית","משה מרגלית","אחרונים","","1500","1945"
"פני משה על תלמוד ירושלמי תרומות","משה מרגלית","אחרונים","","1500","1945"
"פנים יפות בראשית","","אחרונים","","",""
"פנים מאירות חלק א","","אחרונים","","",""
"פנים מאירות חלק ב","","אחרונים","","",""
"פנים מאירות חלק ג","","אחרונים","","",""
"פנים מאירות על זבחים","","אחרונים","","",""
"פסחים","","חז""ל","","",""
"פסיקתא דרב כהנא","","חז""ל","","",""
"פסיקתא רבתי","","חז""ל","","",""
"פסקי הסידור","שניאור זלמן מליאדי","אחרונים","","1500","1945"
"פסקי הרא""ש על בבא בתרא","רא""ש","ראשונים","","1038","1492"
"פסקי הרא""ש על בבא מציעא","רא""ש","ראשונים","","1038","1492"
"פסקי הרא""ש על בבא קמא","רא""ש","ראשונים","","1038","1492"
"פסקי הרא""ש על ביצה","רא""ש","ראשונים","","1038","1492"
"פסקי הרא""ש על בכורות","רא""ש","ראשונים","","1038","1492"
"פסקי הרא""ש על ברכות","רא""ש","ראשונים","","1038","1492"
"פסקי הרא""ש על גיטין","רא""ש","ראשונים","","1038","1492"
"פסקי הרא""ש על חולין","רא""ש","ראשונים","","1038","1492"
"פסקי הרא""ש על יבמות","רא""ש","ראשונים","","1038","1492"
"פסקי הרא""ש על כתובות","רא""ש","ראשונים","","1038","1492"
"פסקי הרא""ש על מגילה","רא""ש","ראשונים","","1038","1492"
"פסקי הרא""ש על מועד קטן","רא""ש","ראשונים","","1038","1492"
"פסקי הרא""ש על מכות","רא""ש","ראשונים","","1038","1492"
"פסקי הרא""ש על נדה","","ראשונים","","",""
"פסקי הרא""ש על נדרים","רא""ש","ראשונים","","1038","1492"
"פסקי הרא""ש על סוכה","רא""ש","ראשונים","","1038","1492"
"פסקי הרא""ש על סנהדרין","רא""ש","ראשונים","","1038","1492"
"פסקי הרא""ש על עבודה זרה","רא""ש","ראשונים","","1038","1492"
"פסקי הרא""ש על עירובין","רא""ש","ראשונים","","1038","1492"
"פסקי הרא""ש על פסחים","רא""ש","ראשונים","","1038","1492"
"פסקי הרא""ש על קידושין","רא""ש","ראשונים","","1038","1492"
"פסקי הרא""ש על ראש השנה","רא""ש","ראשונים","","1038","1492"
"פסקי הרא""ש על שבועות","רא""ש","ראשונים","","1038","1492"
"פסקי הרא""ש על שבת","רא""ש","ראשונים","","1038","1492"
"פסקי הרא""ש על תענית","רא""ש","ראשונים","","1038","1492"
"פסקי הראש על יומא","רא""ש","ראשונים","","1038","1492"
"פסקי הראש על מנחות","רא""ש","ראשונים","","1038","1492"
"פסקי הראש על נידה","רא""ש","ראשונים","","1038","1492"
"פסקי הריבבן","","ראשונים","","",""
"פסקי חלה","רשב""א","ראשונים","","1038","1492"
"פסקי רבינו מענדל קלויזנער על מסכת חולין","","ראשונים","","",""
"פסקי רבינו מענדל קלויזנער על מסכת עז","","ראשונים","","",""
"פסקי רבינו מענדל קלויזנער על מסכת שבת","","ראשונים","","",""
"פסקי רקנאטי","מנחם ריקנטי","ראשונים","","1038","1492"
"פסקי תוספות על בבא בתרא","","ראשונים","","",""
"פסקי תוספות על בבא מציעא","","ראשונים","","",""
"פסקי תוספות על בבא קמא","","ראשונים","","",""
"פסקי תוספות על ביצה","","ראשונים","","",""
"פסקי תוספות על בכורות","","ראשונים","","",""
"פסקי תוספות על ברכות","","ראשונים","","",""
"פסקי תוספות על גיטין","","ראשונים","","",""
"פסקי תוספות על זבחים","","ראשונים","","",""
"פסקי תוספות על חגיגה","","ראשונים","","",""
"פסקי תוספות על חולין","","ראשונים","","",""
"פסקי תוספות על יבמות","","ראשונים","","",""
"פסקי תוספות על יומא","","ראשונים","","",""
"פסקי תוספות על כריתות","","ראשונים","","",""
"פסקי תוספות על כתובות","","ראשונים","","",""
"פסקי תוספות על מגילה","","ראשונים","","",""
"פסקי תוספות על מועד קטן","","ראשונים","","",""
"פסקי תוספות על מכות","","ראשונים","","",""
"פסקי תוספות על מנחות","","ראשונים","","",""
"פסקי תוספות על מעילה","","ראשונים","","",""
"פסקי תוספות על משנה מדות","","ראשונים","","",""
"פסקי תוספות על משנה קינים","","ראשונים","","",""
"פסקי תוספות על נדה","","ראשונים","","",""
"פסקי תוספות על נדרים","","ראשונים","","",""
"פסקי תוספות על סוטה","","ראשונים","","",""
"פסקי תוספות על סוכה","","ראשונים","","",""
"פסקי תוספות על סנהדרין","","ראשונים","","",""
"פסקי תוספות על עבודה זרה","","ראשונים","","",""
"פסקי תוספות על עירובין","","ראשונים","","",""
"פסקי תוספות על ערכין","","ראשונים","","",""
"פסקי תוספות על פסחים","","ראשונים","","",""
"פסקי תוספות על קידושין","","ראשונים","","",""
"פסקי תוספות על ראש השנה","","ראשונים","","",""
"פסקי תוספות על שבועות","","ראשונים","","",""
"פסקי תוספות על שבת","","ראשונים","","",""
"פסקי תוספות על תמורה","","ראשונים","","",""
"פסקי תוספות על תמיד","","ראשונים","","",""
"פסקי תוספות על תענית","","ראשונים","","",""
"פסקי תלמיד הרשב״א","","ראשונים","","",""
"פסקי תשובה חלק א","","אחרונים","","",""
"פעמוני זהב","","אחרונים","","",""
"פענח רזא","רבי יצחק בן יהודה הלוי","ראשונים","","1038","1492"
"פקודת המלך","","אחרונים","","",""
"פר אחד על פרקי דרבי אליעזר","חיים פלאג'י","אחרונים","","1500","1945"
"פרדס יוסף","יוסף פצנובסקי","אחרונים","","1500","1945"
"פרדס רימונים על מסכת עבודה זרה","רבי רפאל מסעוד אבן מוחא","אחרונים","","","1874"
"פרדס רמונים","משה קורדובירו","אחרונים","","1500","1945"
"פרי האדמה","","אחרונים","","",""
"פרי הארץ","מנחם מנדל מוויטבסק","אחרונים","","1500","1945"
"פרי הארץ (מזרחי)","","אחרונים","","",""
"פרי חדש על משנה תורה, הלכות דעות","חזקיה די סילוה","אחרונים","","1500","1945"
"פרי חדש על משנה תורה, הלכות יסודי התורה","חזקיה די סילוה","אחרונים","","1500","1945"
"פרי חדש על משנה תורה, הלכות עבודה זרה וחוקות הגויים","חזקיה די סילוה","אחרונים","","1500","1945"
"פרי חדש על משנה תורה, הלכות תלמוד תורה","חזקיה די סילוה","אחרונים","","1500","1945"
"פרי חיים","","אחרונים","","",""
"פרי יצחק חלק א","","אחרונים","","",""
"פרי יצחק חלק ב","","אחרונים","","",""
"פרי יצחק על ספר יצירה","יצחק ב""ר יקותיאל זלמן","אחרונים","","1500","1945"
"פרי מגדים על אורח חיים","יעקב בן מאיר תאמים","אחרונים","","1500","1945"
"פרי מגדים על יורה דעה","יעקב בן מאיר תאמים","אחרונים","","1500","1945"
"פרי עץ הדר","","אחרונים","","",""
"פרי עץ חיים","חיים ויטאל","אחרונים","","1500","1945"
"פרי עץ חיים (אביגדור)","","אחרונים","","",""
"פרי צדיק","צדוק הכהן רבינוביץ","אחרונים","","1500","1945"
"פרישה","יהושע פלק‏ בן אלכסנדר הכהן","אחרונים","","1500","1945"
"פרק אדם הראשון (ילקוט מדרשים)","","חז""ל","","",""
"פרק ארחות תושיה (ילקוט מדרשים)","","חז""ל","","",""
"פרק גן החיים (ילקוט מדרשים)","","חז""ל","","",""
"פרק מעשה המת (ילקוט מדרשים)","","חז""ל","","",""
"פרק צדקות","","חז""ל","","",""
"פרק צדקות (ילקוט מדרשים)","","חז""ל","","",""
"פרק ר' שמעון בן יוחאי","","חז""ל","","",""
"פרק ראיות יחזקאל","","חז""ל","","",""
"פרק שירה","","חז""ל","","",""
"פרקי דרבי אליעזר","","חז""ל","","",""
"פרקי חיבוט הקבר (ילקוט מדרשים)","","חז""ל","","",""
"פרקי משה על אבות","רבי משה אלמושנינו","אחרונים","","1500","1945"
"פרקי רבי יוסי (ילקוט מדרשים)","","חז""ל","","",""
"פרשת דרכים","יהודה רוזאניס","אחרונים","","1500","1945"
"פרשת הכסף","","אחרונים","","",""
"פרשת המלך","","אחרונים","","",""
"פת לחם","חיים אברהם כ""ץ","אחרונים","","1500","1945"
"פתח האוהל","","אחרונים","","",""
"פתח הבית חלק א","","אחרונים","","",""
"פתח הבית על משנה תורה הלכות חגיגה","","אחרונים","","",""
"פתח הבית על משנה תורה הלכות עבודת יום הכיפורים","","אחרונים","","",""
"פתח הבית על משנה תורה הלכות קרבן פסח","","אחרונים","","",""
"פתח הבית על משנה תורה הלכות תמידין ומוספין","","אחרונים","","",""
"פתח עינים על בבא בתרא","חיים דוד אזולאי","אחרונים","","1500","1945"
"פתח עינים על בבא מציעא","חיים דוד אזולאי","אחרונים","","1500","1945"
"פתח עינים על בבא קמא","חיים דוד אזולאי","אחרונים","","1500","1945"
"פתח עינים על ביצה","חיים דוד אזולאי","אחרונים","","1500","1945"
"פתח עינים על בכורות","חיים דוד אזולאי","אחרונים","","1500","1945"
"פתח עינים על ברכות","חיים דוד אזולאי","אחרונים","","1500","1945"
"פתח עינים על גיטין","חיים דוד אזולאי","אחרונים","","1500","1945"
"פתח עינים על הוריות","חיים דוד אזולאי","אחרונים","","1500","1945"
"פתח עינים על זבחים","חיים דוד אזולאי","אחרונים","","1500","1945"
"פתח עינים על חגיגה","חיים דוד אזולאי","אחרונים","","1500","1945"
"פתח עינים על חולין","חיים דוד אזולאי","אחרונים","","1500","1945"
"פתח עינים על יבמות","חיים דוד אזולאי","אחרונים","","1500","1945"
"פתח עינים על יומא","חיים דוד אזולאי","אחרונים","","1500","1945"
"פתח עינים על כריתות","חיים דוד אזולאי","אחרונים","","1500","1945"
"פתח עינים על כתובות","חיים דוד אזולאי","אחרונים","","1500","1945"
"פתח עינים על מגילה","חיים דוד אזולאי","אחרונים","","1500","1945"
"פתח עינים על מועד קטן","חיים דוד אזולאי","אחרונים","","1500","1945"
"פתח עינים על מכות","חיים דוד אזולאי","אחרונים","","1500","1945"
"פתח עינים על מנחות","חיים דוד אזולאי","אחרונים","","1500","1945"
"פתח עינים על מעילה","חיים דוד אזולאי","אחרונים","","1500","1945"
"פתח עינים על משנה אהלות","חיים דוד אזולאי","אחרונים","","1500","1945"
"פתח עינים על משנה ביכורים","חיים דוד אזולאי","אחרונים","","1500","1945"
"פתח עינים על משנה דמאי","חיים דוד אזולאי","אחרונים","","1500","1945"
"פתח עינים על משנה זבים","חיים דוד אזולאי","אחרונים","","1500","1945"
"פתח עינים על משנה חלה","חיים דוד אזולאי","אחרונים","","1500","1945"
"פתח עינים על משנה טבול יום","חיים דוד אזולאי","אחרונים","","1500","1945"
"פתח עינים על משנה טהרות","חיים דוד אזולאי","אחרונים","","1500","1945"
"פתח עינים על משנה ידים","חיים דוד אזולאי","אחרונים","","1500","1945"
"פתח עינים על משנה כלאים","חיים דוד אזולאי","אחרונים","","1500","1945"
"פתח עינים על משנה כלים","חיים דוד אזולאי","אחרונים","","1500","1945"
"פתח עינים על משנה מדות","חיים דוד אזולאי","אחרונים","","1500","1945"
"פתח עינים על משנה מכשירין","חיים דוד אזולאי","אחרונים","","1500","1945"
"פתח עינים על משנה מעשר שני","חיים דוד אזולאי","אחרונים","","1500","1945"
"פתח עינים על משנה מעשרות","חיים דוד אזולאי","אחרונים","","1500","1945"
"פתח עינים על משנה מקואות","חיים דוד אזולאי","אחרונים","","1500","1945"
"פתח עינים על משנה נגעים","חיים דוד אזולאי","אחרונים","","1500","1945"
"פתח עינים על משנה עדיות","חיים דוד אזולאי","אחרונים","","1500","1945"
"פתח עינים על משנה עוקצים","חיים דוד אזולאי","אחרונים","","1500","1945"
"פתח עינים על משנה ערלה","חיים דוד אזולאי","אחרונים","","1500","1945"
"פתח עינים על משנה פאה","חיים דוד אזולאי","אחרונים","","1500","1945"
"פתח עינים על משנה פרה","חיים דוד אזולאי","אחרונים","","1500","1945"
"פתח עינים על משנה קינים","חיים דוד אזולאי","אחרונים","","1500","1945"
"פתח עינים על משנה שביעית","חיים דוד אזולאי","אחרונים","","1500","1945"
"פתח עינים על משנה שקלים","חיים דוד אזולאי","אחרונים","","1500","1945"
"פתח עינים על משנה תרומות","חיים דוד אזולאי","אחרונים","","1500","1945"
"פתח עינים על נדה","חיים דוד אזולאי","אחרונים","","1500","1945"
"פתח עינים על נדרים","חיים דוד אזולאי","אחרונים","","1500","1945"
"פתח עינים על נזיר","חיים דוד אזולאי","אחרונים","","1500","1945"
"פתח עינים על סוטה","חיים דוד אזולאי","אחרונים","","1500","1945"
"פתח עינים על סוכה","חיים דוד אזולאי","אחרונים","","1500","1945"
"פתח עינים על סנהדרין","חיים דוד אזולאי","אחרונים","","1500","1945"
"פתח עינים על עבודה זרה","חיים דוד אזולאי","אחרונים","","1500","1945"
"פתח עינים על עירובין","חיים דוד אזולאי","אחרונים","","1500","1945"
"פתח עינים על ערכין","חיים דוד אזולאי","אחרונים","","1500","1945"
"פתח עינים על פסחים","חיים דוד אזולאי","אחרונים","","1500","1945"
"פתח עינים על קידושין","חיים דוד אזולאי","אחרונים","","1500","1945"
"פתח עינים על ראש השנה","חיים דוד אזולאי","אחרונים","","1500","1945"
"פתח עינים על שבועות","חיים דוד אזולאי","אחרונים","","1500","1945"
"פתח עינים על שבת","חיים דוד אזולאי","אחרונים","","1500","1945"
"פתח עינים על תמורה","חיים דוד אזולאי","אחרונים","","1500","1945"
"פתח עינים על תמיד","חיים דוד אזולאי","אחרונים","","1500","1945"
"פתח עינים על תענית","חיים דוד אזולאי","אחרונים","","1500","1945"
"פתחי תשובה על שולחן ערוך אבן העזר","אברהם צבי הירש בן יעקב אייזנשטאט","אחרונים","","1500","1945"
"פתחי תשובה על שולחן ערוך חושן משפט","אברהם צבי הירש בן יעקב אייזנשטאט","אחרונים","","1500","1945"
"פתחי תשובה על שולחן ערוך יורה דעה","אברהם צבי הירש בן יעקב אייזנשטאט","אחרונים","","1500","1945"
"פתיחה לחכמת הקבלה","יהודה לייב הלוי אשלג","מחברי זמננו","מחברי זמננו","1945","2026"
"פתיחה לפירוש הסולם","יהודה לייב הלוי אשלג","מחברי זמננו","מחברי זמננו","1945","2026"
"פתיל תכלת","גרשון חנוך העניך ליינר","אחרונים","","1500","1945"
"צאינה וראינה","יעקב בן יצחק אשכנזי","אחרונים","","1500","1945"
"צאן קדשים על בכורות","","אחרונים","","",""
"צאן קדשים על זבחים","","אחרונים","","",""
"צאן קדשים על מנחות","","אחרונים","","",""
"צאן קדשים על מעילה","","אחרונים","","",""
"צאן קדשים על ערכין","","אחרונים","","",""
"צאן קדשים על תמורה","","אחרונים","","",""
"צדקה ומשפט חלק א","","אחרונים","","",""
"צדקה לחיים","","אחרונים","","",""
"צדקת הצדיק","צדוק הכהן רבינוביץ","אחרונים","","1500","1945"
"צו וזרוז","קלונימוס קלמן שפירא","אחרונים","","1500","1945"
"צוארי שלל","חיים דוד אזולאי","אחרונים","","1500","1945"
"צוואת הריב""ש","","אחרונים","","",""
"צוואת נפתלי","","חז""ל","","",""
"צוואת רבי יהודה החסיד","","ראשונים","","",""
"צור תעודה","","אחרונים","","",""
"צורת בית המקדש","יום-טוב ליפמן הלר","אחרונים","","1500","1945"
"צורת בית המקדש השני להתוספות יום טוב","","אחרונים","","",""
"צורת בית המקדש להתפארת ישראל","","אחרונים","","",""
"צורת בית שני","","אחרונים","","",""
"ציון לנפש חיה על ברכות","יחזקאל לנדא","אחרונים","","1500","1945"
"ציון לנפש חיה על זבחים","יחזקאל לנדא","אחרונים","","1500","1945"
"ציון לנפש חיה על חגיגה","יחזקאל לנדא","אחרונים","","1500","1945"
"ציון לנפש חיה על חולין","יחזקאל לנדא","אחרונים","","1500","1945"
"ציון לנפש חיה על מגילה","יחזקאל לנדא","אחרונים","","1500","1945"
"ציון לנפש חיה על מנחות","יחזקאל לנדא","אחרונים","","1500","1945"
"ציון לנפש חיה על עירובין","יחזקאל לנדא","אחרונים","","1500","1945"
"ציון לנפש חיה על פסחים","","אחרונים","","",""
"ציון לנפש חיה על ראש השנה","יחזקאל לנדא","אחרונים","","1500","1945"
"ציון לנפש חיה על שבת","יחזקאל לנדא","אחרונים","","1500","1945"
"ציון לנפש חיה על תענית","יחזקאל לנדא","אחרונים","","1500","1945"
"ציוני מהר""ן על משנה תורה, הלכות אבל","","אחרונים","","",""
"ציוני מהר""ן על משנה תורה, הלכות איסורי ביאה","","אחרונים","","",""
"ציוני מהר""ן על משנה תורה, הלכות איסורי המזבח","","אחרונים","","",""
"ציוני מהר""ן על משנה תורה, הלכות אישות","","אחרונים","","",""
"ציוני מהר""ן על משנה תורה, הלכות ביאת מקדש","","אחרונים","","",""
"ציוני מהר""ן על משנה תורה, הלכות ביכורים ושאר מתנות כהונה שבגבולין","","אחרונים","","",""
"ציוני מהר""ן על משנה תורה, הלכות בית הבחירה","","אחרונים","","",""
"ציוני מהר""ן על משנה תורה, הלכות בכורות","","אחרונים","","",""
"ציוני מהר""ן על משנה תורה, הלכות ברכות","","אחרונים","","",""
"ציוני מהר""ן על משנה תורה, הלכות גזילה ואבידה","","אחרונים","","",""
"ציוני מהר""ן על משנה תורה, הלכות גירושין","","אחרונים","","",""
"ציוני מהר""ן על משנה תורה, הלכות גניבה","","אחרונים","","",""
"ציוני מהר""ן על משנה תורה, הלכות דעות","","אחרונים","","",""
"ציוני מהר""ן על משנה תורה, הלכות זכייה ומתנה","","אחרונים","","",""
"ציוני מהר""ן על משנה תורה, הלכות חובל ומזיק","","אחרונים","","",""
"ציוני מהר""ן על משנה תורה, הלכות חמץ ומצה","","אחרונים","","",""
"ציוני מהר""ן על משנה תורה, הלכות טומאת אוכלים","","אחרונים","","",""
"ציוני מהר""ן על משנה תורה, הלכות טומאת מת","","אחרונים","","",""
"ציוני מהר""ן על משנה תורה, הלכות טומאת צרעת","","אחרונים","","",""
"ציוני מהר""ן על משנה תורה, הלכות טוען ונטען","","אחרונים","","",""
"ציוני מהר""ן על משנה תורה, הלכות יבום וחליצה","","אחרונים","","",""
"ציוני מהר""ן על משנה תורה, הלכות יסודי התורה","","אחרונים","","",""
"ציוני מהר""ן על משנה תורה, הלכות כלאים","","אחרונים","","",""
"ציוני מהר""ן על משנה תורה, הלכות כלי המקדש והעובדין בו","","אחרונים","","",""
"ציוני מהר""ן על משנה תורה, הלכות כלים","","אחרונים","","",""
"ציוני מהר""ן על משנה תורה, הלכות מאכלות אסורות","","אחרונים","","",""
"ציוני מהר""ן על משנה תורה, הלכות מגילה וחנוכה","","אחרונים","","",""
"ציוני מהר""ן על משנה תורה, הלכות מחוסרי כפרה","","אחרונים","","",""
"ציוני מהר""ן על משנה תורה, הלכות מטמאי משכב ומושב","","אחרונים","","",""
"ציוני מהר""ן על משנה תורה, הלכות מילה","","אחרונים","","",""
"ציוני מהר""ן על משנה תורה, הלכות מכירה","","אחרונים","","",""
"ציוני מהר""ן על משנה תורה, הלכות מלכים ומלחמות","","אחרונים","","",""
"ציוני מהר""ן על משנה תורה, הלכות ממרים","","אחרונים","","",""
"ציוני מהר""ן על משנה תורה, הלכות מעילה","","אחרונים","","",""
"ציוני מהר""ן על משנה תורה, הלכות מעשה הקרבנות","","אחרונים","","",""
"ציוני מהר""ן על משנה תורה, הלכות מעשר שני ונטע רבעי","","אחרונים","","",""
"ציוני מהר""ן על משנה תורה, הלכות מעשרות","","אחרונים","","",""
"ציוני מהר""ן על משנה תורה, הלכות מקואות","","אחרונים","","",""
"ציוני מהר""ן על משנה תורה, הלכות מתנות עניים","","אחרונים","","",""
"ציוני מהר""ן על משנה תורה, הלכות נדרים","","אחרונים","","",""
"ציוני מהר""ן על משנה תורה, הלכות נזירות","","אחרונים","","",""
"ציוני מהר""ן על משנה תורה, הלכות נזקי ממון","","אחרונים","","",""
"ציוני מהר""ן על משנה תורה, הלכות נחלות","","אחרונים","","",""
"ציוני מהר""ן על משנה תורה, הלכות נערה בתולה","","אחרונים","","",""
"ציוני מהר""ן על משנה תורה, הלכות סוטה","","אחרונים","","",""
"ציוני מהר""ן על משנה תורה, הלכות סנהדרין והעונשין המסורין להם","","אחרונים","","",""
"ציוני מהר""ן על משנה תורה, הלכות עבדים","","אחרונים","","",""
"ציוני מהר""ן על משנה תורה, הלכות עבודה זרה וחוקות הגויים","","אחרונים","","",""
"ציוני מהר""ן על משנה תורה, הלכות עבודת יום הכפורים","","אחרונים","","",""
"ציוני מהר""ן על משנה תורה, הלכות עדות","","אחרונים","","",""
"ציוני מהר""ן על משנה תורה, הלכות עירובין","","אחרונים","","",""
"ציוני מהר""ן על משנה תורה, הלכות ערכים וחרמין","","אחרונים","","",""
"ציוני מהר""ן על משנה תורה, הלכות פסולי המוקדשין","","אחרונים","","",""
"ציוני מהר""ן על משנה תורה, הלכות פרה אדומה","","אחרונים","","",""
"ציוני מהר""ן על משנה תורה, הלכות ציצית","","אחרונים","","",""
"ציוני מהר""ן על משנה תורה, הלכות קידוש החודש","","אחרונים","","",""
"ציוני מהר""ן על משנה תורה, הלכות קרבן פסח","","אחרונים","","",""
"ציוני מהר""ן על משנה תורה, הלכות קריאת שמע","","אחרונים","","",""
"ציוני מהר""ן על משנה תורה, הלכות רוצח ושמירת נפש","","אחרונים","","",""
"ציוני מהר""ן על משנה תורה, הלכות שאר אבות הטומאות","","אחרונים","","",""
"ציוני מהר""ן על משנה תורה, הלכות שבועות","","אחרונים","","",""
"ציוני מהר""ן על משנה תורה, הלכות שביתת יום טוב","","אחרונים","","",""
"ציוני מהר""ן על משנה תורה, הלכות שביתת עשור","","אחרונים","","",""
"ציוני מהר""ן על משנה תורה, הלכות שבת","","אחרונים","","",""
"ציוני מהר""ן על משנה תורה, הלכות שגגות","","אחרונים","","",""
"ציוני מהר""ן על משנה תורה, הלכות שופר וסוכה ולולב","","אחרונים","","",""
"ציוני מהר""ן על משנה תורה, הלכות שחיטה","","אחרונים","","",""
"ציוני מהר""ן על משנה תורה, הלכות שכירות","","אחרונים","","",""
"ציוני מהר""ן על משנה תורה, הלכות שכנים","","אחרונים","","",""
"ציוני מהר""ן על משנה תורה, הלכות שלוחין ושותפין","","אחרונים","","",""
"ציוני מהר""ן על משנה תורה, הלכות שמיטה ויובל","","אחרונים","","",""
"ציוני מהר""ן על משנה תורה, הלכות שקלים","","אחרונים","","",""
"ציוני מהר""ן על משנה תורה, הלכות תלמוד תורה","","אחרונים","","",""
"ציוני מהר""ן על משנה תורה, הלכות תמורה","","אחרונים","","",""
"ציוני מהר""ן על משנה תורה, הלכות תמידים ומוספין","","אחרונים","","",""
"ציוני מהר""ן על משנה תורה, הלכות תעניות","","אחרונים","","",""
"ציוני מהר""ן על משנה תורה, הלכות תפילה וברכת כהנים","","אחרונים","","",""
"ציוני מהר""ן על משנה תורה, הלכות תפילין ומזוזה וספר תורה","","אחרונים","","",""
"ציוני מהר""ן על משנה תורה, הלכות תרומות","","אחרונים","","",""
"ציוני מהר""ן על משנה תורה, הלכות תשובה","","אחרונים","","",""
"ציוני מהר""ן על משנה תורה, מסירת תורה שבעל פה","","אחרונים","","",""
"ציונים לתורה","","אחרונים","","",""
"צלח ביצה","","אחרונים","","",""
"צמח דוד","","אחרונים","","",""
"צמח צדק (לובאוויטש) אבן העזר חלק א","","אחרונים","","",""
"צמח צדק (לובאוויטש) אבן העזר חלק ב","","אחרונים","","",""
"צמח צדק (לובאוויטש) אבן העזר חלק ג","","אחרונים","","",""
"צמח צדק (לובאוויטש) אבן העזר חלק ד","","אחרונים","","",""
"צמח צדק (לובאוויטש) אורח חיים חלק א","","אחרונים","","",""
"צמח צדק (לובאוויטש) יורה דעה חלק א","","אחרונים","","",""
"צמח צדק (לובאוויטש) יורה דעה חלק ב","","אחרונים","","",""
"צמח צדק הקדמון","","אחרונים","","",""
"צפורן שמיר","חיים דוד אזולאי","אחרונים","","1500","1945"
"צפניה","","תורה שבכתב","","",""
"צפנת פענח","יעקב יוסף מפולנאה","אחרונים","","1500","1945"
"צפנת פענח על האבן עזרא","","ראשונים","","",""
"צפנת פענח על התורה","יוסף רוזין","אחרונים","","1500","1945"
"צפנת פענח על משנה תורה, הלכות איסורי ביאה","יוסף רוזין","אחרונים","","1500","1945"
"צפנת פענח על משנה תורה, הלכות אישות","יוסף רוזין","אחרונים","","1500","1945"
"צפנת פענח על משנה תורה, הלכות ברכות","יוסף רוזין","אחרונים","","1500","1945"
"צפנת פענח על משנה תורה, הלכות גירושין","יוסף רוזין","אחרונים","","1500","1945"
"צפנת פענח על משנה תורה, הלכות דעות","יוסף רוזין","אחרונים","","1500","1945"
"צפנת פענח על משנה תורה, הלכות חמץ ומצה","יוסף רוזין","אחרונים","","1500","1945"
"צפנת פענח על משנה תורה, הלכות יבום וחליצה","יוסף רוזין","אחרונים","","1500","1945"
"צפנת פענח על משנה תורה, הלכות יסודי התורה","יוסף רוזין","אחרונים","","1500","1945"
"צפנת פענח על משנה תורה, הלכות כלאים","יוסף רוזין","אחרונים","","1500","1945"
"צפנת פענח על משנה תורה, הלכות מאכלות אסורות","יוסף רוזין","אחרונים","","1500","1945"
"צפנת פענח על משנה תורה, הלכות מגילה וחנוכה","יוסף רוזין","אחרונים","","1500","1945"
"צפנת פענח על משנה תורה, הלכות מילה","יוסף רוזין","אחרונים","","1500","1945"
"צפנת פענח על משנה תורה, הלכות מתנות עניים","יוסף רוזין","אחרונים","","1500","1945"
"צפנת פענח על משנה תורה, הלכות נדרים","יוסף רוזין","אחרונים","","1500","1945"
"צפנת פענח על משנה תורה, הלכות נזירות","יוסף רוזין","אחרונים","","1500","1945"
"צפנת פענח על משנה תורה, הלכות נערה בתולה","יוסף רוזין","אחרונים","","1500","1945"
"צפנת פענח על משנה תורה, הלכות סוטה","יוסף רוזין","אחרונים","","1500","1945"
"צפנת פענח על משנה תורה, הלכות עבודה זרה וחוקות הגויים","יוסף רוזין","אחרונים","","1500","1945"
"צפנת פענח על משנה תורה, הלכות עירובין","יוסף רוזין","אחרונים","","1500","1945"
"צפנת פענח על משנה תורה, הלכות ערכים וחרמין","יוסף רוזין","אחרונים","","1500","1945"
"צפנת פענח על משנה תורה, הלכות ציצית","יוסף רוזין","אחרונים","","1500","1945"
"צפנת פענח על משנה תורה, הלכות קידוש החודש","יוסף רוזין","אחרונים","","1500","1945"
"צפנת פענח על משנה תורה, הלכות קריאת שמע","יוסף רוזין","אחרונים","","1500","1945"
"צפנת פענח על משנה תורה, הלכות שבועות","יוסף רוזין","אחרונים","","1500","1945"
"צפנת פענח על משנה תורה, הלכות שביתת יום טוב","יוסף רוזין","אחרונים","","1500","1945"
"צפנת פענח על משנה תורה, הלכות שביתת עשור","יוסף רוזין","אחרונים","","1500","1945"
"צפנת פענח על משנה תורה, הלכות שבת","יוסף רוזין","אחרונים","","1500","1945"
"צפנת פענח על משנה תורה, הלכות שופר וסוכה ולולב","יוסף רוזין","אחרונים","","1500","1945"
"צפנת פענח על משנה תורה, הלכות שחיטה","יוסף רוזין","אחרונים","","1500","1945"
"צפנת פענח על משנה תורה, הלכות שקלים","יוסף רוזין","אחרונים","","1500","1945"
"צפנת פענח על משנה תורה, הלכות תלמוד תורה","יוסף רוזין","אחרונים","","1500","1945"
"צפנת פענח על משנה תורה, הלכות תעניות","יוסף רוזין","אחרונים","","1500","1945"
"צפנת פענח על משנה תורה, הלכות תפילה וברכת כהנים","יוסף רוזין","אחרונים","","1500","1945"
"צפנת פענח על משנה תורה, הלכות תפילין ומזוזה וספר תורה","יוסף רוזין","אחרונים","","1500","1945"
"צפנת פענח על משנה תורה, הלכות תרומות","יוסף רוזין","אחרונים","","1500","1945"
"צפנת פענח על משנה תורה, הלכות תשובה","יוסף רוזין","אחרונים","","1500","1945"
"צפנת פענח על משנה תורה, מסירת תורה שבעל פה","יוסף רוזין","אחרונים","","1500","1945"
"צפנת פענח על משנה תורה, מצוות עשה","יוסף רוזין","אחרונים","","1500","1945"
"צרור החיים","","אחרונים","","",""
"צרור החיים (לונשטם)","","אחרונים","","",""
"צרור המור על התורה","אברהם סבע","אחרונים","","1500","1945"
"צרור המור על שיר השירים","יעקב בן יעקב משה מליסא","אחרונים","","1500","1945"
"קב הישר","צבי הירש קאיידנובר","אחרונים","","1500","1945"
"קבלת שבת","","אחרונים","","",""
"קדושת יוט","","אחרונים","","",""
"קדושת יום טוב (ליפמן)","","אחרונים","","",""
"קדושת לוי","לוי יצחק מברדיצ'ב","אחרונים","","1500","1945"
"קדמוניות היהודים","יוסף בן מתתיהו","חז""ל","","-250","500"
"קדמות היהודים","יוסף בן מתתיהו","חז""ל","","-250","500"
"קהלת","","תורה שבכתב","","",""
"קהלת יעקב","","אחרונים","","",""
"קהלת יעקב (ברוכין)","","אחרונים","","",""
"קהלת יעקב (ליסא)","","אחרונים","","",""
"קהלת יעקב - ב","","אחרונים","","",""
"קהלת משה","","אחרונים","","",""
"קובץ הערות","","אחרונים","","",""
"קובץ יסודות וחקירות","","מחברי זמננו","","",""
"קובץ על היד החזקה על משנה תורה, הלכות אישות","נחום טרייביטש","אחרונים","","1500","1945"
"קובץ על היד החזקה על משנה תורה, הלכות ברכות","נחום טרייביטש","אחרונים","","1500","1945"
"קובץ על היד החזקה על משנה תורה, הלכות גירושין","נחום טרייביטש","אחרונים","","1500","1945"
"קובץ על היד החזקה על משנה תורה, הלכות דעות","נחום טרייביטש","אחרונים","","1500","1945"
"קובץ על היד החזקה על משנה תורה, הלכות חמץ ומצה","נחום טרייביטש","אחרונים","","1500","1945"
"קובץ על היד החזקה על משנה תורה, הלכות יבום וחליצה","נחום טרייביטש","אחרונים","","1500","1945"
"קובץ על היד החזקה על משנה תורה, הלכות יסודי התורה","נחום טרייביטש","אחרונים","","1500","1945"
"קובץ על היד החזקה על משנה תורה, הלכות מגילה וחנוכה","נחום טרייביטש","אחרונים","","1500","1945"
"קובץ על היד החזקה על משנה תורה, הלכות מילה","נחום טרייביטש","אחרונים","","1500","1945"
"קובץ על היד החזקה על משנה תורה, הלכות נערה בתולה","נחום טרייביטש","אחרונים","","1500","1945"
"קובץ על היד החזקה על משנה תורה, הלכות סוטה","נחום טרייביטש","אחרונים","","1500","1945"
"קובץ על היד החזקה על משנה תורה, הלכות עבודה זרה וחוקות הגויים","נחום טרייביטש","אחרונים","","1500","1945"
"קובץ על היד החזקה על משנה תורה, הלכות עירובין","נחום טרייביטש","אחרונים","","1500","1945"
"קובץ על היד החזקה על משנה תורה, הלכות ציצית","נחום טרייביטש","אחרונים","","1500","1945"
"קובץ על היד החזקה על משנה תורה, הלכות קידוש החודש","נחום טרייביטש","אחרונים","","1500","1945"
"קובץ על היד החזקה על משנה תורה, הלכות קריאת שמע","נחום טרייביטש","אחרונים","","1500","1945"
"קובץ על היד החזקה על משנה תורה, הלכות שביתת יום טוב","נחום טרייביטש","אחרונים","","1500","1945"
"קובץ על היד החזקה על משנה תורה, הלכות שביתת עשור","נחום טרייביטש","אחרונים","","1500","1945"
"קובץ על היד החזקה על משנה תורה, הלכות שבת","נחום טרייביטש","אחרונים","","1500","1945"
"קובץ על היד החזקה על משנה תורה, הלכות שופר וסוכה ולולב","נחום טרייביטש","אחרונים","","1500","1945"
"קובץ על היד החזקה על משנה תורה, הלכות שקלים","נחום טרייביטש","אחרונים","","1500","1945"
"קובץ על היד החזקה על משנה תורה, הלכות תלמוד תורה","נחום טרייביטש","אחרונים","","1500","1945"
"קובץ על היד החזקה על משנה תורה, הלכות תעניות","נחום טרייביטש","אחרונים","","1500","1945"
"קובץ על היד החזקה על משנה תורה, הלכות תפילה וברכת כהנים","נחום טרייביטש","אחרונים","","1500","1945"
"קובץ על היד החזקה על משנה תורה, הלכות תפילין ומזוזה וספר תורה","נחום טרייביטש","אחרונים","","1500","1945"
"קובץ על היד החזקה על משנה תורה, הלכות תשובה","נחום טרייביטש","אחרונים","","1500","1945"
"קובץ שיטות קמאי על בבא בתרא","","ראשונים","","",""
"קובץ שיטות קמאי על בבא מציעא","","ראשונים","","",""
"קובץ שיטות קמאי על בבא קמא","","ראשונים","","",""
"קובץ שיטות קמאי על ביצה","","ראשונים","","",""
"קובץ שיטות קמאי על בכורות","","ראשונים","","",""
"קובץ שיטות קמאי על ברכות","","ראשונים","","",""
"קובץ שיטות קמאי על גיטין","","ראשונים","","",""
"קובץ שיטות קמאי על הוריות","","ראשונים","","",""
"קובץ שיטות קמאי על חגיגה","","ראשונים","","",""
"קובץ שיטות קמאי על חולין","","ראשונים","","",""
"קובץ שיטות קמאי על יבמות","","ראשונים","","",""
"קובץ שיטות קמאי על יומא","","ראשונים","","",""
"קובץ שיטות קמאי על כריתות","","ראשונים","","",""
"קובץ שיטות קמאי על כתובות","","ראשונים","","",""
"קובץ שיטות קמאי על מגילה","","ראשונים","","",""
"קובץ שיטות קמאי על מדות","","ראשונים","","",""
"קובץ שיטות קמאי על מועד קטן","","ראשונים","","",""
"קובץ שיטות קמאי על מכות","","ראשונים","","",""
"קובץ שיטות קמאי על מנחות","","ראשונים","","",""
"קובץ שיטות קמאי על מעילה","","ראשונים","","",""
"קובץ שיטות קמאי על נדה","","ראשונים","","",""
"קובץ שיטות קמאי על נדרים","","ראשונים","","",""
"קובץ שיטות קמאי על נזיר","","ראשונים","","",""
"קובץ שיטות קמאי על סוטה","","ראשונים","","",""
"קובץ שיטות קמאי על סוכה","","ראשונים","","",""
"קובץ שיטות קמאי על סנהדרין","","ראשונים","","",""
"קובץ שיטות קמאי על עבודה זרה","","ראשונים","","",""
"קובץ שיטות קמאי על עירובין","","ראשונים","","",""
"קובץ שיטות קמאי על ערכין","","ראשונים","","",""
"קובץ שיטות קמאי על פסחים","","ראשונים","","",""
"קובץ שיטות קמאי על קידושין","","ראשונים","","",""
"קובץ שיטות קמאי על קנים","","ראשונים","","",""
"קובץ שיטות קמאי על ראש השנה","","ראשונים","","",""
"קובץ שיטות קמאי על שבועות","","ראשונים","","",""
"קובץ שיטות קמאי על שבת","","ראשונים","","",""
"קובץ שיטות קמאי על תמורה","","ראשונים","","",""
"קובץ שיטות קמאי על תמיד","","ראשונים","","",""
"קובץ שיטות קמאי על תענית","","ראשונים","","",""
"קוהלת רבה","","חז""ל","","",""
"קול בן לוי","","אחרונים","","",""
"קול דודי דופק","יוסף דוב הלוי סולובייצ'יק","מחברי זמננו","מחברי זמננו","1945","2026"
"קול הרמז זרעים","","אחרונים","","",""
"קול הרמז מועד","","אחרונים","","",""
"קול הרמז נזקין","","אחרונים","","",""
"קול הרמז נשים","","אחרונים","","",""
"קול הרמז קדשים","","אחרונים","","",""
"קול התור","הלל ריבלין","אחרונים","","1500","1945"
"קול יעקב","","אחרונים","","",""
"קול יעקב על שולחן ערוך","יעקב חיים סופר","אחרונים","","1500","1945"
"קומץ המנחה","צדוק הכהן רבינוביץ","אחרונים","","1500","1945"
"קונטרס אחרון על שולחן ערוך הרב","","אחרונים","","",""
"קונטרס דרך המלך","","אחרונים","","",""
"קונטרס ההתפעלות","דב בער שניאורי","אחרונים","","1500","1945"
"קונטרס המרת הדת פוסלת","","אחרונים","","",""
"קונטרס הספקות","","אחרונים","","",""
"קונטרס זיקה","רבי מאיר שמחה הכהן מדווינסק","אחרונים","","1500","1945"
"קונטרס זכר למקדש","","אחרונים","","",""
"קונטרס חובת השמירה","","אחרונים","","",""
"קונטרס חסדי דוד","","אחרונים","","",""
"קונטרס מחול הכרם על מסכת סוטה","","אחרונים","","",""
"קונטרס ממוספי הפרדס","","אחרונים","","",""
"קונטרס מתן תורה","יהודה לייב הלוי אשלג","מחברי זמננו","מחברי זמננו","1945","2026"
"קונטרס פליטת ספרים","מנחם מאנדל קרנגל","אחרונים","","1500","1945"
"קונטרס שפת תמים","רבי ישראל מאיר הכהן","אחרונים","","1500","1945"
"קונטרס תשובה מיראה על משנה תורה, הלכות אבל","אליהו דוד רבינוביץ' תאומים","אחרונים","","1500","1945"
"קונטרס תשובה מיראה על משנה תורה, הלכות איסורי ביאה","אליהו דוד רבינוביץ' תאומים","אחרונים","","1500","1945"
"קונטרס תשובה מיראה על משנה תורה, הלכות איסורי המזבח","אליהו דוד רבינוביץ' תאומים","אחרונים","","1500","1945"
"קונטרס תשובה מיראה על משנה תורה, הלכות אישות","אליהו דוד רבינוביץ' תאומים","אחרונים","","1500","1945"
"קונטרס תשובה מיראה על משנה תורה, הלכות ביאת מקדש","אליהו דוד רבינוביץ' תאומים","אחרונים","","1500","1945"
"קונטרס תשובה מיראה על משנה תורה, הלכות ביכורים ושאר מתנות כהונה שבגבולין","אליהו דוד רבינוביץ' תאומים","אחרונים","","1500","1945"
"קונטרס תשובה מיראה על משנה תורה, הלכות בכורות","אליהו דוד רבינוביץ' תאומים","אחרונים","","1500","1945"
"קונטרס תשובה מיראה על משנה תורה, הלכות גזילה ואבידה","אליהו דוד רבינוביץ' תאומים","אחרונים","","1500","1945"
"קונטרס תשובה מיראה על משנה תורה, הלכות חובל ומזיק","אליהו דוד רבינוביץ' תאומים","אחרונים","","1500","1945"
"קונטרס תשובה מיראה על משנה תורה, הלכות טומאת מת","אליהו דוד רבינוביץ' תאומים","אחרונים","","1500","1945"
"קונטרס תשובה מיראה על משנה תורה, הלכות טומאת צרעת","אליהו דוד רבינוביץ' תאומים","אחרונים","","1500","1945"
"קונטרס תשובה מיראה על משנה תורה, הלכות טוען ונטען","אליהו דוד רבינוביץ' תאומים","אחרונים","","1500","1945"
"קונטרס תשובה מיראה על משנה תורה, הלכות יבום וחליצה","אליהו דוד רבינוביץ' תאומים","אחרונים","","1500","1945"
"קונטרס תשובה מיראה על משנה תורה, הלכות כלי המקדש והעובדין בו","אליהו דוד רבינוביץ' תאומים","אחרונים","","1500","1945"
"קונטרס תשובה מיראה על משנה תורה, הלכות כלים","אליהו דוד רבינוביץ' תאומים","אחרונים","","1500","1945"
"קונטרס תשובה מיראה על משנה תורה, הלכות מאכלות אסורות","אליהו דוד רבינוביץ' תאומים","אחרונים","","1500","1945"
"קונטרס תשובה מיראה על משנה תורה, הלכות מחוסרי כפרה","אליהו דוד רבינוביץ' תאומים","אחרונים","","1500","1945"
"קונטרס תשובה מיראה על משנה תורה, הלכות מטמאי משכב ומושב","אליהו דוד רבינוביץ' תאומים","אחרונים","","1500","1945"
"קונטרס תשובה מיראה על משנה תורה, הלכות מכירה","אליהו דוד רבינוביץ' תאומים","אחרונים","","1500","1945"
"קונטרס תשובה מיראה על משנה תורה, הלכות מלכים ומלחמות","אליהו דוד רבינוביץ' תאומים","אחרונים","","1500","1945"
"קונטרס תשובה מיראה על משנה תורה, הלכות ממרים","אליהו דוד רבינוביץ' תאומים","אחרונים","","1500","1945"
"קונטרס תשובה מיראה על משנה תורה, הלכות מעילה","אליהו דוד רבינוביץ' תאומים","אחרונים","","1500","1945"
"קונטרס תשובה מיראה על משנה תורה, הלכות מעשה הקרבנות","אליהו דוד רבינוביץ' תאומים","אחרונים","","1500","1945"
"קונטרס תשובה מיראה על משנה תורה, הלכות מעשר שני ונטע רבעי","אליהו דוד רבינוביץ' תאומים","אחרונים","","1500","1945"
"קונטרס תשובה מיראה על משנה תורה, הלכות מעשרות","אליהו דוד רבינוביץ' תאומים","אחרונים","","1500","1945"
"קונטרס תשובה מיראה על משנה תורה, הלכות מקואות","אליהו דוד רבינוביץ' תאומים","אחרונים","","1500","1945"
"קונטרס תשובה מיראה על משנה תורה, הלכות מתנות עניים","אליהו דוד רבינוביץ' תאומים","אחרונים","","1500","1945"
"קונטרס תשובה מיראה על משנה תורה, הלכות נזירות","אליהו דוד רבינוביץ' תאומים","אחרונים","","1500","1945"
"קונטרס תשובה מיראה על משנה תורה, הלכות נזקי ממון","אליהו דוד רבינוביץ' תאומים","אחרונים","","1500","1945"
"קונטרס תשובה מיראה על משנה תורה, הלכות נחלות","אליהו דוד רבינוביץ' תאומים","אחרונים","","1500","1945"
"קונטרס תשובה מיראה על משנה תורה, הלכות נערה בתולה","אליהו דוד רבינוביץ' תאומים","אחרונים","","1500","1945"
"קונטרס תשובה מיראה על משנה תורה, הלכות סנהדרין והעונשין המסורין להם","אליהו דוד רבינוביץ' תאומים","אחרונים","","1500","1945"
"קונטרס תשובה מיראה על משנה תורה, הלכות עבדים","אליהו דוד רבינוביץ' תאומים","אחרונים","","1500","1945"
"קונטרס תשובה מיראה על משנה תורה, הלכות עדות","אליהו דוד רבינוביץ' תאומים","אחרונים","","1500","1945"
"קונטרס תשובה מיראה על משנה תורה, הלכות עירובין","אליהו דוד רבינוביץ' תאומים","אחרונים","","1500","1945"
"קונטרס תשובה מיראה על משנה תורה, הלכות ערכים וחרמין","אליהו דוד רבינוביץ' תאומים","אחרונים","","1500","1945"
"קונטרס תשובה מיראה על משנה תורה, הלכות פסולי המוקדשין","אליהו דוד רבינוביץ' תאומים","אחרונים","","1500","1945"
"קונטרס תשובה מיראה על משנה תורה, הלכות קידוש החודש","אליהו דוד רבינוביץ' תאומים","אחרונים","","1500","1945"
"קונטרס תשובה מיראה על משנה תורה, הלכות רוצח ושמירת נפש","אליהו דוד רבינוביץ' תאומים","אחרונים","","1500","1945"
"קונטרס תשובה מיראה על משנה תורה, הלכות שאר אבות הטומאות","אליהו דוד רבינוביץ' תאומים","אחרונים","","1500","1945"
"קונטרס תשובה מיראה על משנה תורה, הלכות שבועות","אליהו דוד רבינוביץ' תאומים","אחרונים","","1500","1945"
"קונטרס תשובה מיראה על משנה תורה, הלכות שבת","אליהו דוד רבינוביץ' תאומים","אחרונים","","1500","1945"
"קונטרס תשובה מיראה על משנה תורה, הלכות שגגות","אליהו דוד רבינוביץ' תאומים","אחרונים","","1500","1945"
"קונטרס תשובה מיראה על משנה תורה, הלכות שחיטה","אליהו דוד רבינוביץ' תאומים","אחרונים","","1500","1945"
"קונטרס תשובה מיראה על משנה תורה, הלכות שכירות","אליהו דוד רבינוביץ' תאומים","אחרונים","","1500","1945"
"קונטרס תשובה מיראה על משנה תורה, הלכות שכנים","אליהו דוד רבינוביץ' תאומים","אחרונים","","1500","1945"
"קונטרס תשובה מיראה על משנה תורה, הלכות שלוחין ושותפין","אליהו דוד רבינוביץ' תאומים","אחרונים","","1500","1945"
"קונטרס תשובה מיראה על משנה תורה, הלכות שמיטה ויובל","אליהו דוד רבינוביץ' תאומים","אחרונים","","1500","1945"
"קונטרס תשובה מיראה על משנה תורה, הלכות תמורה","אליהו דוד רבינוביץ' תאומים","אחרונים","","1500","1945"
"קונטרס תשובה מיראה על משנה תורה, הלכות תפילין ומזוזה וספר תורה","אליהו דוד רבינוביץ' תאומים","אחרונים","","1500","1945"
"קונטרס תשובה מיראה על משנה תורה, הלכות תרומות","אליהו דוד רבינוביץ' תאומים","אחרונים","","1500","1945"
"קורא הדורות","","אחרונים","","",""
"קטעים מתוך חי בן־מקיץ","","ראשונים","","",""
"קידושין","","חז""ל","","",""
"קינות לתשעה באב (אשכנז)","","אחרונים","","",""
"קיצור בעל הטורים על במדבר","יעקב בן אשר","ראשונים","","1038","1492"
"קיצור בעל הטורים על בראשית","יעקב בן אשר","ראשונים","","1038","1492"
"קיצור בעל הטורים על דברים","יעקב בן אשר","ראשונים","","1038","1492"
"קיצור בעל הטורים על ויקרא","יעקב בן אשר","ראשונים","","1038","1492"
"קיצור בעל הטורים על שמות","יעקב בן אשר","ראשונים","","1038","1492"
"קיצור מחברת הקודש","","אחרונים","","",""
"קיצור ספר חרדים","אברהם דנציג","אחרונים","","1500","1945"
"קיצור שלחן ערוך","רבי שלמה בן יוסף גאנצפריד","אחרונים","","1500","1945"
"קיצור שע ילקוט יוסף החדש - אבן העזר","","מחברי זמננו","","",""
"קיצור שע ילקוט יוסף החדש - אורח חיים","","מחברי זמננו","","",""
"קיצור שע ילקוט יוסף החדש - חושן משפט","","מחברי זמננו","","",""
"קיצור שע ילקוט יוסף החדש - יורה דעה","","מחברי זמננו","","",""
"קל""ח פתחי חכמה","משה חיים לוצאטו (רמח""ל)","אחרונים","ראשוני האחרונים","1707","1747"
"קלח פתחי חכמה - הפתחים בלבד","","אחרונים","","",""
"קמחא דאבישונא על הגדה של פסח","יוחנן בן יוסף טריוויש","אחרונים","","1500","1945"
"קנאת סופרים על ספר המצוות","חנניה קזיס","אחרונים","","1500","1945"
"קסת הסופר","רבי שלמה בן יוסף גאנצפריד","אחרונים","","1500","1945"
"קצות החושן על שולחן ערוך חושן משפט","אריה לייב בן יוסף הכהן הלר","אחרונים","","1500","1945"
"קרבן אשה","","אחרונים","","",""
"קרבן העדה על תלמוד ירושלמי ביצה","דוד פרנקל","אחרונים","","1500","1945"
"קרבן העדה על תלמוד ירושלמי גיטין","דוד פרנקל","אחרונים","","1500","1945"
"קרבן העדה על תלמוד ירושלמי חגיגה","דוד פרנקל","אחרונים","","1500","1945"
"קרבן העדה על תלמוד ירושלמי יבמות","דוד פרנקל","אחרונים","","1500","1945"
"קרבן העדה על תלמוד ירושלמי יומא","דוד פרנקל","אחרונים","","1500","1945"
"קרבן העדה על תלמוד ירושלמי כתובות","דוד פרנקל","אחרונים","","1500","1945"
"קרבן העדה על תלמוד ירושלמי מגילה","דוד פרנקל","אחרונים","","1500","1945"
"קרבן העדה על תלמוד ירושלמי מועד קטן","דוד פרנקל","אחרונים","","1500","1945"
"קרבן העדה על תלמוד ירושלמי מכות","דוד פרנקל","אחרונים","","1500","1945"
"קרבן העדה על תלמוד ירושלמי נדרים","דוד פרנקל","אחרונים","","1500","1945"
"קרבן העדה על תלמוד ירושלמי נזיר","דוד פרנקל","אחרונים","","1500","1945"
"קרבן העדה על תלמוד ירושלמי סוטה","דוד פרנקל","אחרונים","","1500","1945"
"קרבן העדה על תלמוד ירושלמי סוכה","דוד פרנקל","אחרונים","","1500","1945"
"קרבן העדה על תלמוד ירושלמי סנהדרין","דוד פרנקל","אחרונים","","1500","1945"
"קרבן העדה על תלמוד ירושלמי עירובין","דוד פרנקל","אחרונים","","1500","1945"
"קרבן העדה על תלמוד ירושלמי פסחים","דוד פרנקל","אחרונים","","1500","1945"
"קרבן העדה על תלמוד ירושלמי קידושין","דוד פרנקל","אחרונים","","1500","1945"
"קרבן העדה על תלמוד ירושלמי ראש השנה","דוד פרנקל","אחרונים","","1500","1945"
"קרבן העדה על תלמוד ירושלמי שבועות","דוד פרנקל","אחרונים","","1500","1945"
"קרבן העדה על תלמוד ירושלמי שבת","דוד פרנקל","אחרונים","","1500","1945"
"קרבן העדה על תלמוד ירושלמי שקלים","דוד פרנקל","אחרונים","","1500","1945"
"קרבן העדה על תלמוד ירושלמי תענית","דוד פרנקל","אחרונים","","1500","1945"
"קרבן חגיגה","","אחרונים","","",""
"קרבן נתנאל על ביצה","נתנאל וייל","אחרונים","","1500","1945"
"קרבן נתנאל על גיטין","נתנאל וייל","אחרונים","","1500","1945"
"קרבן נתנאל על יבמות","נתנאל וייל","אחרונים","","1500","1945"
"קרבן נתנאל על יומא","נתנאל וייל","אחרונים","","1500","1945"
"קרבן נתנאל על כתובות","נתנאל וייל","אחרונים","","1500","1945"
"קרבן נתנאל על מגילה","נתנאל וייל","אחרונים","","1500","1945"
"קרבן נתנאל על נדרים","נתנאל וייל","אחרונים","","1500","1945"
"קרבן נתנאל על סוכה","נתנאל וייל","אחרונים","","1500","1945"
"קרבן נתנאל על עירובין","נתנאל וייל","אחרונים","","1500","1945"
"קרבן נתנאל על פסחים","נתנאל וייל","אחרונים","","1500","1945"
"קרבן נתנאל על קידושין","נתנאל וייל","אחרונים","","1500","1945"
"קרבן נתנאל על ראש השנה","נתנאל וייל","אחרונים","","1500","1945"
"קרבן נתנאל על תענית","נתנאל וייל","אחרונים","","1500","1945"
"קרית מלך רב","","אחרונים","","",""
"קרית ספר על משנה תורה, הלכות אבל","משה מטראני","אחרונים","","1500","1945"
"קרית ספר על משנה תורה, הלכות איסורי ביאה","משה מטראני","אחרונים","","1500","1945"
"קרית ספר על משנה תורה, הלכות איסורי המזבח","משה מטראני","אחרונים","","1500","1945"
"קרית ספר על משנה תורה, הלכות אישות","משה מטראני","אחרונים","","1500","1945"
"קרית ספר על משנה תורה, הלכות ביאת מקדש","משה מטראני","אחרונים","","1500","1945"
"קרית ספר על משנה תורה, הלכות ביכורים ושאר מתנות כהונה שבגבולין","משה מטראני","אחרונים","","1500","1945"
"קרית ספר על משנה תורה, הלכות בית הבחירה","משה מטראני","אחרונים","","1500","1945"
"קרית ספר על משנה תורה, הלכות בכורות","משה מטראני","אחרונים","","1500","1945"
"קרית ספר על משנה תורה, הלכות ברכות","משה מטראני","אחרונים","","1500","1945"
"קרית ספר על משנה תורה, הלכות גזילה ואבידה","משה מטראני","אחרונים","","1500","1945"
"קרית ספר על משנה תורה, הלכות גירושין","משה מטראני","אחרונים","","1500","1945"
"קרית ספר על משנה תורה, הלכות גניבה","משה מטראני","אחרונים","","1500","1945"
"קרית ספר על משנה תורה, הלכות דעות","משה מטראני","אחרונים","","1500","1945"
"קרית ספר על משנה תורה, הלכות זכייה ומתנה","משה מטראני","אחרונים","","1500","1945"
"קרית ספר על משנה תורה, הלכות חגיגה","משה מטראני","אחרונים","","1500","1945"
"קרית ספר על משנה תורה, הלכות חובל ומזיק","משה מטראני","אחרונים","","1500","1945"
"קרית ספר על משנה תורה, הלכות חמץ ומצה","משה מטראני","אחרונים","","1500","1945"
"קרית ספר על משנה תורה, הלכות טומאת אוכלים","משה מטראני","אחרונים","","1500","1945"
"קרית ספר על משנה תורה, הלכות טומאת מת","משה מטראני","אחרונים","","1500","1945"
"קרית ספר על משנה תורה, הלכות טומאת צרעת","משה מטראני","אחרונים","","1500","1945"
"קרית ספר על משנה תורה, הלכות טוען ונטען","משה מטראני","אחרונים","","1500","1945"
"קרית ספר על משנה תורה, הלכות יבום וחליצה","משה מטראני","אחרונים","","1500","1945"
"קרית ספר על משנה תורה, הלכות יסודי התורה","משה מטראני","אחרונים","","1500","1945"
"קרית ספר על משנה תורה, הלכות כלאים","משה מטראני","אחרונים","","1500","1945"
"קרית ספר על משנה תורה, הלכות כלי המקדש והעובדין בו","משה מטראני","אחרונים","","1500","1945"
"קרית ספר על משנה תורה, הלכות כלים","משה מטראני","אחרונים","","1500","1945"
"קרית ספר על משנה תורה, הלכות מאכלות אסורות","משה מטראני","אחרונים","","1500","1945"
"קרית ספר על משנה תורה, הלכות מגילה וחנוכה","משה מטראני","אחרונים","","1500","1945"
"קרית ספר על משנה תורה, הלכות מחוסרי כפרה","משה מטראני","אחרונים","","1500","1945"
"קרית ספר על משנה תורה, הלכות מטמאי משכב ומושב","משה מטראני","אחרונים","","1500","1945"
"קרית ספר על משנה תורה, הלכות מילה","משה מטראני","אחרונים","","1500","1945"
"קרית ספר על משנה תורה, הלכות מכירה","משה מטראני","אחרונים","","1500","1945"
"קרית ספר על משנה תורה, הלכות מלווה ולווה","משה מטראני","אחרונים","","1500","1945"
"קרית ספר על משנה תורה, הלכות מלכים ומלחמות","משה מטראני","אחרונים","","1500","1945"
"קרית ספר על משנה תורה, הלכות ממרים","משה מטראני","אחרונים","","1500","1945"
"קרית ספר על משנה תורה, הלכות מעילה","משה מטראני","אחרונים","","1500","1945"
"קרית ספר על משנה תורה, הלכות מעשה הקרבנות","משה מטראני","אחרונים","","1500","1945"
"קרית ספר על משנה תורה, הלכות מעשר שני ונטע רבעי","משה מטראני","אחרונים","","1500","1945"
"קרית ספר על משנה תורה, הלכות מעשרות","משה מטראני","אחרונים","","1500","1945"
"קרית ספר על משנה תורה, הלכות מקואות","משה מטראני","אחרונים","","1500","1945"
"קרית ספר על משנה תורה, הלכות מתנות עניים","משה מטראני","אחרונים","","1500","1945"
"קרית ספר על משנה תורה, הלכות נדרים","משה מטראני","אחרונים","","1500","1945"
"קרית ספר על משנה תורה, הלכות נזירות","משה מטראני","אחרונים","","1500","1945"
"קרית ספר על משנה תורה, הלכות נזקי ממון","משה מטראני","אחרונים","","1500","1945"
"קרית ספר על משנה תורה, הלכות נחלות","משה מטראני","אחרונים","","1500","1945"
"קרית ספר על משנה תורה, הלכות נערה בתולה","משה מטראני","אחרונים","","1500","1945"
"קרית ספר על משנה תורה, הלכות סוטה","משה מטראני","אחרונים","","1500","1945"
"קרית ספר על משנה תורה, הלכות סנהדרין והעונשין המסורין להם","משה מטראני","אחרונים","","1500","1945"
"קרית ספר על משנה תורה, הלכות עבדים","משה מטראני","אחרונים","","1500","1945"
"קרית ספר על משנה תורה, הלכות עבודה זרה וחוקות הגויים","משה מטראני","אחרונים","","1500","1945"
"קרית ספר על משנה תורה, הלכות עבודת יום הכפורים","משה מטראני","אחרונים","","1500","1945"
"קרית ספר על משנה תורה, הלכות עדות","משה מטראני","אחרונים","","1500","1945"
"קרית ספר על משנה תורה, הלכות ערכים וחרמין","משה מטראני","אחרונים","","1500","1945"
"קרית ספר על משנה תורה, הלכות פסולי המוקדשין","משה מטראני","אחרונים","","1500","1945"
"קרית ספר על משנה תורה, הלכות פרה אדומה","משה מטראני","אחרונים","","1500","1945"
"קרית ספר על משנה תורה, הלכות ציצית","משה מטראני","אחרונים","","1500","1945"
"קרית ספר על משנה תורה, הלכות קידוש החודש","משה מטראני","אחרונים","","1500","1945"
"קרית ספר על משנה תורה, הלכות קרבן פסח","משה מטראני","אחרונים","","1500","1945"
"קרית ספר על משנה תורה, הלכות קריאת שמע","משה מטראני","אחרונים","","1500","1945"
"קרית ספר על משנה תורה, הלכות רוצח ושמירת נפש","משה מטראני","אחרונים","","1500","1945"
"קרית ספר על משנה תורה, הלכות שאלה ופיקדון","משה מטראני","אחרונים","","1500","1945"
"קרית ספר על משנה תורה, הלכות שאר אבות הטומאות","משה מטראני","אחרונים","","1500","1945"
"קרית ספר על משנה תורה, הלכות שבועות","משה מטראני","אחרונים","","1500","1945"
"קרית ספר על משנה תורה, הלכות שביתת יום טוב","משה מטראני","אחרונים","","1500","1945"
"קרית ספר על משנה תורה, הלכות שביתת עשור","משה מטראני","אחרונים","","1500","1945"
"קרית ספר על משנה תורה, הלכות שבת","משה מטראני","אחרונים","","1500","1945"
"קרית ספר על משנה תורה, הלכות שגגות","משה מטראני","אחרונים","","1500","1945"
"קרית ספר על משנה תורה, הלכות שופר וסוכה ולולב","משה מטראני","אחרונים","","1500","1945"
"קרית ספר על משנה תורה, הלכות שחיטה","משה מטראני","אחרונים","","1500","1945"
"קרית ספר על משנה תורה, הלכות שכירות","משה מטראני","אחרונים","","1500","1945"
"קרית ספר על משנה תורה, הלכות שכנים","משה מטראני","אחרונים","","1500","1945"
"קרית ספר על משנה תורה, הלכות שלוחין ושותפין","משה מטראני","אחרונים","","1500","1945"
"קרית ספר על משנה תורה, הלכות שמיטה ויובל","משה מטראני","אחרונים","","1500","1945"
"קרית ספר על משנה תורה, הלכות שקלים","משה מטראני","אחרונים","","1500","1945"
"קרית ספר על משנה תורה, הלכות תלמוד תורה","משה מטראני","אחרונים","","1500","1945"
"קרית ספר על משנה תורה, הלכות תמורה","משה מטראני","אחרונים","","1500","1945"
"קרית ספר על משנה תורה, הלכות תמידים ומוספין","משה מטראני","אחרונים","","1500","1945"
"קרית ספר על משנה תורה, הלכות תעניות","משה מטראני","אחרונים","","1500","1945"
"קרית ספר על משנה תורה, הלכות תפילה וברכת כהנים","משה מטראני","אחרונים","","1500","1945"
"קרית ספר על משנה תורה, הלכות תפילין ומזוזה וספר תורה","משה מטראני","אחרונים","","1500","1945"
"קרית ספר על משנה תורה, הלכות תרומות","משה מטראני","אחרונים","","1500","1945"
"קרית ספר על משנה תורה, הלכות תשובה","משה מטראני","אחרונים","","1500","1945"
"קרן אורה דיני טריפות על מסכת חולין","","אחרונים","","",""
"קרן אורה על ברכות","","אחרונים","","",""
"קרן אורה על הוריות","","אחרונים","","",""
"קרן אורה על זבחים","","אחרונים","","",""
"קרן אורה על יבמות","","אחרונים","","",""
"קרן אורה על מועד קטן","","אחרונים","","",""
"קרן אורה על מנחות","","אחרונים","","",""
"קרן אורה על מעילה","","אחרונים","","",""
"קרן אורה על נדרים","","אחרונים","","",""
"קרן אורה על נזיר","","אחרונים","","",""
"קרן אורה על סוטה","","אחרונים","","",""
"קרן אורה על סנהדרין","","אחרונים","","",""
"קרן אורה על עירובין","","אחרונים","","",""
"קרן אורה על שבת","","אחרונים","","",""
"קרן אורה על תענית","","אחרונים","","",""
"קרן לדוד על בבא קמא","","אחרונים","","",""
"קרן לדוד על ביצה","","אחרונים","","",""
"קרן לדוד על ברכות","","אחרונים","","",""
"קרן לדוד על זבחים","","אחרונים","","",""
"קרן לדוד על חגיגה","","אחרונים","","",""
"קרן לדוד על חולין","","אחרונים","","",""
"קרן לדוד על יומא","","אחרונים","","",""
"קרן לדוד על מגילה","","אחרונים","","",""
"קרן לדוד על נדה","","אחרונים","","",""
"קרן לדוד על סוכה","","אחרונים","","",""
"קרן לדוד על סנהדרין","","אחרונים","","",""
"קרן לדוד על עבודה זרה","","אחרונים","","",""
"קרן לדוד על עירובין","","אחרונים","","",""
"קרן לדוד על פסחים","","אחרונים","","",""
"קרן לדוד על ראש השנה","","אחרונים","","",""
"קרן לדוד על שבת","","אחרונים","","",""
"קרן לדוד על תענית","","אחרונים","","",""
"קרשקש על מורה נבוכים","אשר בן אברהם קרשקש","ראשונים","","1038","1492"
"קשר גודל","חיים דוד אזולאי","אחרונים","","1500","1945"
"קשת יהונתן","","אחרונים","","",""
"ר""ן על ביצה","","ראשונים","","",""
"ר""ן על גיטין","","ראשונים","","",""
"ר""ן על חולין","","ראשונים","","",""
"ר""ן על יומא","","ראשונים","","",""
"ר""ן על כתובות","","ראשונים","","",""
"ר""ן על מגילה","","ראשונים","","",""
"ר""ן על נדרים","","ראשונים","","",""
"ר""ן על סוכה","","ראשונים","","",""
"ר""ן על עבודה זרה","","ראשונים","","",""
"ר""ן על פסחים","","ראשונים","","",""
"ר""ן על קידושין","","ראשונים","","",""
"ר""ן על ראש השנה","","ראשונים","","",""
"ר""ן על שבועות","","ראשונים","","",""
"ר""ן על שבת","","ראשונים","","",""
"ר""ן על תענית","","ראשונים","","",""
"ר""ש משאנץ על משנה אהלות","שמשון בן אברהם משאנץ","ראשונים","","1038","1492"
"ר""ש משאנץ על משנה ביכורים","שמשון בן אברהם משאנץ","ראשונים","","1038","1492"
"ר""ש משאנץ על משנה דמאי","שמשון בן אברהם משאנץ","ראשונים","","1038","1492"
"ר""ש משאנץ על משנה זבים","שמשון בן אברהם משאנץ","ראשונים","","1038","1492"
"ר""ש משאנץ על משנה חלה","שמשון בן אברהם משאנץ","ראשונים","","1038","1492"
"ר""ש משאנץ על משנה טבול יום","שמשון בן אברהם משאנץ","ראשונים","","1038","1492"
"ר""ש משאנץ על משנה טהרות","שמשון בן אברהם משאנץ","ראשונים","","1038","1492"
"ר""ש משאנץ על משנה ידים","שמשון בן אברהם משאנץ","ראשונים","","1038","1492"
"ר""ש משאנץ על משנה כלאים","שמשון בן אברהם משאנץ","ראשונים","","1038","1492"
"ר""ש משאנץ על משנה כלים","שמשון בן אברהם משאנץ","ראשונים","","1038","1492"
"ר""ש משאנץ על משנה מכשירין","שמשון בן אברהם משאנץ","ראשונים","","1038","1492"
"ר""ש משאנץ על משנה מעשר שני","שמשון בן אברהם משאנץ","ראשונים","","1038","1492"
"ר""ש משאנץ על משנה מעשרות","שמשון בן אברהם משאנץ","ראשונים","","1038","1492"
"ר""ש משאנץ על משנה מקואות","שמשון בן אברהם משאנץ","ראשונים","","1038","1492"
"ר""ש משאנץ על משנה נגעים","שמשון בן אברהם משאנץ","ראשונים","","1038","1492"
"ר""ש משאנץ על משנה עוקצים","שמשון בן אברהם משאנץ","ראשונים","","1038","1492"
"ר""ש משאנץ על משנה ערלה","שמשון בן אברהם משאנץ","ראשונים","","1038","1492"
"ר""ש משאנץ על משנה פאה","שמשון בן אברהם משאנץ","ראשונים","","1038","1492"
"ר""ש משאנץ על משנה פרה","שמשון בן אברהם משאנץ","ראשונים","","1038","1492"
"ר""ש משאנץ על משנה שביעית","שמשון בן אברהם משאנץ","ראשונים","","1038","1492"
"ר""ש משאנץ על משנה תרומות","שמשון בן אברהם משאנץ","ראשונים","","1038","1492"
"רא""ה על ברכות","אהרן הלוי","ראשונים","","1038","1492"
"רא""ש על התורה","רא""ש","ראשונים","","1038","1492"
"ראב""ד על משנה דמאי","ראב""ד","ראשונים","","1038","1492"
"ראב""ד על משנה עדיות","ראב""ד","ראשונים","","1038","1492"
"ראב""ד על משנה קינים","ראב""ד","ראשונים","","1038","1492"
"ראב""ד על ספרא","ראב""ד","ראשונים","","1038","1492"
"ראש אמנה","","ראשונים","","",""
"ראש דוד","חיים דוד אזולאי","אחרונים","","1500","1945"
"ראש הגבעה","","אחרונים","","",""
"ראש השנה","","חז""ל","","",""
"ראש יוסף על ביצה","","אחרונים","","",""
"ראש יוסף על ברכות","","אחרונים","","",""
"ראש יוסף על חולין","","אחרונים","","",""
"ראש יוסף על פסחים","","אחרונים","","",""
"ראשון לציון על אבות דרבי נתן","ישעיה פיק ברלין","אחרונים","","1500","1945"
"ראשון לציון על איכה","חיים בן עטר","אחרונים","","1500","1945"
"ראשון לציון על אסתר","חיים בן עטר","אחרונים","","1500","1945"
"ראשון לציון על ביצה","","אחרונים","","",""
"ראשון לציון על ברכות","","אחרונים","","",""
"ראשון לציון על חגיגה","","אחרונים","","",""
"ראשון לציון על יהושע","חיים בן עטר","אחרונים","","1500","1945"
"ראשון לציון על ישעיהו","חיים בן עטר","אחרונים","","1500","1945"
"ראשון לציון על מועד קטן","","אחרונים","","",""
"ראשון לציון על מסכת סופרים","ישעיה פיק ברלין","אחרונים","","1500","1945"
"ראשון לציון על משלי","חיים בן עטר","אחרונים","","1500","1945"
"ראשון לציון על משנה תורה, הלכות יסודי התורה","חיים בן עטר","אחרונים","","1500","1945"
"ראשון לציון על משנה תורה, הלכות תלמוד תורה","חיים בן עטר","אחרונים","","1500","1945"
"ראשון לציון על משנה תורה, הלכות תשובה","חיים בן עטר","אחרונים","","1500","1945"
"ראשון לציון על סוכה","","אחרונים","","",""
"ראשון לציון על שולחן ערוך יורה דעה","","אחרונים","","",""
"ראשון לציון על שופטים","חיים בן עטר","אחרונים","","1500","1945"
"ראשון לציון על שיר השירים","חיים בן עטר","אחרונים","","1500","1945"
"ראשון לציון על שמואל א","חיים בן עטר","אחרונים","","1500","1945"
"ראשון לציון על שמואל ב","חיים בן עטר","אחרונים","","1500","1945"
"ראשון לציון על תענית","","אחרונים","","",""
"ראשי פרקים של דברי תורה","","אחרונים","","",""
"ראשית בכורים","","אחרונים","","",""
"ראשית בכורים (בכורות)","","אחרונים","","",""
"ראשית חכמה","אליהו די וידאשׂ","ראשונים","","1038","1492"
"רב ברכות","","אחרונים","","",""
"רב נסים גאון על מסכת ברכות","רב ניסים גאון","ראשונים","גאונים","990","1057"
"רב נסים גאון על מסכת עירובין","רב ניסים גאון","ראשונים","גאונים","990","1057"
"רב נסים גאון על מסכת שבת","רב ניסים גאון","ראשונים","גאונים","990","1057"
"רב פנינים על משלי","אלשיך","אחרונים","","1500","1945"
"רבינו אפרים על בבא קמא","רבינו אפרים","ראשונים","","1038","1492"
"רבינו גרשום על בבא בתרא","גרשום בן יהודה","ראשונים","","1038","1492"
"רבינו גרשום על בכורות","גרשום בן יהודה","ראשונים","","1038","1492"
"רבינו גרשום על חולין","גרשום בן יהודה","ראשונים","","1038","1492"
"רבינו גרשום על כריתות","גרשום בן יהודה","ראשונים","","1038","1492"
"רבינו גרשום על מכות","גרשום בן יהודה","ראשונים","","1038","1492"
"רבינו גרשום על מנחות","גרשום בן יהודה","ראשונים","","1038","1492"
"רבינו גרשום על מעילה","גרשום בן יהודה","ראשונים","","1038","1492"
"רבינו גרשום על ערכין","גרשום בן יהודה","ראשונים","","1038","1492"
"רבינו גרשום על תמורה","גרשום בן יהודה","ראשונים","","1038","1492"
"רבינו גרשום על תמיד","גרשום בן יהודה","ראשונים","","1038","1492"
"רבינו גרשום על תענית","גרשום בן יהודה","ראשונים","","1038","1492"
"רבינו חיים הלוי","","אחרונים","","",""
"רבינו חננאל בן שמואל על עירובין","","ראשונים","","",""
"רבינו חננאל על בבא קמא","רבנו חננאל","ראשונים","","1038","1492"
"רבינו חננאל על במדבר","רבנו חננאל","ראשונים","","1038","1492"
"רבינו חננאל על בראשית","רבנו חננאל","ראשונים","","1038","1492"
"רבינו חננאל על דברים","רבנו חננאל","ראשונים","","1038","1492"
"רבינו חננאל על הוריות","רבנו חננאל","ראשונים","","1038","1492"
"רבינו חננאל על ויקרא","רבנו חננאל","ראשונים","","1038","1492"
"רבינו חננאל על מגילה","רבנו חננאל","ראשונים","","1038","1492"
"רבינו חננאל על מסכת בבא מציעא","רבנו חננאל","ראשונים","","1038","1492"
"רבינו חננאל על מסכת ביצה","רבנו חננאל","ראשונים","","1038","1492"
"רבינו חננאל על מסכת חגיגה","רבנו חננאל","ראשונים","","1038","1492"
"רבינו חננאל על מסכת יומא","רבנו חננאל","ראשונים","","1038","1492"
"רבינו חננאל על מסכת מועד קטן","רבנו חננאל","ראשונים","","1038","1492"
"רבינו חננאל על מסכת מכות","רבנו חננאל","ראשונים","","1038","1492"
"רבינו חננאל על מסכת סוכה","רבנו חננאל","ראשונים","","1038","1492"
"רבינו חננאל על מסכת סנהדרין","רבנו חננאל","ראשונים","","1038","1492"
"רבינו חננאל על מסכת עירובין","רבנו חננאל","ראשונים","","1038","1492"
"רבינו חננאל על מסכת פסחים","רבנו חננאל","ראשונים","","1038","1492"
"רבינו חננאל על מסכת ראש השנה","רבנו חננאל","ראשונים","","1038","1492"
"רבינו חננאל על מסכת שבועות","רבנו חננאל","ראשונים","","1038","1492"
"רבינו חננאל על מסכת שבת","רבנו חננאל","ראשונים","","1038","1492"
"רבינו חננאל על עבודה זרה","רבנו חננאל","ראשונים","","1038","1492"
"רבינו חננאל על שמות","רבנו חננאל","ראשונים","","1038","1492"
"רבינו חננאל על תענית","רבנו חננאל","ראשונים","","1038","1492"
"רבינו יהונתן מלוניל על עבודה זרה","","ראשונים","","",""
"רבינו יהונתן מלוניל על עירובין","יהונתן מלוניל","ראשונים","","1038","1492"
"רבינו יונה על ברכות","רבינו יונה","ראשונים","","1038","1492"
"רבינו יונה על משלי","","ראשונים","","",""
"רבינו יונה על פרקי אבות","רבינו יונה","ראשונים","","1038","1492"
"רבינו סעדיה גאון על בראשית","","ראשונים","","",""
"רבינו סעדיה גאון על נחמיה","סעדיה גאון","ראשונים","","1038","1492"
"רבינו סעדיה גאון על עזרא","","ראשונים","","",""
"רבינו שמעיה על משנה מדות","שמעיה השושני","ראשונים","","1038","1492"
"רבנו בחיי","בחיי בן אשר","ראשונים","","1038","1492"
"רד""ק על בראשית","","ראשונים","","",""
"רד""ק על דברי הימים א׳","","ראשונים","","",""
"רד""ק על דברי הימים ב'","","ראשונים","","",""
"רד""ק על הושע","","ראשונים","","",""
"רד""ק על זכריה","","ראשונים","","",""
"רד""ק על חבקוק","","ראשונים","","",""
"רד""ק על חגי","","ראשונים","","",""
"רד""ק על יהושע","","ראשונים","","",""
"רד""ק על יואל","","ראשונים","","",""
"רד""ק על יונה","","ראשונים","","",""
"רד""ק על יחזקאל","","ראשונים","","",""
"רד""ק על ירמי׳","","ראשונים","","",""
"רד""ק על ישעיהו","","ראשונים","","",""
"רד""ק על מיכה","","ראשונים","","",""
"רד""ק על מלאכי","","ראשונים","","",""
"רד""ק על מלכים א׳","","ראשונים","","",""
"רד""ק על מלכים ב'","","ראשונים","","",""
"רד""ק על נחום","","ראשונים","","",""
"רד""ק על עובדיה","","ראשונים","","",""
"רד""ק על עמוס","","ראשונים","","",""
"רד""ק על צפניה","","ראשונים","","",""
"רד""ק על שופטים","","ראשונים","","",""
"רד""ק על שמואל א","","ראשונים","","",""
"רד""ק על שמואל ב","","ראשונים","","",""
"רד""ק על תהילים","","ראשונים","","",""
"רדבז","","אחרונים","","",""
"רדיפי מיא","","אחרונים","","",""
"רדך","","אחרונים","","",""
"רוב דגן חלק א","","מחברי זמננו","","",""
"רוב דגן חלק ב","","מחברי זמננו","","",""
"רוח אליהו","","אחרונים","","",""
"רוממות אל על תהילים","אלשיך","אחרונים","","1500","1945"
"רוקח על שיר השירים חלק א","","ראשונים","","",""
"רות","","תורה שבכתב","","",""
"רות רבה","","חז""ל","","",""
"רות רבה (לרנר)","","חז""ל","","",""
"רי""ף בבא בתרא","","ראשונים","","",""
"רי""ף בבא מציעא","","ראשונים","","",""
"רי""ף בבא קמא","","ראשונים","","",""
"רי""ף ביצה","","ראשונים","","",""
"רי""ף ברכות","","ראשונים","","",""
"רי""ף גיטין","","ראשונים","","",""
"רי""ף חולין","","ראשונים","","",""
"רי""ף יבמות","","ראשונים","","",""
"רי""ף יומא","","ראשונים","","",""
"רי""ף כתובות","","ראשונים","","",""
"רי""ף מגילה","","ראשונים","","",""
"רי""ף מועד קטן","","ראשונים","","",""
"רי""ף מכות","","ראשונים","","",""
"רי""ף נדרים","","ראשונים","","",""
"רי""ף סוכה","","ראשונים","","",""
"רי""ף סנהדרין","","ראשונים","","",""
"רי""ף עבודה זרה","","ראשונים","","",""
"רי""ף עירובין","","ראשונים","","",""
"רי""ף פסחים","","ראשונים","","",""
"רי""ף קידושין","","ראשונים","","",""
"רי""ף ראש השנה","","ראשונים","","",""
"רי""ף שבועות","","ראשונים","","",""
"רי""ף שבת","","ראשונים","","",""
"רי""ף תענית","","ראשונים","","",""
"ריב""א על התורה","","ראשונים","","",""
"ריבבן על שקלים","","ראשונים","","",""
"ריטב""א על ברכות","ריטב""א","ראשונים","","1500","1945"
"ריטב""א על חולין","ריטב""א","ראשונים","","1500","1945"
"ריטב""א על יבמות","ריטב""א","ראשונים","","1500","1945"
"ריטב""א על יומא","ריטב""א","ראשונים","","1500","1945"
"ריטב""א על כתובות","ריטב""א","ראשונים","","1500","1945"
"ריטב""א על מגילה","ריטב""א","ראשונים","","1500","1945"
"ריטב""א על מועד קטן","ריטב""א","ראשונים","","1500","1945"
"ריטב""א על מכות","ריטב""א","ראשונים","","1500","1945"
"ריטב""א על נדה","ריטב""א","ראשונים","","1500","1945"
"ריטב""א על נדרים","ריטב""א","ראשונים","","1500","1945"
"ריטב""א על סוכה","ריטב""א","ראשונים","","1500","1945"
"ריטב""א על עבודה זרה","ריטב""א","ראשונים","","1500","1945"
"ריטב""א על עירובין","ריטב""א","ראשונים","","1500","1945"
"ריטב""א על פסחים","ריטב""א","ראשונים","","1500","1945"
"ריטב""א על קידושין","ריטב""א","ראשונים","","1500","1945"
"ריטב""א על ראש השנה","ריטב""א","ראשונים","","1500","1945"
"ריטב""א על שבועות","ריטב""א","ראשונים","","1500","1945"
"ריטב""א על תענית","ריטב""א","ראשונים","","1500","1945"
"ריטבא על גיטין","","ראשונים","","",""
"רלב""ג אסתר","רלב""ג","ראשונים","","1038","1492"
"רלב""ג ביאור המלות על התורה","רלב""ג","ראשונים","","1038","1492"
"רלב""ג על איוב","רלב""ג","ראשונים","","1038","1492"
"רלב""ג על דברי הימים א","רלב""ג","ראשונים","","1038","1492"
"רלב""ג על דברי הימים ב","רלב""ג","ראשונים","","1038","1492"
"רלב""ג על התורה","רלב""ג","ראשונים","","1038","1492"
"רלב""ג על יהושע","רלב""ג","ראשונים","","1038","1492"
"רלב""ג על מלכים א","רלב""ג","ראשונים","","1038","1492"
"רלב""ג על מלכים ב","רלב""ג","ראשונים","","1038","1492"
"רלב""ג על משלי","רלב""ג","ראשונים","","1038","1492"
"רלב""ג על נחמיה","רלב""ג","ראשונים","","1038","1492"
"רלב""ג על עזרא","רלב""ג","ראשונים","","1038","1492"
"רלב""ג על שופטים","רלב""ג","ראשונים","","1038","1492"
"רלב""ג על שמואל א","רלב""ג","ראשונים","","1038","1492"
"רלב""ג על שמואל ב","רלב""ג","ראשונים","","1038","1492"
"רלב""ג קהלת","רלב""ג","ראשונים","","1038","1492"
"רלב""ג רות","רלב""ג","ראשונים","","1038","1492"
"רלב""ג שיר השירים","רלב""ג","ראשונים","","1038","1492"
"רמב""ם הקדמה לסדר טהרות","משה בן מימון (רמב""ם)","ראשונים","ראשוני הראשונים","1138","1204"
"רמב""ם הקדמה לסדר קודשים","משה בן מימון (רמב""ם)","ראשונים","ראשוני הראשונים","1138","1204"
"רמב""ם על משנה אבות","משה בן מימון (רמב""ם)","ראשונים","ראשוני הראשונים","1138","1204"
"רמב""ם על משנה אהלות","משה בן מימון (רמב""ם)","ראשונים","ראשוני הראשונים","1138","1204"
"רמב""ם על משנה בבא בתרא","משה בן מימון (רמב""ם)","ראשונים","ראשוני הראשונים","1138","1204"
"רמב""ם על משנה בבא מציעא","משה בן מימון (רמב""ם)","ראשונים","ראשוני הראשונים","1138","1204"
"רמב""ם על משנה בבא קמא","משה בן מימון (רמב""ם)","ראשונים","ראשוני הראשונים","1138","1204"
"רמב""ם על משנה ביכורים","משה בן מימון (רמב""ם)","ראשונים","ראשוני הראשונים","1138","1204"
"רמב""ם על משנה ביצה","משה בן מימון (רמב""ם)","ראשונים","ראשוני הראשונים","1138","1204"
"רמב""ם על משנה בכורות","משה בן מימון (רמב""ם)","ראשונים","ראשוני הראשונים","1138","1204"
"רמב""ם על משנה ברכות","משה בן מימון (רמב""ם)","ראשונים","ראשוני הראשונים","1138","1204"
"רמב""ם על משנה גיטין","משה בן מימון (רמב""ם)","ראשונים","ראשוני הראשונים","1138","1204"
"רמב""ם על משנה דמאי","משה בן מימון (רמב""ם)","ראשונים","ראשוני הראשונים","1138","1204"
"רמב""ם על משנה הוריות","משה בן מימון (רמב""ם)","ראשונים","ראשוני הראשונים","1138","1204"
"רמב""ם על משנה זבחים","משה בן מימון (רמב""ם)","ראשונים","ראשוני הראשונים","1138","1204"
"רמב""ם על משנה זבים","משה בן מימון (רמב""ם)","ראשונים","ראשוני הראשונים","1138","1204"
"רמב""ם על משנה חגיגה","משה בן מימון (רמב""ם)","ראשונים","ראשוני הראשונים","1138","1204"
"רמב""ם על משנה חולין","משה בן מימון (רמב""ם)","ראשונים","ראשוני הראשונים","1138","1204"
"רמב""ם על משנה חלה","משה בן מימון (רמב""ם)","ראשונים","ראשוני הראשונים","1138","1204"
"רמב""ם על משנה טבול יום","משה בן מימון (רמב""ם)","ראשונים","ראשוני הראשונים","1138","1204"
"רמב""ם על משנה טהרות","משה בן מימון (רמב""ם)","ראשונים","ראשוני הראשונים","1138","1204"
"רמב""ם על משנה יבמות","משה בן מימון (רמב""ם)","ראשונים","ראשוני הראשונים","1138","1204"
"רמב""ם על משנה ידים","משה בן מימון (רמב""ם)","ראשונים","ראשוני הראשונים","1138","1204"
"רמב""ם על משנה יומא","משה בן מימון (רמב""ם)","ראשונים","ראשוני הראשונים","1138","1204"
"רמב""ם על משנה כלאים","משה בן מימון (רמב""ם)","ראשונים","ראשוני הראשונים","1138","1204"
"רמב""ם על משנה כלים","משה בן מימון (רמב""ם)","ראשונים","ראשוני הראשונים","1138","1204"
"רמב""ם על משנה כריתות","משה בן מימון (רמב""ם)","ראשונים","ראשוני הראשונים","1138","1204"
"רמב""ם על משנה כתובות","משה בן מימון (רמב""ם)","ראשונים","ראשוני הראשונים","1138","1204"
"רמב""ם על משנה מגילה","משה בן מימון (רמב""ם)","ראשונים","ראשוני הראשונים","1138","1204"
"רמב""ם על משנה מדות","משה בן מימון (רמב""ם)","ראשונים","ראשוני הראשונים","1138","1204"
"רמב""ם על משנה מועד קטן","משה בן מימון (רמב""ם)","ראשונים","ראשוני הראשונים","1138","1204"
"רמב""ם על משנה מכות","משה בן מימון (רמב""ם)","ראשונים","ראשוני הראשונים","1138","1204"
"רמב""ם על משנה מכשירין","משה בן מימון (רמב""ם)","ראשונים","ראשוני הראשונים","1138","1204"
"רמב""ם על משנה מנחות","משה בן מימון (רמב""ם)","ראשונים","ראשוני הראשונים","1138","1204"
"רמב""ם על משנה מעילה","משה בן מימון (רמב""ם)","ראשונים","ראשוני הראשונים","1138","1204"
"רמב""ם על משנה מעשר שני","משה בן מימון (רמב""ם)","ראשונים","ראשוני הראשונים","1138","1204"
"רמב""ם על משנה מעשרות","משה בן מימון (רמב""ם)","ראשונים","ראשוני הראשונים","1138","1204"
"רמב""ם על משנה מקואות","משה בן מימון (רמב""ם)","ראשונים","ראשוני הראשונים","1138","1204"
"רמב""ם על משנה נגעים","משה בן מימון (רמב""ם)","ראשונים","ראשוני הראשונים","1138","1204"
"רמב""ם על משנה נדה","משה בן מימון (רמב""ם)","ראשונים","ראשוני הראשונים","1138","1204"
"רמב""ם על משנה נדרים","משה בן מימון (רמב""ם)","ראשונים","ראשוני הראשונים","1138","1204"
"רמב""ם על משנה נזיר","משה בן מימון (רמב""ם)","ראשונים","ראשוני הראשונים","1138","1204"
"רמב""ם על משנה סוטה","משה בן מימון (רמב""ם)","ראשונים","ראשוני הראשונים","1138","1204"
"רמב""ם על משנה סוכה","משה בן מימון (רמב""ם)","ראשונים","ראשוני הראשונים","1138","1204"
"רמב""ם על משנה סנהדרין","משה בן מימון (רמב""ם)","ראשונים","ראשוני הראשונים","1138","1204"
"רמב""ם על משנה עבודה זרה","משה בן מימון (רמב""ם)","ראשונים","ראשוני הראשונים","1138","1204"
"רמב""ם על משנה עדיות","משה בן מימון (רמב""ם)","ראשונים","ראשוני הראשונים","1138","1204"
"רמב""ם על משנה עוקצים","משה בן מימון (רמב""ם)","ראשונים","ראשוני הראשונים","1138","1204"
"רמב""ם על משנה עירובין","משה בן מימון (רמב""ם)","ראשונים","ראשוני הראשונים","1138","1204"
"רמב""ם על משנה ערכין","משה בן מימון (רמב""ם)","ראשונים","ראשוני הראשונים","1138","1204"
"רמב""ם על משנה ערלה","משה בן מימון (רמב""ם)","ראשונים","ראשוני הראשונים","1138","1204"
"רמב""ם על משנה פאה","משה בן מימון (רמב""ם)","ראשונים","ראשוני הראשונים","1138","1204"
"רמב""ם על משנה פסחים","משה בן מימון (רמב""ם)","ראשונים","ראשוני הראשונים","1138","1204"
"רמב""ם על משנה פרה","משה בן מימון (רמב""ם)","ראשונים","ראשוני הראשונים","1138","1204"
"רמב""ם על משנה קידושין","משה בן מימון (רמב""ם)","ראשונים","ראשוני הראשונים","1138","1204"
"רמב""ם על משנה קינים","משה בן מימון (רמב""ם)","ראשונים","ראשוני הראשונים","1138","1204"
"רמב""ם על משנה ראש השנה","משה בן מימון (רמב""ם)","ראשונים","ראשוני הראשונים","1138","1204"
"רמב""ם על משנה שבועות","משה בן מימון (רמב""ם)","ראשונים","ראשוני הראשונים","1138","1204"
"רמב""ם על משנה שביעית","משה בן מימון (רמב""ם)","ראשונים","ראשוני הראשונים","1138","1204"
"רמב""ם על משנה שבת","משה בן מימון (רמב""ם)","ראשונים","ראשוני הראשונים","1138","1204"
"רמב""ם על משנה שקלים","משה בן מימון (רמב""ם)","ראשונים","ראשוני הראשונים","1138","1204"
"רמב""ם על משנה תמורה","משה בן מימון (רמב""ם)","ראשונים","ראשוני הראשונים","1138","1204"
"רמב""ם על משנה תמיד","משה בן מימון (רמב""ם)","ראשונים","ראשוני הראשונים","1138","1204"
"רמב""ם על משנה תענית","משה בן מימון (רמב""ם)","ראשונים","ראשוני הראשונים","1138","1204"
"רמב""ם על משנה תרומות","משה בן מימון (רמב""ם)","ראשונים","ראשוני הראשונים","1138","1204"
"רמב""ן על איוב","רמב״ן","ראשונים","","1038","1492"
"רמב""ן על במדבר","רמב״ן","ראשונים","","1038","1492"
"רמב""ן על בראשית","רמב״ן","ראשונים","","1038","1492"
"רמב""ן על דברים","רמב״ן","ראשונים","","1038","1492"
"רמב""ן על ויקרא","רמב״ן","ראשונים","","1038","1492"
"רמב""ן על ספר יצירה","רמב״ן","ראשונים","","1038","1492"
"רמב""ן על שמות","רמב״ן","ראשונים","","1038","1492"
"רס""ג על ספר יצירה","סעדיה גאון","ראשונים","","1038","1492"
"רסיסי לילה","צדוק הכהן רבינוביץ","אחרונים","","1500","1945"
"רקנאטי על התורה","מנחם ריקנטי","ראשונים","","1038","1492"
"רש""י על איוב","רש״י","ראשונים","","1038","1492"
"רש""י על איכה","רש״י","ראשונים","","1038","1492"
"רש""י על אסתר","רש״י","ראשונים","","1038","1492"
"רש""י על בבא בתרא","רש״י","ראשונים","","1038","1492"
"רש""י על בבא מציעא","רש״י","ראשונים","","1038","1492"
"רש""י על בבא קמא","רש״י","ראשונים","","1038","1492"
"רש""י על ביצה","רש״י","ראשונים","","1038","1492"
"רש""י על בכורות","רש״י","ראשונים","","1038","1492"
"רש""י על במדבר","רש״י","ראשונים","","1038","1492"
"רש""י על בראשית","רש״י","ראשונים","","1038","1492"
"רש""י על בראשית רבה","רש״י","ראשונים","","1038","1492"
"רש""י על ברכות","רש״י","ראשונים","","1038","1492"
"רש""י על גיטין","רש״י","ראשונים","","1038","1492"
"רש""י על דברי הימים א","רש״י","ראשונים","","1038","1492"
"רש""י על דברי הימים ב","רש״י","ראשונים","","1038","1492"
"רש""י על דברים","רש״י","ראשונים","","1038","1492"
"רש""י על דניאל","רש״י","ראשונים","","1038","1492"
"רש""י על הוריות","רש״י","ראשונים","","1038","1492"
"רש""י על הושע","רש״י","ראשונים","","1038","1492"
"רש""י על ויקרא","רש״י","ראשונים","","1038","1492"
"רש""י על זבחים","רש״י","ראשונים","","1038","1492"
"רש""י על זכריה","רש״י","ראשונים","","1038","1492"
"רש""י על חבקוק","רש״י","ראשונים","","1038","1492"
"רש""י על חגי","רש״י","ראשונים","","1038","1492"
"רש""י על חגיגה","רש״י","ראשונים","","1038","1492"
"רש""י על חולין","רש״י","ראשונים","","1038","1492"
"רש""י על יבמות","רש״י","ראשונים","","1038","1492"
"רש""י על יהושע","רש״י","ראשונים","","1038","1492"
"רש""י על יואל","רש״י","ראשונים","","1038","1492"
"רש""י על יומא","רש״י","ראשונים","","1038","1492"
"רש""י על יונה","רש״י","ראשונים","","1038","1492"
"רש""י על יחזקאל","רש״י","ראשונים","","1038","1492"
"רש""י על ירמיהו","רש״י","ראשונים","","1038","1492"
"רש""י על ישעיהו","רש״י","ראשונים","","1038","1492"
"רש""י על כריתות","רש״י","ראשונים","","1038","1492"
"רש""י על כתובות","רש״י","ראשונים","","1038","1492"
"רש""י על מגילה","רש״י","ראשונים","","1038","1492"
"רש""י על מועד קטן","רש״י","ראשונים","","1038","1492"
"רש""י על מיכה","רש״י","ראשונים","","1038","1492"
"רש""י על מכות","רש״י","ראשונים","","1038","1492"
"רש""י על מלאכי","רש״י","ראשונים","","1038","1492"
"רש""י על מלכים א","רש״י","ראשונים","","1038","1492"
"רש""י על מלכים ב","רש״י","ראשונים","","1038","1492"
"רש""י על מנחות","רש״י","ראשונים","","1038","1492"
"רש""י על מעילה","רש״י","ראשונים","","1038","1492"
"רש""י על משלי","רש״י","ראשונים","","1038","1492"
"רש""י על משנה אבות","רש״י","ראשונים","","1038","1492"
"רש""י על נדה","רש״י","ראשונים","","1038","1492"
"רש""י על נדרים","רש״י","ראשונים","","1038","1492"
"רש""י על נזיר","רש״י","ראשונים","","1038","1492"
"רש""י על נחום","רש״י","ראשונים","","1038","1492"
"רש""י על נחמיה","רש״י","ראשונים","","1038","1492"
"רש""י על סוטה","רש״י","ראשונים","","1038","1492"
"רש""י על סוכה","רש״י","ראשונים","","1038","1492"
"רש""י על סנהדרין","רש״י","ראשונים","","1038","1492"
"רש""י על עבודה זרה","רש״י","ראשונים","","1038","1492"
"רש""י על עובדיה","רש״י","ראשונים","","1038","1492"
"רש""י על עזרא","רש״י","ראשונים","","1038","1492"
"רש""י על עירובין","רש״י","ראשונים","","1038","1492"
"רש""י על עמוס","רש״י","ראשונים","","1038","1492"
"רש""י על ערכין","רש״י","ראשונים","","1038","1492"
"רש""י על פסחים","רש״י","ראשונים","","1038","1492"
"רש""י על צפניה","רש״י","ראשונים","","1038","1492"
"רש""י על קהלת","רש״י","ראשונים","","1038","1492"
"רש""י על קידושין","רש״י","ראשונים","","1038","1492"
"רש""י על ראש השנה","רש״י","ראשונים","","1038","1492"
"רש""י על רות","רש״י","ראשונים","","1038","1492"
"רש""י על שבועות","רש״י","ראשונים","","1038","1492"
"רש""י על שבת","רש״י","ראשונים","","1038","1492"
"רש""י על שופטים","רש״י","ראשונים","","1038","1492"
"רש""י על שיר השירים","רש״י","ראשונים","","1038","1492"
"רש""י על שמואל א","רש״י","ראשונים","","1038","1492"
"רש""י על שמואל ב","רש״י","ראשונים","","1038","1492"
"רש""י על שמות","רש״י","ראשונים","","1038","1492"
"רש""י על תהילים","רש״י","ראשונים","","1038","1492"
"רש""י על תמורה","רש״י","ראשונים","","1038","1492"
"רש""י על תענית","רש״י","ראשונים","","1038","1492"
"רש""ר הירש על התורה","שמשון רפאל הירש","אחרונים","","1500","1945"
"רש""ש על בבא בתרא","","אחרונים","","",""
"רש""ש על בבא מציעא","","אחרונים","","",""
"רש""ש על בבא קמא","","אחרונים","","",""
"רש""ש על ביצה","","אחרונים","","",""
"רש""ש על בכורות","","אחרונים","","",""
"רש""ש על ברכות","","אחרונים","","",""
"רש""ש על גיטין","","אחרונים","","",""
"רש""ש על הוריות","","אחרונים","","",""
"רש""ש על זבחים","","אחרונים","","",""
"רש""ש על חגיגה","","אחרונים","","",""
"רש""ש על חולין","","אחרונים","","",""
"רש""ש על יבמות","","אחרונים","","",""
"רש""ש על יומא","","אחרונים","","",""
"רש""ש על כריתות","","אחרונים","","",""
"רש""ש על כתובות","","אחרונים","","",""
"רש""ש על מגילה","","אחרונים","","",""
"רש""ש על מועד קטן","","אחרונים","","",""
"רש""ש על מכות","","אחרונים","","",""
"רש""ש על מנחות","","אחרונים","","",""
"רש""ש על מעילה","","אחרונים","","",""
"רש""ש על נדה","","אחרונים","","",""
"רש""ש על נדרים","","אחרונים","","",""
"רש""ש על נזיר","","אחרונים","","",""
"רש""ש על סוטה","","אחרונים","","",""
"רש""ש על סוכה","","אחרונים","","",""
"רש""ש על סנהדרין","","אחרונים","","",""
"רש""ש על עבודה זרה","","אחרונים","","",""
"רש""ש על עירובין","","אחרונים","","",""
"רש""ש על ערכין","","אחרונים","","",""
"רש""ש על פסחים","","אחרונים","","",""
"רש""ש על קידושין","","אחרונים","","",""
"רש""ש על ראש השנה","","אחרונים","","",""
"רש""ש על שבועות","","אחרונים","","",""
"רש""ש על שבת","","אחרונים","","",""
"רש""ש על תמורה","","אחרונים","","",""
"רש""ש על תענית","","אחרונים","","",""
"רשב""א על בבא קמא","רשב""א","ראשונים","","1038","1492"
"רשב""ם על בבא בתרא","","ראשונים","","",""
"רשב""ם על במדבר","","ראשונים","","",""
"רשב""ם על בראשית","","ראשונים","","",""
"רשב""ם על דברים","","ראשונים","","",""
"רשב""ם על ויקרא","","ראשונים","","",""
"רשב""ם על מנחות","","ראשונים","","",""
"רשב""ם על פסחים","","ראשונים","","",""
"רשב""ם על שמות","","ראשונים","","",""
"רשב״א על בבא בתרא","רשב""א","ראשונים","","1038","1492"
"רשב״א על בבא מציעא","רשב""א","ראשונים","","1038","1492"
"רשב״א על ביצה","רשב""א","ראשונים","","1038","1492"
"רשב״א על ברכות","רשב""א","ראשונים","","1038","1492"
"רשב״א על גיטין","רשב""א","ראשונים","","1038","1492"
"רשב״א על חולין","רשב""א","ראשונים","","1038","1492"
"רשב״א על יבמות","רשב""א","ראשונים","","1038","1492"
"רשב״א על כתובות","רשב""א","ראשונים","","1038","1492"
"רשב״א על מגילה","רשב""א","ראשונים","","1038","1492"
"רשב״א על מנחות","רשב""א","ראשונים","","1038","1492"
"רשב״א על נדה","רשב""א","ראשונים","","1038","1492"
"רשב״א על נדרים","רשב""א","ראשונים","","1038","1492"
"רשב״א על עבודה זרה","רשב""א","ראשונים","","1038","1492"
"רשב״א על עירובין","רשב""א","ראשונים","","1038","1492"
"רשב״א על קידושין","רשב""א","ראשונים","","1038","1492"
"רשב״א על ראש השנה","רשב""א","ראשונים","","1038","1492"
"רשב״א על שבועות","רשב""א","ראשונים","","1038","1492"
"רשב״א על שבת","רשב""א","ראשונים","","1038","1492"
"רשימות שיעורים על בבא מציעא","יוסף דוב הלוי סולובייצ'יק","מחברי זמננו","מחברי זמננו","1945","2026"
"רשימות שיעורים על בבא קמא","יוסף דוב הלוי סולובייצ'יק","מחברי זמננו","מחברי זמננו","1945","2026"
"רשימות שיעורים על ברכות","יוסף דוב הלוי סולובייצ'יק","מחברי זמננו","מחברי זמננו","1945","2026"
"רשימות שיעורים על הוריות","יוסף דוב הלוי סולובייצ'יק","מחברי זמננו","מחברי זמננו","1945","2026"
"רשימות שיעורים על יבמות","יוסף דוב הלוי סולובייצ'יק","מחברי זמננו","מחברי זמננו","1945","2026"
"רשימות שיעורים על נדרים","יוסף דוב הלוי סולובייצ'יק","מחברי זמננו","מחברי זמננו","1945","2026"
"רשימות שיעורים על סוכה","יוסף דוב הלוי סולובייצ'יק","מחברי זמננו","מחברי זמננו","1945","2026"
"רשימות שיעורים על סנהדרין","יוסף דוב הלוי סולובייצ'יק","מחברי זמננו","מחברי זמננו","1945","2026"
"רשימות שיעורים על קידושין","יוסף דוב הלוי סולובייצ'יק","מחברי זמננו","מחברי זמננו","1945","2026"
"רשימות שיעורים על שבועות","יוסף דוב הלוי סולובייצ'יק","מחברי זמננו","מחברי זמננו","1945","2026"
"רש״ש על משנה אבות","","אחרונים","","",""
"רש״ש על משנה אהלות","","אחרונים","","",""
"רש״ש על משנה בבא בתרא","","אחרונים","","",""
"רש״ש על משנה בבא מציעא","","אחרונים","","",""
"רש״ש על משנה בבא קמא","","אחרונים","","",""
"רש״ש על משנה ביכורים","","אחרונים","","",""
"רש״ש על משנה ביצה","","אחרונים","","",""
"רש״ש על משנה בכורות","","אחרונים","","",""
"רש״ש על משנה ברכות","","אחרונים","","",""
"רש״ש על משנה גיטין","","אחרונים","","",""
"רש״ש על משנה דמאי","","אחרונים","","",""
"רש״ש על משנה הוריות","","אחרונים","","",""
"רש״ש על משנה זבחים","","אחרונים","","",""
"רש״ש על משנה זבים","","אחרונים","","",""
"רש״ש על משנה חגיגה","","אחרונים","","",""
"רש״ש על משנה חולין","","אחרונים","","",""
"רש״ש על משנה חלה","","אחרונים","","",""
"רש״ש על משנה טבול יום","","אחרונים","","",""
"רש״ש על משנה טהרות","","אחרונים","","",""
"רש״ש על משנה יבמות","","אחרונים","","",""
"רש״ש על משנה ידים","","אחרונים","","",""
"רש״ש על משנה יומא","","אחרונים","","",""
"רש״ש על משנה כלאים","","אחרונים","","",""
"רש״ש על משנה כלים","","אחרונים","","",""
"רש״ש על משנה כריתות","","אחרונים","","",""
"רש״ש על משנה כתובות","","אחרונים","","",""
"רש״ש על משנה מגילה","","אחרונים","","",""
"רש״ש על משנה מדות","","אחרונים","","",""
"רש״ש על משנה מועד קטן","","אחרונים","","",""
"רש״ש על משנה מכות","","אחרונים","","",""
"רש״ש על משנה מכשירין","","אחרונים","","",""
"רש״ש על משנה מנחות","","אחרונים","","",""
"רש״ש על משנה מעילה","","אחרונים","","",""
"רש״ש על משנה מעשר שני","","אחרונים","","",""
"רש״ש על משנה מעשרות","","אחרונים","","",""
"רש״ש על משנה מקואות","","אחרונים","","",""
"רש״ש על משנה נגעים","","אחרונים","","",""
"רש״ש על משנה נדה","","אחרונים","","",""
"רש״ש על משנה נדרים","","אחרונים","","",""
"רש״ש על משנה נזיר","","אחרונים","","",""
"רש״ש על משנה סוטה","","אחרונים","","",""
"רש״ש על משנה סוכה","","אחרונים","","",""
"רש״ש על משנה סנהדרין","","אחרונים","","",""
"רש״ש על משנה עבודה זרה","","אחרונים","","",""
"רש״ש על משנה עדיות","","אחרונים","","",""
"רש״ש על משנה עוקצים","","אחרונים","","",""
"רש״ש על משנה עירובין","","אחרונים","","",""
"רש״ש על משנה ערכין","","אחרונים","","",""
"רש״ש על משנה ערלה","","אחרונים","","",""
"רש״ש על משנה פאה","","אחרונים","","",""
"רש״ש על משנה פסחים","","אחרונים","","",""
"רש״ש על משנה פרה","","אחרונים","","",""
"רש״ש על משנה קידושין","","אחרונים","","",""
"רש״ש על משנה קינים","","אחרונים","","",""
"רש״ש על משנה ראש השנה","","אחרונים","","",""
"רש״ש על משנה שבועות","","אחרונים","","",""
"רש״ש על משנה שביעית","","אחרונים","","",""
"רש״ש על משנה שבת","","אחרונים","","",""
"רש״ש על משנה שקלים","","אחרונים","","",""
"רש״ש על משנה תמורה","","אחרונים","","",""
"רש״ש על משנה תמיד","","אחרונים","","",""
"רש״ש על משנה תענית","","אחרונים","","",""
"רש״ש על משנה תרומות","","אחרונים","","",""
"שאגת אריה","","אחרונים","","",""
"שאגת אריה החדשות","אריה לייב גינצבורג","אחרונים","","1500","1945"
"שאילת יעבץ","יעקב עמדין","אחרונים","","1500","1945"
"שאילת שלום על שאילתות דרב אחאי גאון","ישעיה פיק ברלין","אחרונים","","1500","1945"
"שאילתא לפרשת וזאת הברכה","","חז""ל","","",""
"שאילתות דרב אחאי גאון","אחאי גאון","ראשונים","","1038","1492"
"שאלו שלום ירושלם","","אחרונים","","",""
"שאלות ותשובות מן השמים","יעקב הלוי ממרויש","ראשונים","","1038","1492"
"שאלות ותשובות רמ""א","משה בן ישראל איסרלישׂ","אחרונים","","1500","1945"
"שארית יוסף","","אחרונים","","",""
"שארית יעקב","","אחרונים","","",""
"שארית נתן","","אחרונים","","",""
"שב שמעתתא","אריה לייב בן יוסף הכהן הלר","אחרונים","","1500","1945"
"שבועות","","חז""ל","","",""
"שבחי הבעש""ט","","אחרונים","","",""
"שבחי הר""ן","נתן שטרנהרץ","אחרונים","","1500","1945"
"שבט יהודה","","ראשונים","","",""
"שבט מוסר","אליהו הכהן האיתמרי","אחרונים","","1500","1945"
"שביבי אש","","אחרונים","","",""
"שביתת יוט","","אחרונים","","",""
"שבלי הלקט","ר' צדקיה בן ר' אברהם הרופא","ראשונים","","1038","1492"
"שבלי הלקט על הגדה של פסח","ר' צדקיה בן ר' אברהם הרופא","ראשונים","","1038","1492"
"שבע נתיבות התורה","","אחרונים","","",""
"שבת","","חז""ל","","",""
"שדה הארץ","","אחרונים","","",""
"שדה מגרש","","אחרונים","","",""
"שדי חמד באר בשדי","","אחרונים","","",""
"שדי חמד דברי חכמים","","אחרונים","","",""
"שדי חמד כללים","","אחרונים","","",""
"שדי חמד כללים מערכת נ","","אחרונים","","",""
"שדי חמד כללים מערכת ס","","אחרונים","","",""
"שדי חמד כללים מערכת ע","","אחרונים","","",""
"שדי חמד פאת השדה מערכות ב-ד","","אחרונים","","",""
"שדי חמד פאת השדה מערכת א","","אחרונים","","",""
"שדי חמד פאת השדה מערכת ה","","אחרונים","","",""
"שדי חמד קונטרס כללי הפוסקים","","אחרונים","","",""
"שהם וישפה","","אחרונים","","",""
"שו""ת הר""ן","","ראשונים","","",""
"שו""ת הרשב""א חלק א","רבי שלמה בן אדרת","ראשונים","","1038","1492"
"שו""ת הרשב""א חלק ד","רשב""א","ראשונים","","1038","1492"
"שו""ת הרשב""א חלק ה","רשב""א","ראשונים","","1038","1492"
"שו""ת הרשב""א חלק ו","רשב""א","ראשונים","","1038","1492"
"שו""ת הרשב""א חלק ז","רשב""א","ראשונים","","1038","1492"
"שו""ת חידושי הרי""מ","","אחרונים","","",""
"שו""ת חתם סופר","משה סופר","אחרונים","","1500","1945"
"שו""ת מהר""ם פדוואה","","אחרונים","","",""
"שו""ת מהרי""ט","","אחרונים","","",""
"שו""ת מהרי""ל","","ראשונים","","",""
"שו""ת מהרי""ק","","ראשונים","","",""
"שו""ת מהרש""ם חלק א","","אחרונים","","",""
"שו""ת מהרש""ם חלק ב","","אחרונים","","",""
"שו""ת מהרש""ם חלק ג","","אחרונים","","",""
"שו""ת מהרשד""ם","","אחרונים","","",""
"שו""ת רב פעלים","יוסף חיים","אחרונים","","1500","1945"
"שואל ומשיב מהדורא חמישאה","יוסף שאול נתנזון","אחרונים","","1500","1945"
"שואל ומשיב מהדורא קמא","יוסף שאול נתנזון","אחרונים","","1500","1945"
"שואל ומשיב מהדורא רביעאה","יוסף שאול נתנזון","אחרונים","","1500","1945"
"שואל ומשיב מהדורא שתיתאה","יוסף שאול נתנזון","אחרונים","","1500","1945"
"שואל ומשיב מהדורא תליתאה","יוסף שאול נתנזון","אחרונים","","1500","1945"
"שואל ומשיב מהדורא תנינא","יוסף שאול נתנזון","אחרונים","","1500","1945"
"שובי שובי השולמית","יוסף חיים","אחרונים","","1500","1945"
"שולחן ערוך הרב","שניאור זלמן מליאדי","אחרונים","","1500","1945"
"שולחן ערוך, אבן העזר","יוסף קארו","אחרונים","","1500","1945"
"שולחן ערוך, אורח חיים","יוסף קארו","אחרונים","","1500","1945"
"שולחן ערוך, הקדמה","","אחרונים","","",""
"שולחן ערוך, חושן משפט","יוסף קארו","אחרונים","","1500","1945"
"שולחן ערוך, יורה דעה","יוסף קארו","אחרונים","","1500","1945"
"שומר אמונים","","אחרונים","","",""
"שומר ישראל","חיים דוד אזולאי","אחרונים","","1500","1945"
"שופטים","","תורה שבכתב","","",""
"שופריה דיוסף","רבי יוסף הכהן","אחרונים","","",""
"שופריה דיעקב","","אחרונים","","",""
"שופריה דיעקב חלק א","","אחרונים","","",""
"שופריה דיעקב חלק ב","","אחרונים","","",""
"שורשי הים על משנה תורה, הלכות איסורי ביאה","יצחק מאיו","אחרונים","","1500","1945"
"שורשי הים על משנה תורה, הלכות איסורי המזבח","יצחק מאיו","אחרונים","","1500","1945"
"שורשי הים על משנה תורה, הלכות אישות","יצחק מאיו","אחרונים","","1500","1945"
"שורשי הים על משנה תורה, הלכות ביאת מקדש","יצחק מאיו","אחרונים","","1500","1945"
"שורשי הים על משנה תורה, הלכות ביכורים ושאר מתנות כהונה שבגבולין","יצחק מאיו","אחרונים","","1500","1945"
"שורשי הים על משנה תורה, הלכות בית הבחירה","יצחק מאיו","אחרונים","","1500","1945"
"שורשי הים על משנה תורה, הלכות בכורות","יצחק מאיו","אחרונים","","1500","1945"
"שורשי הים על משנה תורה, הלכות ברכות","יצחק מאיו","אחרונים","","1500","1945"
"שורשי הים על משנה תורה, הלכות גזילה ואבידה","יצחק מאיו","אחרונים","","1500","1945"
"שורשי הים על משנה תורה, הלכות גירושין","יצחק מאיו","אחרונים","","1500","1945"
"שורשי הים על משנה תורה, הלכות גניבה","יצחק מאיו","אחרונים","","1500","1945"
"שורשי הים על משנה תורה, הלכות דעות","יצחק מאיו","אחרונים","","1500","1945"
"שורשי הים על משנה תורה, הלכות זכייה ומתנה","יצחק מאיו","אחרונים","","1500","1945"
"שורשי הים על משנה תורה, הלכות חגיגה","יצחק מאיו","אחרונים","","1500","1945"
"שורשי הים על משנה תורה, הלכות חובל ומזיק","יצחק מאיו","אחרונים","","1500","1945"
"שורשי הים על משנה תורה, הלכות חמץ ומצה","יצחק מאיו","אחרונים","","1500","1945"
"שורשי הים על משנה תורה, הלכות טומאת צרעת","יצחק מאיו","אחרונים","","1500","1945"
"שורשי הים על משנה תורה, הלכות טוען ונטען","יצחק מאיו","אחרונים","","1500","1945"
"שורשי הים על משנה תורה, הלכות יבום וחליצה","יצחק מאיו","אחרונים","","1500","1945"
"שורשי הים על משנה תורה, הלכות יסודי התורה","יצחק מאיו","אחרונים","","1500","1945"
"שורשי הים על משנה תורה, הלכות כלי המקדש והעובדין בו","יצחק מאיו","אחרונים","","1500","1945"
"שורשי הים על משנה תורה, הלכות מאכלות אסורות","יצחק מאיו","אחרונים","","1500","1945"
"שורשי הים על משנה תורה, הלכות מגילה וחנוכה","יצחק מאיו","אחרונים","","1500","1945"
"שורשי הים על משנה תורה, הלכות מחוסרי כפרה","יצחק מאיו","אחרונים","","1500","1945"
"שורשי הים על משנה תורה, הלכות מטמאי משכב ומושב","יצחק מאיו","אחרונים","","1500","1945"
"שורשי הים על משנה תורה, הלכות מילה","יצחק מאיו","אחרונים","","1500","1945"
"שורשי הים על משנה תורה, הלכות מכירה","יצחק מאיו","אחרונים","","1500","1945"
"שורשי הים על משנה תורה, הלכות מלווה ולווה","יצחק מאיו","אחרונים","","1500","1945"
"שורשי הים על משנה תורה, הלכות מלכים ומלחמות","יצחק מאיו","אחרונים","","1500","1945"
"שורשי הים על משנה תורה, הלכות ממרים","יצחק מאיו","אחרונים","","1500","1945"
"שורשי הים על משנה תורה, הלכות מעילה","יצחק מאיו","אחרונים","","1500","1945"
"שורשי הים על משנה תורה, הלכות מעשה הקרבנות","יצחק מאיו","אחרונים","","1500","1945"
"שורשי הים על משנה תורה, הלכות מעשר שני ונטע רבעי","יצחק מאיו","אחרונים","","1500","1945"
"שורשי הים על משנה תורה, הלכות מעשרות","יצחק מאיו","אחרונים","","1500","1945"
"שורשי הים על משנה תורה, הלכות מקואות","יצחק מאיו","אחרונים","","1500","1945"
"שורשי הים על משנה תורה, הלכות נדרים","יצחק מאיו","אחרונים","","1500","1945"
"שורשי הים על משנה תורה, הלכות נזירות","יצחק מאיו","אחרונים","","1500","1945"
"שורשי הים על משנה תורה, הלכות נזקי ממון","יצחק מאיו","אחרונים","","1500","1945"
"שורשי הים על משנה תורה, הלכות נחלות","יצחק מאיו","אחרונים","","1500","1945"
"שורשי הים על משנה תורה, הלכות נערה בתולה","יצחק מאיו","אחרונים","","1500","1945"
"שורשי הים על משנה תורה, הלכות סוטה","יצחק מאיו","אחרונים","","1500","1945"
"שורשי הים על משנה תורה, הלכות סנהדרין והעונשין המסורין להם","יצחק מאיו","אחרונים","","1500","1945"
"שורשי הים על משנה תורה, הלכות עבדים","יצחק מאיו","אחרונים","","1500","1945"
"שורשי הים על משנה תורה, הלכות עבודה זרה וחוקות הגויים","יצחק מאיו","אחרונים","","1500","1945"
"שורשי הים על משנה תורה, הלכות עבודת יום הכפורים","יצחק מאיו","אחרונים","","1500","1945"
"שורשי הים על משנה תורה, הלכות עדות","יצחק מאיו","אחרונים","","1500","1945"
"שורשי הים על משנה תורה, הלכות ערכים וחרמין","יצחק מאיו","אחרונים","","1500","1945"
"שורשי הים על משנה תורה, הלכות פסולי המוקדשין","יצחק מאיו","אחרונים","","1500","1945"
"שורשי הים על משנה תורה, הלכות פרה אדומה","יצחק מאיו","אחרונים","","1500","1945"
"שורשי הים על משנה תורה, הלכות קידוש החודש","יצחק מאיו","אחרונים","","1500","1945"
"שורשי הים על משנה תורה, הלכות קרבן פסח","יצחק מאיו","אחרונים","","1500","1945"
"שורשי הים על משנה תורה, הלכות קריאת שמע","יצחק מאיו","אחרונים","","1500","1945"
"שורשי הים על משנה תורה, הלכות רוצח ושמירת נפש","יצחק מאיו","אחרונים","","1500","1945"
"שורשי הים על משנה תורה, הלכות שאלה ופיקדון","יצחק מאיו","אחרונים","","1500","1945"
"שורשי הים על משנה תורה, הלכות שבועות","יצחק מאיו","אחרונים","","1500","1945"
"שורשי הים על משנה תורה, הלכות שביתת יום טוב","יצחק מאיו","אחרונים","","1500","1945"
"שורשי הים על משנה תורה, הלכות שביתת עשור","יצחק מאיו","אחרונים","","1500","1945"
"שורשי הים על משנה תורה, הלכות שבת","יצחק מאיו","אחרונים","","1500","1945"
"שורשי הים על משנה תורה, הלכות שגגות","יצחק מאיו","אחרונים","","1500","1945"
"שורשי הים על משנה תורה, הלכות שופר וסוכה ולולב","יצחק מאיו","אחרונים","","1500","1945"
"שורשי הים על משנה תורה, הלכות שחיטה","יצחק מאיו","אחרונים","","1500","1945"
"שורשי הים על משנה תורה, הלכות שכירות","יצחק מאיו","אחרונים","","1500","1945"
"שורשי הים על משנה תורה, הלכות שכנים","יצחק מאיו","אחרונים","","1500","1945"
"שורשי הים על משנה תורה, הלכות שלוחין ושותפין","יצחק מאיו","אחרונים","","1500","1945"
"שורשי הים על משנה תורה, הלכות שמיטה ויובל","יצחק מאיו","אחרונים","","1500","1945"
"שורשי הים על משנה תורה, הלכות שקלים","יצחק מאיו","אחרונים","","1500","1945"
"שורשי הים על משנה תורה, הלכות תלמוד תורה","יצחק מאיו","אחרונים","","1500","1945"
"שורשי הים על משנה תורה, הלכות תמידים ומוספין","יצחק מאיו","אחרונים","","1500","1945"
"שורשי הים על משנה תורה, הלכות תעניות","יצחק מאיו","אחרונים","","1500","1945"
"שורשי הים על משנה תורה, הלכות תפילה וברכת כהנים","יצחק מאיו","אחרונים","","1500","1945"
"שורשי הים על משנה תורה, הלכות תפילין ומזוזה וספר תורה","יצחק מאיו","אחרונים","","1500","1945"
"שורשי הים על משנה תורה, הלכות תרומות","יצחק מאיו","אחרונים","","1500","1945"
"שורשי הים על משנה תורה, הלכות תשובה","יצחק מאיו","אחרונים","","1500","1945"
"שושני יעקב חלק א","רבי יעקב פינטו","אחרונים","","",""
"שושני יעקב חלק ב","רבי יעקב פינטו","אחרונים","","",""
"שושנת העמקים","","אחרונים","","",""
"שושנת העמקים על שיר השירים","אלשיך","אחרונים","","1500","1945"
"שות אבן שתיה","","אחרונים","","",""
"שות אבני חפץ","","אחרונים","","",""
"שות אהל משה","","אחרונים","","",""
"שות אור המאיר","","אחרונים","","",""
"שות אות לטובה","","אחרונים","","",""
"שות איתן האזרחי","","אחרונים","","",""
"שות ביכורי אברהם","","אחרונים","","",""
"שות בית דוד","","אחרונים","","",""
"שות בכל דרכיך דעהו","","מחברי זמננו","","",""
"שות ברוך השם","","אחרונים","","",""
"שות ברית עולם","","אחרונים","","",""
"שות גם אני אודך - א","","מחברי זמננו","","",""
"שות גם אני אודך - ב","","מחברי זמננו","","",""
"שות גם אני אודך - ג","","מחברי זמננו","","",""
"שות דברי יוסף","","אחרונים","","",""
"שות דברי יחזקאל","","אחרונים","","",""
"שות דברי מלכיאל חלק א","","אחרונים","","",""
"שות דברי מלכיאל חלק ב","","אחרונים","","",""
"שות דברי מלכיאל חלק ג","","אחרונים","","",""
"שות דברי מלכיאל חלק ד","","אחרונים","","",""
"שות דברי מלכיאל חלק ה","","אחרונים","","",""
"שות די השב","","אחרונים","","",""
"שות דרכי שלום","","אחרונים","","",""
"שות האדמור הזקן","","אחרונים","","",""
"שות הרדד אבן העזר א","","אחרונים","","",""
"שות הרדד אורח חיים א","","אחרונים","","",""
"שות הריף","","ראשונים","","",""
"שות זכרון יהודה","","ראשונים","","",""
"שות זרח השלום","זרחיה גוטה","אחרונים","ראשוני האחרונים","",""
"שות חזון למועד","","אחרונים","","",""
"שות ישועות יעקב","","אחרונים","","",""
"שות ישועות מלכו","","אחרונים","","",""
"שות מהראל צינץ","","אחרונים","","",""
"שות מהראפ","","אחרונים","","",""
"שות מהראש","","אחרונים","","",""
"שות מהרי מינץ","","אחרונים","","",""
"שות מהרם אלשיך","","אחרונים","","",""
"שות מהרם בן חביב","","אחרונים","","",""
"שות מהרמ אלשקר","","אחרונים","","",""
"שות מהרף","","אחרונים","","",""
"שות מהרש אלפנדרי","","אחרונים","","",""
"שות מהרשם חלק ד","","אחרונים","","",""
"שות מהרשם חלק ה","","אחרונים","","",""
"שות מוהרץ","","אחרונים","","",""
"שות מוצל מאש (רבי יעקב אלפנדרי)","","אחרונים","","",""
"שות מר ואהלות","","אחרונים","","",""
"שות משנה הלכות חלק א","","מחברי זמננו","","",""
"שות משנה הלכות חלק ב","","מחברי זמננו","","",""
"שות משנה הלכות חלק ג","","מחברי זמננו","","",""
"שות משנה הלכות חלק ד","","מחברי זמננו","","",""
"שות משנה הלכות חלק ה","","מחברי זמננו","","",""
"שות משנה הלכות חלק ו","","מחברי זמננו","","",""
"שות משנה הלכות חלק ז","","מחברי זמננו","","",""
"שות משנה הלכות חלק ח","","מחברי זמננו","","",""
"שות משנה הלכות חלק ט","","מחברי זמננו","","",""
"שות משנה הלכות חלק טו","","מחברי זמננו","","",""
"שות משנה הלכות חלק טז","","מחברי זמננו","","",""
"שות משנה הלכות חלק י","","מחברי זמננו","","",""
"שות משנה הלכות חלק יא","","מחברי זמננו","","",""
"שות משנה הלכות חלק יב","","מחברי זמננו","","",""
"שות משנה הלכות חלק יג","","מחברי זמננו","","",""
"שות משנה הלכות חלק יד","","מחברי זמננו","","",""
"שות משנה הלכות חלק יז","","מחברי זמננו","","",""
"שות נשאל דוד","","אחרונים","","",""
"שות עונג יום טוב","","אחרונים","","",""
"שות עטרת חכמים חלק א","","אחרונים","","",""
"שות עטרת חכמים חלק ב","","אחרונים","","",""
"שות עצי ברושים","","אחרונים","","",""
"שות פאר הדור","","ראשונים","","",""
"שות פרחי כהונה","","אחרונים","","",""
"שות פרי הארץ חלק ג","","אחרונים","","",""
"שות פרי עץ חיים","","אחרונים","","",""
"שות ר' יהושע הנגיד","","ראשונים","","",""
"שות רבז אורח חיים","","אחרונים","","",""
"שות רבז יורה דעה","","אחרונים","","",""
"שות רבי אליהו מזרחי (ראם)","","אחרונים","","",""
"שות רבי יצחק הלוי מקושטא","יצחק הלוי מקושטא","אחרונים","","",""
"שות רבי משולם איגרא","","אחרונים","","",""
"שות רבי שלמה ברוך","שלמה ברוך","אחרונים","ראשוני האחרונים","",""
"שות רבינו בצלאל אשכנזי","","אחרונים","","",""
"שות שבות יעקב חלק א","","אחרונים","","",""
"שות שבות יעקב חלק ב","","אחרונים","","",""
"שות שבות יעקב חלק ג","","אחרונים","","",""
"שות שבט סופר חלק א","","אחרונים","","",""
"שות שבט סופר חלק ב","","אחרונים","","",""
"שות שואל ונשאל חלק א","","אחרונים","","",""
"שות שתי הלחם","","אחרונים","","",""
"שות תעלומות לב חלק א","","אחרונים","","",""
"שות תעלומות לב חלק ב","","אחרונים","","",""
"שות תעלומות לב חלק ג","","אחרונים","","",""
"שות תעלומות לב חלק ד","","אחרונים","","",""
"שו״ת משכיל לדוד","","אחרונים","","",""
"שו״ת רבי יעקב בטאן ובית דינו","רבי יעקב בטאן","אחרונים","","","1873"
"שו״ת שער יוסף","רבי יוסף אזווילוס","אחרונים","","",""
"שחרית","","חז""ל","","",""
"שי למלך","","אחרונים","","",""
"שיחות הר""ן","נחמן מברסלב‎","אחרונים","","1500","1945"
"שיחות עבודת לוי","יעקב יצחק רודרמן","מחברי זמננו","מחברי זמננו","1945","2026"
"שיחת מלאכי השרת","צדוק הכהן רבינוביץ","אחרונים","","1500","1945"
"שיחת שדים","צדוק הכהן רבינוביץ","אחרונים","","1500","1945"
"שיטה מקובצת על בבא בתרא","בצלאל בן אברהם אשכנזי","אחרונים","","1500","1945"
"שיטה מקובצת על בבא מציעא","בצלאל בן אברהם אשכנזי","אחרונים","","1500","1945"
"שיטה מקובצת על בבא קמא","בצלאל בן אברהם אשכנזי","אחרונים","","1500","1945"
"שיטה מקובצת על ביצה","בצלאל בן אברהם אשכנזי","אחרונים","","1500","1945"
"שיטה מקובצת על ברכות","ריטב""א","ראשונים","","1500","1945"
"שיטה מקובצת על כתובות","בצלאל בן אברהם אשכנזי","אחרונים","","1500","1945"
"שיטה מקובצת על נדרים","בצלאל בן אברהם אשכנזי","אחרונים","","1500","1945"
"שיטה מקובצת על נזיר","בצלאל בן אברהם אשכנזי","אחרונים","","1500","1945"
"שיטה מקובצת על סוטה","בצלאל בן אברהם אשכנזי","אחרונים","","1500","1945"
"שיירי קרבן על תלמוד ירושלמי ביצה","דוד פרנקל","אחרונים","","1500","1945"
"שיירי קרבן על תלמוד ירושלמי גיטין","דוד פרנקל","אחרונים","","1500","1945"
"שיירי קרבן על תלמוד ירושלמי חגיגה","דוד פרנקל","אחרונים","","1500","1945"
"שיירי קרבן על תלמוד ירושלמי יבמות","דוד פרנקל","אחרונים","","1500","1945"
"שיירי קרבן על תלמוד ירושלמי יומא","דוד פרנקל","אחרונים","","1500","1945"
"שיירי קרבן על תלמוד ירושלמי כתובות","דוד פרנקל","אחרונים","","1500","1945"
"שיירי קרבן על תלמוד ירושלמי מגילה","דוד פרנקל","אחרונים","","1500","1945"
"שיירי קרבן על תלמוד ירושלמי מועד קטן","דוד פרנקל","אחרונים","","1500","1945"
"שיירי קרבן על תלמוד ירושלמי מכות","דוד פרנקל","אחרונים","","1500","1945"
"שיירי קרבן על תלמוד ירושלמי נדרים","דוד פרנקל","אחרונים","","1500","1945"
"שיירי קרבן על תלמוד ירושלמי נזיר","דוד פרנקל","אחרונים","","1500","1945"
"שיירי קרבן על תלמוד ירושלמי סוטה","דוד פרנקל","אחרונים","","1500","1945"
"שיירי קרבן על תלמוד ירושלמי סוכה","דוד פרנקל","אחרונים","","1500","1945"
"שיירי קרבן על תלמוד ירושלמי סנהדרין","דוד פרנקל","אחרונים","","1500","1945"
"שיירי קרבן על תלמוד ירושלמי עירובין","דוד פרנקל","אחרונים","","1500","1945"
"שיירי קרבן על תלמוד ירושלמי פסחים","דוד פרנקל","אחרונים","","1500","1945"
"שיירי קרבן על תלמוד ירושלמי קידושין","דוד פרנקל","אחרונים","","1500","1945"
"שיירי קרבן על תלמוד ירושלמי ראש השנה","דוד פרנקל","אחרונים","","1500","1945"
"שיירי קרבן על תלמוד ירושלמי שבועות","דוד פרנקל","אחרונים","","1500","1945"
"שיירי קרבן על תלמוד ירושלמי שבת","דוד פרנקל","אחרונים","","1500","1945"
"שיירי קרבן על תלמוד ירושלמי שקלים","דוד פרנקל","אחרונים","","1500","1945"
"שיירי קרבן על תלמוד ירושלמי תענית","דוד פרנקל","אחרונים","","1500","1945"
"שינויי נוסחאות על בבא בתרא","שאול ליברמן","אחרונים","","1500","1945"
"שינויי נוסחאות על בבא מציעא","שאול ליברמן","אחרונים","","1500","1945"
"שינויי נוסחאות על בבא קמא","שאול ליברמן","אחרונים","","1500","1945"
"שינויי נוסחאות על ביכורים","שאול ליברמן","אחרונים","","1500","1945"
"שינויי נוסחאות על ביצה","שאול ליברמן","אחרונים","","1500","1945"
"שינויי נוסחאות על ברכות","שאול ליברמן","אחרונים","","1500","1945"
"שינויי נוסחאות על גיטין","שאול ליברמן","אחרונים","","1500","1945"
"שינויי נוסחאות על דמאי","שאול ליברמן","אחרונים","","1500","1945"
"שינויי נוסחאות על חגיגה","שאול ליברמן","אחרונים","","1500","1945"
"שינויי נוסחאות על חלה","שאול ליברמן","אחרונים","","1500","1945"
"שינויי נוסחאות על יבמות","שאול ליברמן","אחרונים","","1500","1945"
"שינויי נוסחאות על יומא","שאול ליברמן","אחרונים","","1500","1945"
"שינויי נוסחאות על כלאים","שאול ליברמן","אחרונים","","1500","1945"
"שינויי נוסחאות על כתובות","שאול ליברמן","אחרונים","","1500","1945"
"שינויי נוסחאות על מגילה","שאול ליברמן","אחרונים","","1500","1945"
"שינויי נוסחאות על מועד קטן","שאול ליברמן","אחרונים","","1500","1945"
"שינויי נוסחאות על מעשר שני","שאול ליברמן","אחרונים","","1500","1945"
"שינויי נוסחאות על מעשרות","שאול ליברמן","אחרונים","","1500","1945"
"שינויי נוסחאות על נדרים","שאול ליברמן","אחרונים","","1500","1945"
"שינויי נוסחאות על נזיר","שאול ליברמן","אחרונים","","1500","1945"
"שינויי נוסחאות על סוטה","שאול ליברמן","אחרונים","","1500","1945"
"שינויי נוסחאות על סוכה","שאול ליברמן","אחרונים","","1500","1945"
"שינויי נוסחאות על עירובין","שאול ליברמן","אחרונים","","1500","1945"
"שינויי נוסחאות על ערלה","שאול ליברמן","אחרונים","","1500","1945"
"שינויי נוסחאות על פאה","שאול ליברמן","אחרונים","","1500","1945"
"שינויי נוסחאות על פסחים","שאול ליברמן","אחרונים","","1500","1945"
"שינויי נוסחאות על קידושין","שאול ליברמן","אחרונים","","1500","1945"
"שינויי נוסחאות על ראש השנה","שאול ליברמן","אחרונים","","1500","1945"
"שינויי נוסחאות על שביעית","שאול ליברמן","אחרונים","","1500","1945"
"שינויי נוסחאות על שבת","שאול ליברמן","אחרונים","","1500","1945"
"שינויי נוסחאות על שקלים","שאול ליברמן","אחרונים","","1500","1945"
"שינויי נוסחאות על תענית","שאול ליברמן","אחרונים","","1500","1945"
"שינויי נוסחאות על תרומות","שאול ליברמן","אחרונים","","1500","1945"
"שיעורי הגרדש על בבא בתרא","","מחברי זמננו","","",""
"שיעורי הגרדש על כתובות","","מחברי זמננו","","",""
"שיר הכבוד","רבי יהודה בן שמואל החסיד","ראשונים","","1038","1492"
"שיר השירים","","תורה שבכתב","","",""
"שיר השירים רבה","","חז""ל","","",""
"שלום אסתר","יצחק בן מרדכי גרשון","ראשונים","","1038","1492"
"שלום עליכם","","אחרונים","","",""
"שלח תשלח","נפתלי ויינברגר","מחברי זמננו","מחברי זמננו","1945","2026"
"שלחן המלך","","אחרונים","","",""
"שלחן של ארבע","בחיי בן אשר","ראשונים","","1038","1492"
"שלחנו של אברהם","","אחרונים","","",""
"שלטי הגיבורים על בבא בתרא","יהושע בועז","אחרונים","","1500","1945"
"שלטי הגיבורים על בבא מציעא","יהושע בועז","אחרונים","","1500","1945"
"שלטי הגיבורים על בבא קמא","יהושע בועז","אחרונים","","1500","1945"
"שלטי הגיבורים על ביצה","יהושע בועז","אחרונים","","1500","1945"
"שלטי הגיבורים על ברכות","יהושע בועז","אחרונים","","1500","1945"
"שלטי הגיבורים על גיטין","יהושע בועז","אחרונים","","1500","1945"
"שלטי הגיבורים על חולין","יהושע בועז","אחרונים","","1500","1945"
"שלטי הגיבורים על יבמות","יהושע בועז","אחרונים","","1500","1945"
"שלטי הגיבורים על יומא","יהושע בועז","אחרונים","","1500","1945"
"שלטי הגיבורים על כתובות","יהושע בועז","אחרונים","","1500","1945"
"שלטי הגיבורים על מגילה","יהושע בועז","אחרונים","","1500","1945"
"שלטי הגיבורים על מועד קטן","יהושע בועז","אחרונים","","1500","1945"
"שלטי הגיבורים על מכות","יהושע בועז","אחרונים","","1500","1945"
"שלטי הגיבורים על מנחות","יהושע בועז","אחרונים","","1500","1945"
"שלטי הגיבורים על סוכה","יהושע בועז","אחרונים","","1500","1945"
"שלטי הגיבורים על סנהדרין","יהושע בועז","אחרונים","","1500","1945"
"שלטי הגיבורים על עבודה זרה","יהושע בועז","אחרונים","","1500","1945"
"שלטי הגיבורים על עירובין","יהושע בועז","אחרונים","","1500","1945"
"שלטי הגיבורים על פסחים","יהושע בועז","אחרונים","","1500","1945"
"שלטי הגיבורים על קידושין","יהושע בועז","אחרונים","","1500","1945"
"שלטי הגיבורים על ראש השנה","יהושע בועז","אחרונים","","1500","1945"
"שלטי הגיבורים על שבועות","יהושע בועז","אחרונים","","1500","1945"
"שלטי הגיבורים על שבת","יהושע בועז","אחרונים","","1500","1945"
"שלטי הגיבורים על תענית","יהושע בועז","אחרונים","","1500","1945"
"שלל דוד","","אחרונים","","",""
"שלמי ירוחם","","אחרונים","","",""
"שלמי נדרים","","אחרונים","","",""
"שלמי תודה","","אחרונים","","",""
"שלמי תודה (שוע)","","אחרונים","","",""
"שלש פסיקתות","","חז""ל","","",""
"שם הגדולים, מערכת ספרים","חיים דוד אזולאי","אחרונים","","1500","1945"
"שם טוב על מורה נבוכים","שם טוב בן יוסף אבן שם טוב","ראשונים","","1038","1492"
"שם יוסף","","אחרונים","","",""
"שם משמואל","שמואל בן אברהם בורנשטיין מסוכוטשוב","אחרונים","","1800","1899"
"שמואל א","","תורה שבכתב","","",""
"שמואל ב","","תורה שבכתב","","",""
"שמונה פרקים","משה בן מימון (רמב""ם)","ראשונים","ראשוני הראשונים","1138","1204"
"שמות","","תורה שבכתב","","",""
"שמות רבה","","חז""ל","","",""
"שמחת הרגל על הגדה של פסח","חיים דוד אזולאי","אחרונים","","1500","1945"
"שמחת יום טוב","","אחרונים","","",""
"שמחת עולם","","אחרונים","","",""
"שמירת הלשון","רבי ישראל מאיר הכהן","אחרונים","","1500","1945"
"שמירת שבת כהלכתה - א","","מחברי זמננו","","",""
"שמירת שבת כהלכתה - מפתחות","","מחברי זמננו","","",""
"שמלה חדשה","אלכסנדר סנדר שור","אחרונים","","1500","1945"
"שמן המשחה","","אחרונים","","",""
"שני לוחות הברית","ישעיהו הלוי הורוויץ","אחרונים","","1500","1945"
"שעורי הלכה","","אחרונים","","",""
"שער אפרים","","אחרונים","","",""
"שער האמונה ויסוד החסידות","גרשון חנוך העניך ליינר","אחרונים","","1500","1945"
"שער הגלגולים","חיים ויטאל","אחרונים","","1500","1945"
"שער הגמול - רמב''ן","רבי משה בן נחמן","ראשונים","","1038","1492"
"שער ההקדמות","חיים ויטאל","אחרונים","","1500","1945"
"שער הכוונות","חיים ויטאל","אחרונים","","1500","1945"
"שער המים הארוך","רשב""א","ראשונים","","1038","1492"
"שער המים הקצר","רשב""א","ראשונים","","1038","1492"
"שער המלך על משנה תורה, הלכות איסורי ביאה","יצחק בן משה נוניש בילמונטי","אחרונים","","1500","1945"
"שער המלך על משנה תורה, הלכות איסורי המזבח","יצחק בן משה נוניש בילמונטי","אחרונים","","1500","1945"
"שער המלך על משנה תורה, הלכות אישות","יצחק בן משה נוניש בילמונטי","אחרונים","","1500","1945"
"שער המלך על משנה תורה, הלכות ביאת מקדש","יצחק בן משה נוניש בילמונטי","אחרונים","","1500","1945"
"שער המלך על משנה תורה, הלכות ביכורים ושאר מתנות כהונה שבגבולין","יצחק בן משה נוניש בילמונטי","אחרונים","","1500","1945"
"שער המלך על משנה תורה, הלכות בית הבחירה","יצחק בן משה נוניש בילמונטי","אחרונים","","1500","1945"
"שער המלך על משנה תורה, הלכות ברכות","יצחק בן משה נוניש בילמונטי","אחרונים","","1500","1945"
"שער המלך על משנה תורה, הלכות גזילה ואבידה","יצחק בן משה נוניש בילמונטי","אחרונים","","1500","1945"
"שער המלך על משנה תורה, הלכות גירושין","יצחק בן משה נוניש בילמונטי","אחרונים","","1500","1945"
"שער המלך על משנה תורה, הלכות גניבה","יצחק בן משה נוניש בילמונטי","אחרונים","","1500","1945"
"שער המלך על משנה תורה, הלכות זכייה ומתנה","יצחק בן משה נוניש בילמונטי","אחרונים","","1500","1945"
"שער המלך על משנה תורה, הלכות חגיגה","יצחק בן משה נוניש בילמונטי","אחרונים","","1500","1945"
"שער המלך על משנה תורה, הלכות חובל ומזיק","יצחק בן משה נוניש בילמונטי","אחרונים","","1500","1945"
"שער המלך על משנה תורה, הלכות חמץ ומצה","יצחק בן משה נוניש בילמונטי","אחרונים","","1500","1945"
"שער המלך על משנה תורה, הלכות טומאת מת","יצחק בן משה נוניש בילמונטי","אחרונים","","1500","1945"
"שער המלך על משנה תורה, הלכות טומאת צרעת","יצחק בן משה נוניש בילמונטי","אחרונים","","1500","1945"
"שער המלך על משנה תורה, הלכות טוען ונטען","יצחק בן משה נוניש בילמונטי","אחרונים","","1500","1945"
"שער המלך על משנה תורה, הלכות יבום וחליצה","יצחק בן משה נוניש בילמונטי","אחרונים","","1500","1945"
"שער המלך על משנה תורה, הלכות יסודי התורה","יצחק בן משה נוניש בילמונטי","אחרונים","","1500","1945"
"שער המלך על משנה תורה, הלכות כלאים","יצחק בן משה נוניש בילמונטי","אחרונים","","1500","1945"
"שער המלך על משנה תורה, הלכות כלי המקדש והעובדין בו","יצחק בן משה נוניש בילמונטי","אחרונים","","1500","1945"
"שער המלך על משנה תורה, הלכות כלים","יצחק בן משה נוניש בילמונטי","אחרונים","","1500","1945"
"שער המלך על משנה תורה, הלכות מאכלות אסורות","יצחק בן משה נוניש בילמונטי","אחרונים","","1500","1945"
"שער המלך על משנה תורה, הלכות מגילה וחנוכה","יצחק בן משה נוניש בילמונטי","אחרונים","","1500","1945"
"שער המלך על משנה תורה, הלכות מטמאי משכב ומושב","יצחק בן משה נוניש בילמונטי","אחרונים","","1500","1945"
"שער המלך על משנה תורה, הלכות מילה","יצחק בן משה נוניש בילמונטי","אחרונים","","1500","1945"
"שער המלך על משנה תורה, הלכות מכירה","יצחק בן משה נוניש בילמונטי","אחרונים","","1500","1945"
"שער המלך על משנה תורה, הלכות מלווה ולווה","יצחק בן משה נוניש בילמונטי","אחרונים","","1500","1945"
"שער המלך על משנה תורה, הלכות מלכים ומלחמות","יצחק בן משה נוניש בילמונטי","אחרונים","","1500","1945"
"שער המלך על משנה תורה, הלכות ממרים","יצחק בן משה נוניש בילמונטי","אחרונים","","1500","1945"
"שער המלך על משנה תורה, הלכות מעילה","יצחק בן משה נוניש בילמונטי","אחרונים","","1500","1945"
"שער המלך על משנה תורה, הלכות מעשה הקרבנות","יצחק בן משה נוניש בילמונטי","אחרונים","","1500","1945"
"שער המלך על משנה תורה, הלכות מעשר שני ונטע רבעי","יצחק בן משה נוניש בילמונטי","אחרונים","","1500","1945"
"שער המלך על משנה תורה, הלכות מעשרות","יצחק בן משה נוניש בילמונטי","אחרונים","","1500","1945"
"שער המלך על משנה תורה, הלכות מקואות","יצחק בן משה נוניש בילמונטי","אחרונים","","1500","1945"
"שער המלך על משנה תורה, הלכות נדרים","יצחק בן משה נוניש בילמונטי","אחרונים","","1500","1945"
"שער המלך על משנה תורה, הלכות נחלות","יצחק בן משה נוניש בילמונטי","אחרונים","","1500","1945"
"שער המלך על משנה תורה, הלכות סוטה","יצחק בן משה נוניש בילמונטי","אחרונים","","1500","1945"
"שער המלך על משנה תורה, הלכות סנהדרין והעונשין המסורין להם","יצחק בן משה נוניש בילמונטי","אחרונים","","1500","1945"
"שער המלך על משנה תורה, הלכות עבדים","יצחק בן משה נוניש בילמונטי","אחרונים","","1500","1945"
"שער המלך על משנה תורה, הלכות עבודה זרה וחוקות הגויים","יצחק בן משה נוניש בילמונטי","אחרונים","","1500","1945"
"שער המלך על משנה תורה, הלכות עבודת יום הכפורים","יצחק בן משה נוניש בילמונטי","אחרונים","","1500","1945"
"שער המלך על משנה תורה, הלכות עדות","יצחק בן משה נוניש בילמונטי","אחרונים","","1500","1945"
"שער המלך על משנה תורה, הלכות עירובין","יצחק בן משה נוניש בילמונטי","אחרונים","","1500","1945"
"שער המלך על משנה תורה, הלכות ערכים וחרמין","יצחק בן משה נוניש בילמונטי","אחרונים","","1500","1945"
"שער המלך על משנה תורה, הלכות פסולי המוקדשין","יצחק בן משה נוניש בילמונטי","אחרונים","","1500","1945"
"שער המלך על משנה תורה, הלכות ציצית","יצחק בן משה נוניש בילמונטי","אחרונים","","1500","1945"
"שער המלך על משנה תורה, הלכות קידוש החודש","יצחק בן משה נוניש בילמונטי","אחרונים","","1500","1945"
"שער המלך על משנה תורה, הלכות קרבן פסח","יצחק בן משה נוניש בילמונטי","אחרונים","","1500","1945"
"שער המלך על משנה תורה, הלכות רוצח ושמירת נפש","יצחק בן משה נוניש בילמונטי","אחרונים","","1500","1945"
"שער המלך על משנה תורה, הלכות שבועות","יצחק בן משה נוניש בילמונטי","אחרונים","","1500","1945"
"שער המלך על משנה תורה, הלכות שביתת יום טוב","יצחק בן משה נוניש בילמונטי","אחרונים","","1500","1945"
"שער המלך על משנה תורה, הלכות שביתת עשור","יצחק בן משה נוניש בילמונטי","אחרונים","","1500","1945"
"שער המלך על משנה תורה, הלכות שבת","יצחק בן משה נוניש בילמונטי","אחרונים","","1500","1945"
"שער המלך על משנה תורה, הלכות שגגות","יצחק בן משה נוניש בילמונטי","אחרונים","","1500","1945"
"שער המלך על משנה תורה, הלכות שופר וסוכה ולולב","יצחק בן משה נוניש בילמונטי","אחרונים","","1500","1945"
"שער המלך על משנה תורה, הלכות שחיטה","יצחק בן משה נוניש בילמונטי","אחרונים","","1500","1945"
"שער המלך על משנה תורה, הלכות שכירות","יצחק בן משה נוניש בילמונטי","אחרונים","","1500","1945"
"שער המלך על משנה תורה, הלכות שלוחין ושותפין","יצחק בן משה נוניש בילמונטי","אחרונים","","1500","1945"
"שער המלך על משנה תורה, הלכות שמיטה ויובל","יצחק בן משה נוניש בילמונטי","אחרונים","","1500","1945"
"שער המלך על משנה תורה, הלכות שקלים","יצחק בן משה נוניש בילמונטי","אחרונים","","1500","1945"
"שער המלך על משנה תורה, הלכות תמורה","יצחק בן משה נוניש בילמונטי","אחרונים","","1500","1945"
"שער המלך על משנה תורה, הלכות תעניות","יצחק בן משה נוניש בילמונטי","אחרונים","","1500","1945"
"שער המלך על משנה תורה, הלכות תפילה וברכת כהנים","יצחק בן משה נוניש בילמונטי","אחרונים","","1500","1945"
"שער המלך על משנה תורה, הלכות תפילין ומזוזה וספר תורה","יצחק בן משה נוניש בילמונטי","אחרונים","","1500","1945"
"שער המלך על משנה תורה, הלכות תרומות","יצחק בן משה נוניש בילמונטי","אחרונים","","1500","1945"
"שער המצוות","חיים ויטאל","אחרונים","","1500","1945"
"שער הפסוקים","חיים ויטאל","אחרונים","","1500","1945"
"שער הציון","","אחרונים","","",""
"שער השמים","","ראשונים","","",""
"שער יאודה","","אחרונים","","",""
"שער מאמרי רז""ל","חיים ויטאל","אחרונים","","1500","1945"
"שער מאמרי רשב""י","חיים ויטאל","אחרונים","","1500","1945"
"שער רוח הקודש","חיים ויטאל","אחרונים","","1500","1945"
"שערי אורה","יוסף בן אברהם אבן ג'קטילה","ראשונים","","1038","1492"
"שערי אפרים","אפרים זלמן מרגליות","אחרונים","","1500","1945"
"שערי בנימין","","אחרונים","","",""
"שערי דעה","","אחרונים","","",""
"שערי היחוד ואמונה","אהרון הלוי הורוביץ","אחרונים","","1500","1945"
"שערי ישר חלק א - ב","","אחרונים","","",""
"שערי עבודה","אהרון הלוי הורוביץ","אחרונים","","1500","1945"
"שערי עזרה","","אחרונים","","",""
"שערי צדק","יוסף בן אברהם אבן ג'קטילה","ראשונים","","1038","1492"
"שערי קדושה","חיים ויטאל","אחרונים","","1500","1945"
"שערי שמים","","אחרונים","","",""
"שערי תורה חלק א","","אחרונים","","",""
"שערי תורת ארץ ישראל על תלמוד ירושלמי בבא בתרא","זאב וואלף רבינוביץ","אחרונים","","1500","1945"
"שערי תורת ארץ ישראל על תלמוד ירושלמי בבא מציעא","זאב וואלף רבינוביץ","אחרונים","","1500","1945"
"שערי תורת ארץ ישראל על תלמוד ירושלמי בבא קמא","זאב וואלף רבינוביץ","אחרונים","","1500","1945"
"שערי תורת ארץ ישראל על תלמוד ירושלמי ביצה","זאב וואלף רבינוביץ","אחרונים","","1500","1945"
"שערי תורת ארץ ישראל על תלמוד ירושלמי בכורים","זאב וואלף רבינוביץ","אחרונים","","1500","1945"
"שערי תורת ארץ ישראל על תלמוד ירושלמי ברכות","זאב וואלף רבינוביץ","אחרונים","","1500","1945"
"שערי תורת ארץ ישראל על תלמוד ירושלמי גיטין","זאב וואלף רבינוביץ","אחרונים","","1500","1945"
"שערי תורת ארץ ישראל על תלמוד ירושלמי דמאי","זאב וואלף רבינוביץ","אחרונים","","1500","1945"
"שערי תורת ארץ ישראל על תלמוד ירושלמי הוריות","זאב וואלף רבינוביץ","אחרונים","","1500","1945"
"שערי תורת ארץ ישראל על תלמוד ירושלמי חגיגה","זאב וואלף רבינוביץ","אחרונים","","1500","1945"
"שערי תורת ארץ ישראל על תלמוד ירושלמי חלה","זאב וואלף רבינוביץ","אחרונים","","1500","1945"
"שערי תורת ארץ ישראל על תלמוד ירושלמי יבמות","זאב וואלף רבינוביץ","אחרונים","","1500","1945"
"שערי תורת ארץ ישראל על תלמוד ירושלמי יומא","זאב וואלף רבינוביץ","אחרונים","","1500","1945"
"שערי תורת ארץ ישראל על תלמוד ירושלמי כלאים","זאב וואלף רבינוביץ","אחרונים","","1500","1945"
"שערי תורת ארץ ישראל על תלמוד ירושלמי כתובות","זאב וואלף רבינוביץ","אחרונים","","1500","1945"
"שערי תורת ארץ ישראל על תלמוד ירושלמי מגילה","זאב וואלף רבינוביץ","אחרונים","","1500","1945"
"שערי תורת ארץ ישראל על תלמוד ירושלמי מועד קטן","זאב וואלף רבינוביץ","אחרונים","","1500","1945"
"שערי תורת ארץ ישראל על תלמוד ירושלמי מכות","זאב וואלף רבינוביץ","אחרונים","","1500","1945"
"שערי תורת ארץ ישראל על תלמוד ירושלמי מעשר שני","זאב וואלף רבינוביץ","אחרונים","","1500","1945"
"שערי תורת ארץ ישראל על תלמוד ירושלמי מעשרות","זאב וואלף רבינוביץ","אחרונים","","1500","1945"
"שערי תורת ארץ ישראל על תלמוד ירושלמי נדה","זאב וואלף רבינוביץ","אחרונים","","1500","1945"
"שערי תורת ארץ ישראל על תלמוד ירושלמי נדרים","זאב וואלף רבינוביץ","אחרונים","","1500","1945"
"שערי תורת ארץ ישראל על תלמוד ירושלמי נזיר","זאב וואלף רבינוביץ","אחרונים","","1500","1945"
"שערי תורת ארץ ישראל על תלמוד ירושלמי סוטה","זאב וואלף רבינוביץ","אחרונים","","1500","1945"
"שערי תורת ארץ ישראל על תלמוד ירושלמי סוכה","זאב וואלף רבינוביץ","אחרונים","","1500","1945"
"שערי תורת ארץ ישראל על תלמוד ירושלמי סנהדרין","זאב וואלף רבינוביץ","אחרונים","","1500","1945"
"שערי תורת ארץ ישראל על תלמוד ירושלמי עבודה זרה","זאב וואלף רבינוביץ","אחרונים","","1500","1945"
"שערי תורת ארץ ישראל על תלמוד ירושלמי עירובין","זאב וואלף רבינוביץ","אחרונים","","1500","1945"
"שערי תורת ארץ ישראל על תלמוד ירושלמי ערלה","זאב וואלף רבינוביץ","אחרונים","","1500","1945"
"שערי תורת ארץ ישראל על תלמוד ירושלמי פאה","זאב וואלף רבינוביץ","אחרונים","","1500","1945"
"שערי תורת ארץ ישראל על תלמוד ירושלמי פסחים","זאב וואלף רבינוביץ","אחרונים","","1500","1945"
"שערי תורת ארץ ישראל על תלמוד ירושלמי קידושין","זאב וואלף רבינוביץ","אחרונים","","1500","1945"
"שערי תורת ארץ ישראל על תלמוד ירושלמי ראש השנה","זאב וואלף רבינוביץ","אחרונים","","1500","1945"
"שערי תורת ארץ ישראל על תלמוד ירושלמי שבועות","זאב וואלף רבינוביץ","אחרונים","","1500","1945"
"שערי תורת ארץ ישראל על תלמוד ירושלמי שביעית","זאב וואלף רבינוביץ","אחרונים","","1500","1945"
"שערי תורת ארץ ישראל על תלמוד ירושלמי שבת","זאב וואלף רבינוביץ","אחרונים","","1500","1945"
"שערי תורת ארץ ישראל על תלמוד ירושלמי שקלים","זאב וואלף רבינוביץ","אחרונים","","1500","1945"
"שערי תורת ארץ ישראל על תלמוד ירושלמי תענית","זאב וואלף רבינוביץ","אחרונים","","1500","1945"
"שערי תורת ארץ ישראל על תלמוד ירושלמי תרומות","זאב וואלף רבינוביץ","אחרונים","","1500","1945"
"שערי תורת בבל על אבות דרבי נתן","זאב וואלף רבינוביץ","אחרונים","","1500","1945"
"שערי תורת בבל על בבא בתרא","זאב וואלף רבינוביץ","אחרונים","","1500","1945"
"שערי תורת בבל על בבא מציעא","זאב וואלף רבינוביץ","אחרונים","","1500","1945"
"שערי תורת בבל על בבא קמא","זאב וואלף רבינוביץ","אחרונים","","1500","1945"
"שערי תורת בבל על ביצה","זאב וואלף רבינוביץ","אחרונים","","1500","1945"
"שערי תורת בבל על בכורות","זאב וואלף רבינוביץ","אחרונים","","1500","1945"
"שערי תורת בבל על ברכות","זאב וואלף רבינוביץ","אחרונים","","1500","1945"
"שערי תורת בבל על גיטין","זאב וואלף רבינוביץ","אחרונים","","1500","1945"
"שערי תורת בבל על הוריות","זאב וואלף רבינוביץ","אחרונים","","1500","1945"
"שערי תורת בבל על זבחים","זאב וואלף רבינוביץ","אחרונים","","1500","1945"
"שערי תורת בבל על חגיגה","זאב וואלף רבינוביץ","אחרונים","","1500","1945"
"שערי תורת בבל על חולין","זאב וואלף רבינוביץ","אחרונים","","1500","1945"
"שערי תורת בבל על יבמות","זאב וואלף רבינוביץ","אחרונים","","1500","1945"
"שערי תורת בבל על יומא","זאב וואלף רבינוביץ","אחרונים","","1500","1945"
"שערי תורת בבל על כריתות","זאב וואלף רבינוביץ","אחרונים","","1500","1945"
"שערי תורת בבל על כתובות","זאב וואלף רבינוביץ","אחרונים","","1500","1945"
"שערי תורת בבל על מגילה","זאב וואלף רבינוביץ","אחרונים","","1500","1945"
"שערי תורת בבל על מועד קטן","זאב וואלף רבינוביץ","אחרונים","","1500","1945"
"שערי תורת בבל על מכות","זאב וואלף רבינוביץ","אחרונים","","1500","1945"
"שערי תורת בבל על מנחות","זאב וואלף רבינוביץ","אחרונים","","1500","1945"
"שערי תורת בבל על מסכת גרים","זאב וואלף רבינוביץ","אחרונים","","1500","1945"
"שערי תורת בבל על מסכת דרך ארץ זוטא","זאב וואלף רבינוביץ","אחרונים","","1500","1945"
"שערי תורת בבל על מסכת דרך ארץ רבה","זאב וואלף רבינוביץ","אחרונים","","1500","1945"
"שערי תורת בבל על מסכת כותים","זאב וואלף רבינוביץ","אחרונים","","1500","1945"
"שערי תורת בבל על מסכת כלה","זאב וואלף רבינוביץ","אחרונים","","1500","1945"
"שערי תורת בבל על מסכת סופרים","זאב וואלף רבינוביץ","אחרונים","","1500","1945"
"שערי תורת בבל על מסכת עבדים","זאב וואלף רבינוביץ","אחרונים","","1500","1945"
"שערי תורת בבל על מסכת שמחות","זאב וואלף רבינוביץ","אחרונים","","1500","1945"
"שערי תורת בבל על מעילה","זאב וואלף רבינוביץ","אחרונים","","1500","1945"
"שערי תורת בבל על משנה אבות","זאב וואלף רבינוביץ","אחרונים","","1500","1945"
"שערי תורת בבל על משנה אהלות","זאב וואלף רבינוביץ","אחרונים","","1500","1945"
"שערי תורת בבל על משנה ביכורים","זאב וואלף רבינוביץ","אחרונים","","1500","1945"
"שערי תורת בבל על משנה דמאי","זאב וואלף רבינוביץ","אחרונים","","1500","1945"
"שערי תורת בבל על משנה זבים","זאב וואלף רבינוביץ","אחרונים","","1500","1945"
"שערי תורת בבל על משנה חלה","זאב וואלף רבינוביץ","אחרונים","","1500","1945"
"שערי תורת בבל על משנה טבול יום","זאב וואלף רבינוביץ","אחרונים","","1500","1945"
"שערי תורת בבל על משנה טהרות","זאב וואלף רבינוביץ","אחרונים","","1500","1945"
"שערי תורת בבל על משנה ידים","זאב וואלף רבינוביץ","אחרונים","","1500","1945"
"שערי תורת בבל על משנה כלאים","זאב וואלף רבינוביץ","אחרונים","","1500","1945"
"שערי תורת בבל על משנה כלים","זאב וואלף רבינוביץ","אחרונים","","1500","1945"
"שערי תורת בבל על משנה מדות","זאב וואלף רבינוביץ","אחרונים","","1500","1945"
"שערי תורת בבל על משנה מכשירין","זאב וואלף רבינוביץ","אחרונים","","1500","1945"
"שערי תורת בבל על משנה מעשר שני","זאב וואלף רבינוביץ","אחרונים","","1500","1945"
"שערי תורת בבל על משנה מעשרות","זאב וואלף רבינוביץ","אחרונים","","1500","1945"
"שערי תורת בבל על משנה מקואות","זאב וואלף רבינוביץ","אחרונים","","1500","1945"
"שערי תורת בבל על משנה נגעים","זאב וואלף רבינוביץ","אחרונים","","1500","1945"
"שערי תורת בבל על משנה עדיות","זאב וואלף רבינוביץ","אחרונים","","1500","1945"
"שערי תורת בבל על משנה עוקצים","זאב וואלף רבינוביץ","אחרונים","","1500","1945"
"שערי תורת בבל על משנה ערלה","זאב וואלף רבינוביץ","אחרונים","","1500","1945"
"שערי תורת בבל על משנה פאה","זאב וואלף רבינוביץ","אחרונים","","1500","1945"
"שערי תורת בבל על משנה פרה","זאב וואלף רבינוביץ","אחרונים","","1500","1945"
"שערי תורת בבל על משנה קינים","זאב וואלף רבינוביץ","אחרונים","","1500","1945"
"שערי תורת בבל על משנה שביעית","זאב וואלף רבינוביץ","אחרונים","","1500","1945"
"שערי תורת בבל על משנה תרומות","זאב וואלף רבינוביץ","אחרונים","","1500","1945"
"שערי תורת בבל על נדה","זאב וואלף רבינוביץ","אחרונים","","1500","1945"
"שערי תורת בבל על נדרים","זאב וואלף רבינוביץ","אחרונים","","1500","1945"
"שערי תורת בבל על נזיר","זאב וואלף רבינוביץ","אחרונים","","1500","1945"
"שערי תורת בבל על סוטה","זאב וואלף רבינוביץ","אחרונים","","1500","1945"
"שערי תורת בבל על סוכה","זאב וואלף רבינוביץ","אחרונים","","1500","1945"
"שערי תורת בבל על סנהדרין","זאב וואלף רבינוביץ","אחרונים","","1500","1945"
"שערי תורת בבל על עבודה זרה","זאב וואלף רבינוביץ","אחרונים","","1500","1945"
"שערי תורת בבל על עירובין","זאב וואלף רבינוביץ","אחרונים","","1500","1945"
"שערי תורת בבל על ערכין","זאב וואלף רבינוביץ","אחרונים","","1500","1945"
"שערי תורת בבל על פסחים","זאב וואלף רבינוביץ","אחרונים","","1500","1945"
"שערי תורת בבל על קידושין","זאב וואלף רבינוביץ","אחרונים","","1500","1945"
"שערי תורת בבל על ראש השנה","זאב וואלף רבינוביץ","אחרונים","","1500","1945"
"שערי תורת בבל על שבועות","זאב וואלף רבינוביץ","אחרונים","","1500","1945"
"שערי תורת בבל על שבת","זאב וואלף רבינוביץ","אחרונים","","1500","1945"
"שערי תורת בבל על תמורה","זאב וואלף רבינוביץ","אחרונים","","1500","1945"
"שערי תורת בבל על תמיד","זאב וואלף רבינוביץ","אחרונים","","1500","1945"
"שערי תורת בבל על תענית","זאב וואלף רבינוביץ","אחרונים","","1500","1945"
"שערי תשובה","רבינו יונה","ראשונים","","1038","1492"
"שערי תשובה על שולחן ערוך אורח חיים","חיים מרדכי מרגליות","אחרונים","","1500","1945"
"שפה אחת על הגדה של פסח","חיים דוד אזולאי","אחרונים","","1500","1945"
"שפה לנאמנים","","אחרונים","","",""
"שפת אמת","יהודה אריה ליב אלתר","אחרונים","","1500","1945"
"שפת אמת על בכורות","","אחרונים","","",""
"שפת אמת על ברכות","","אחרונים","","",""
"שפת אמת על זבחים","","אחרונים","","",""
"שפת אמת על כריתות","","אחרונים","","",""
"שפת אמת על מנחות","","אחרונים","","",""
"שפת אמת על מעילה","","אחרונים","","",""
"שפת אמת על עירובין","","אחרונים","","",""
"שפת אמת על ערכין","","אחרונים","","",""
"שפת אמת על פסחים","","אחרונים","","",""
"שפת אמת על שבת","","אחרונים","","",""
"שפת אמת על תמורה","","אחרונים","","",""
"שפת יתר","אבן עזרא","ראשונים","","1038","1492"
"שפתי דעת","","אחרונים","","",""
"שפתי חכמים","שבתי בס","אחרונים","","1500","1945"
"שפתי חכמים על שיר השירים","","אחרונים","","",""
"שפתי כהן על התורה","","אחרונים","","",""
"שפתי כהן על שולחן ערוך חושן משפט","שבתי בן מאיר הכהן","אחרונים","","1500","1945"
"שפתי כהן על שולחן ערוך יורה דעה","שבתי בן מאיר הכהן","אחרונים","","1500","1945"
"שקל הקדש","יוסף קמחי","ראשונים","","1038","1492"
"שקל הקדש על ירושלמי שקלים","","אחרונים","","",""
"שקל הקודש","","אחרונים","","",""
"שרח - ליקוטים מפי רסג","ר' סעדיה גאון","ראשונים","","",""
"תבואות השדה חלק א","","אחרונים","","",""
"תבואות השדה חלק ב","","אחרונים","","",""
"תבואות שמש","","אחרונים","","",""
"תבואת יקב","","אחרונים","","",""
"תבונה","","אחרונים","","",""
"תהילים","","תורה שבכתב","","",""
"תולדות יעקב יוסף","יעקב יוסף מפולנאה","אחרונים","","1500","1945"
"תולדות יצחק על התורה","יצחק בן יוסף קארו","אחרונים","","1500","1945"
"תולעת יעקב","","אחרונים","","",""
"תומר דבורה","משה קורדובירו","אחרונים","","1500","1945"
"תומת ישרים על אבות דרבי נתן","בנימין בן אברהם מוטל","אחרונים","","1500","1945"
"תוספות הרא""ש על ברכות","רא""ש","ראשונים","","1038","1492"
"תוספות הרא""ש על מסכת הוריות","רא""ש","ראשונים","","1038","1492"
"תוספות הרא""ש על מסכת נדה","רא""ש","ראשונים","","1038","1492"
"תוספות הרא""ש על קידושין","רא""ש","ראשונים","","1038","1492"
"תוספות הרי""ד על תלמוד ירושלמי בבא בתרא","","אחרונים","","",""
"תוספות הרי""ד על תלמוד ירושלמי בבא מציעא","","אחרונים","","",""
"תוספות הרי""ד על תלמוד ירושלמי בבא קמא","","אחרונים","","",""
"תוספות הרי""ד על תלמוד ירושלמי ביצה","","אחרונים","","",""
"תוספות הרי""ד על תלמוד ירושלמי בכורים","","אחרונים","","",""
"תוספות הרי""ד על תלמוד ירושלמי ברכות","","אחרונים","","",""
"תוספות הרי""ד על תלמוד ירושלמי גיטין","","אחרונים","","",""
"תוספות הרי""ד על תלמוד ירושלמי דמאי","","אחרונים","","",""
"תוספות הרי""ד על תלמוד ירושלמי הוריות","","אחרונים","","",""
"תוספות הרי""ד על תלמוד ירושלמי חגיגה","","אחרונים","","",""
"תוספות הרי""ד על תלמוד ירושלמי חלה","","אחרונים","","",""
"תוספות הרי""ד על תלמוד ירושלמי יבמות","","אחרונים","","",""
"תוספות הרי""ד על תלמוד ירושלמי יומא","","אחרונים","","",""
"תוספות הרי""ד על תלמוד ירושלמי כלאים","","אחרונים","","",""
"תוספות הרי""ד על תלמוד ירושלמי כתובות","","אחרונים","","",""
"תוספות הרי""ד על תלמוד ירושלמי מגילה","","אחרונים","","",""
"תוספות הרי""ד על תלמוד ירושלמי מועד קטן","","אחרונים","","",""
"תוספות הרי""ד על תלמוד ירושלמי מכות","","אחרונים","","",""
"תוספות הרי""ד על תלמוד ירושלמי מעשר שני","","אחרונים","","",""
"תוספות הרי""ד על תלמוד ירושלמי מעשרות","","אחרונים","","",""
"תוספות הרי""ד על תלמוד ירושלמי נדרים","","אחרונים","","",""
"תוספות הרי""ד על תלמוד ירושלמי נזיר","","אחרונים","","",""
"תוספות הרי""ד על תלמוד ירושלמי סוטה","","אחרונים","","",""
"תוספות הרי""ד על תלמוד ירושלמי סוכה","","אחרונים","","",""
"תוספות הרי""ד על תלמוד ירושלמי סנהדרין","","אחרונים","","",""
"תוספות הרי""ד על תלמוד ירושלמי עבודה זרה","","אחרונים","","",""
"תוספות הרי""ד על תלמוד ירושלמי פאה","","אחרונים","","",""
"תוספות הרי""ד על תלמוד ירושלמי פסחים","","אחרונים","","",""
"תוספות הרי""ד על תלמוד ירושלמי קידושין","","אחרונים","","",""
"תוספות הרי""ד על תלמוד ירושלמי ראש השנה","","אחרונים","","",""
"תוספות הרי""ד על תלמוד ירושלמי שביעית","","אחרונים","","",""
"תוספות הרי""ד על תלמוד ירושלמי שבת","","אחרונים","","",""
"תוספות הרי""ד על תלמוד ירושלמי שקלים","","אחרונים","","",""
"תוספות הרי""ד על תלמוד ירושלמי תרומות","","אחרונים","","",""
"תוספות חד מקמאי על יבמות","","ראשונים","","",""
"תוספות יום טוב על משנה אבות","יום-טוב ליפמן הלר","אחרונים","","1500","1945"
"תוספות יום טוב על משנה אהלות","יום-טוב ליפמן הלר","אחרונים","","1500","1945"
"תוספות יום טוב על משנה בבא בתרא","יום-טוב ליפמן הלר","אחרונים","","1500","1945"
"תוספות יום טוב על משנה בבא מציעא","יום-טוב ליפמן הלר","אחרונים","","1500","1945"
"תוספות יום טוב על משנה בבא קמא","יום-טוב ליפמן הלר","אחרונים","","1500","1945"
"תוספות יום טוב על משנה ביכורים","יום-טוב ליפמן הלר","אחרונים","","1500","1945"
"תוספות יום טוב על משנה ביצה","יום-טוב ליפמן הלר","אחרונים","","1500","1945"
"תוספות יום טוב על משנה בכורות","יום-טוב ליפמן הלר","אחרונים","","1500","1945"
"תוספות יום טוב על משנה ברכות","יום-טוב ליפמן הלר","אחרונים","","1500","1945"
"תוספות יום טוב על משנה גיטין","יום-טוב ליפמן הלר","אחרונים","","1500","1945"
"תוספות יום טוב על משנה דמאי","יום-טוב ליפמן הלר","אחרונים","","1500","1945"
"תוספות יום טוב על משנה הוריות","יום-טוב ליפמן הלר","אחרונים","","1500","1945"
"תוספות יום טוב על משנה זבחים","יום-טוב ליפמן הלר","אחרונים","","1500","1945"
"תוספות יום טוב על משנה זבים","יום-טוב ליפמן הלר","אחרונים","","1500","1945"
"תוספות יום טוב על משנה חגיגה","יום-טוב ליפמן הלר","אחרונים","","1500","1945"
"תוספות יום טוב על משנה חולין","יום-טוב ליפמן הלר","אחרונים","","1500","1945"
"תוספות יום טוב על משנה חלה","יום-טוב ליפמן הלר","אחרונים","","1500","1945"
"תוספות יום טוב על משנה טבול יום","יום-טוב ליפמן הלר","אחרונים","","1500","1945"
"תוספות יום טוב על משנה טהרות","יום-טוב ליפמן הלר","אחרונים","","1500","1945"
"תוספות יום טוב על משנה יבמות","יום-טוב ליפמן הלר","אחרונים","","1500","1945"
"תוספות יום טוב על משנה ידים","יום-טוב ליפמן הלר","אחרונים","","1500","1945"
"תוספות יום טוב על משנה יומא","יום-טוב ליפמן הלר","אחרונים","","1500","1945"
"תוספות יום טוב על משנה כלאים","יום-טוב ליפמן הלר","אחרונים","","1500","1945"
"תוספות יום טוב על משנה כלים","יום-טוב ליפמן הלר","אחרונים","","1500","1945"
"תוספות יום טוב על משנה כריתות","יום-טוב ליפמן הלר","אחרונים","","1500","1945"
"תוספות יום טוב על משנה כתובות","יום-טוב ליפמן הלר","אחרונים","","1500","1945"
"תוספות יום טוב על משנה מגילה","יום-טוב ליפמן הלר","אחרונים","","1500","1945"
"תוספות יום טוב על משנה מדות","יום-טוב ליפמן הלר","אחרונים","","1500","1945"
"תוספות יום טוב על משנה מועד קטן","יום-טוב ליפמן הלר","אחרונים","","1500","1945"
"תוספות יום טוב על משנה מכות","יום-טוב ליפמן הלר","אחרונים","","1500","1945"
"תוספות יום טוב על משנה מכשירין","יום-טוב ליפמן הלר","אחרונים","","1500","1945"
"תוספות יום טוב על משנה מנחות","יום-טוב ליפמן הלר","אחרונים","","1500","1945"
"תוספות יום טוב על משנה מעילה","יום-טוב ליפמן הלר","אחרונים","","1500","1945"
"תוספות יום טוב על משנה מעשר שני","יום-טוב ליפמן הלר","אחרונים","","1500","1945"
"תוספות יום טוב על משנה מעשרות","יום-טוב ליפמן הלר","אחרונים","","1500","1945"
"תוספות יום טוב על משנה מקואות","יום-טוב ליפמן הלר","אחרונים","","1500","1945"
"תוספות יום טוב על משנה נגעים","יום-טוב ליפמן הלר","אחרונים","","1500","1945"
"תוספות יום טוב על משנה נדה","יום-טוב ליפמן הלר","אחרונים","","1500","1945"
"תוספות יום טוב על משנה נדרים","יום-טוב ליפמן הלר","אחרונים","","1500","1945"
"תוספות יום טוב על משנה נזיר","יום-טוב ליפמן הלר","אחרונים","","1500","1945"
"תוספות יום טוב על משנה סוטה","יום-טוב ליפמן הלר","אחרונים","","1500","1945"
"תוספות יום טוב על משנה סוכה","יום-טוב ליפמן הלר","אחרונים","","1500","1945"
"תוספות יום טוב על משנה סנהדרין","יום-טוב ליפמן הלר","אחרונים","","1500","1945"
"תוספות יום טוב על משנה עבודה זרה","יום-טוב ליפמן הלר","אחרונים","","1500","1945"
"תוספות יום טוב על משנה עדיות","יום-טוב ליפמן הלר","אחרונים","","1500","1945"
"תוספות יום טוב על משנה עוקצים","יום-טוב ליפמן הלר","אחרונים","","1500","1945"
"תוספות יום טוב על משנה עירובין","יום-טוב ליפמן הלר","אחרונים","","1500","1945"
"תוספות יום טוב על משנה ערכין","יום-טוב ליפמן הלר","אחרונים","","1500","1945"
"תוספות יום טוב על משנה ערלה","יום-טוב ליפמן הלר","אחרונים","","1500","1945"
"תוספות יום טוב על משנה פאה","יום-טוב ליפמן הלר","אחרונים","","1500","1945"
"תוספות יום טוב על משנה פסחים","יום-טוב ליפמן הלר","אחרונים","","1500","1945"
"תוספות יום טוב על משנה פרה","יום-טוב ליפמן הלר","אחרונים","","1500","1945"
"תוספות יום טוב על משנה קידושין","יום-טוב ליפמן הלר","אחרונים","","1500","1945"
"תוספות יום טוב על משנה קינים","יום-טוב ליפמן הלר","אחרונים","","1500","1945"
"תוספות יום טוב על משנה ראש השנה","יום-טוב ליפמן הלר","אחרונים","","1500","1945"
"תוספות יום טוב על משנה שבועות","יום-טוב ליפמן הלר","אחרונים","","1500","1945"
"תוספות יום טוב על משנה שביעית","יום-טוב ליפמן הלר","אחרונים","","1500","1945"
"תוספות יום טוב על משנה שבת","יום-טוב ליפמן הלר","אחרונים","","1500","1945"
"תוספות יום טוב על משנה שקלים","יום-טוב ליפמן הלר","אחרונים","","1500","1945"
"תוספות יום טוב על משנה תמורה","יום-טוב ליפמן הלר","אחרונים","","1500","1945"
"תוספות יום טוב על משנה תמיד","יום-טוב ליפמן הלר","אחרונים","","1500","1945"
"תוספות יום טוב על משנה תענית","יום-טוב ליפמן הלר","אחרונים","","1500","1945"
"תוספות יום טוב על משנה תרומות","יום-טוב ליפמן הלר","אחרונים","","1500","1945"
"תוספות ישנים  על כריתות","תוספות","ראשונים","","1038","1492"
"תוספות ישנים על יבמות","","ראשונים","","",""
"תוספות ישנים על יומא","תוספות","ראשונים","","1038","1492"
"תוספות על בבא בתרא","תוספות","ראשונים","","1038","1492"
"תוספות על בבא מציעא","תוספות","ראשונים","","1038","1492"
"תוספות על בבא קמא","תוספות","ראשונים","","1038","1492"
"תוספות על ביצה","תוספות","ראשונים","","1038","1492"
"תוספות על בכורות","תוספות","ראשונים","","1038","1492"
"תוספות על ברכות","תוספות","ראשונים","","1038","1492"
"תוספות על גיטין","תוספות","ראשונים","","1038","1492"
"תוספות על הוריות","תוספות","ראשונים","","1038","1492"
"תוספות על זבחים","תוספות","ראשונים","","1038","1492"
"תוספות על חגיגה","תוספות","ראשונים","","1038","1492"
"תוספות על חולין","תוספות","ראשונים","","1038","1492"
"תוספות על יבמות","תוספות","ראשונים","","1038","1492"
"תוספות על יומא","תוספות","ראשונים","","1038","1492"
"תוספות על כריתות","תוספות","ראשונים","","1038","1492"
"תוספות על כתובות","תוספות","ראשונים","","1038","1492"
"תוספות על מגילה","תוספות","ראשונים","","1038","1492"
"תוספות על מועד קטן","תוספות","ראשונים","","1038","1492"
"תוספות על מכות","תוספות","ראשונים","","1038","1492"
"תוספות על מנחות","תוספות","ראשונים","","1038","1492"
"תוספות על מעילה","תוספות","ראשונים","","1038","1492"
"תוספות על נדה","תוספות","ראשונים","","1038","1492"
"תוספות על נדרים","תוספות","ראשונים","","1038","1492"
"תוספות על נזיר","תוספות","ראשונים","","1038","1492"
"תוספות על סוטה","תוספות","ראשונים","","1038","1492"
"תוספות על סוכה","תוספות","ראשונים","","1038","1492"
"תוספות על סנהדרין","תוספות","ראשונים","","1038","1492"
"תוספות על עבודה זרה","תוספות","ראשונים","","1038","1492"
"תוספות על עירובין","תוספות","ראשונים","","1038","1492"
"תוספות על ערכין","תוספות","ראשונים","","1038","1492"
"תוספות על פסחים","תוספות","ראשונים","","1038","1492"
"תוספות על קידושין","תוספות","ראשונים","","1038","1492"
"תוספות על ראש השנה","תוספות","ראשונים","","1038","1492"
"תוספות על שבועות","תוספות","ראשונים","","1038","1492"
"תוספות על שבת","תוספות","ראשונים","","1038","1492"
"תוספות על תמורה","תוספות","ראשונים","","1038","1492"
"תוספות על תענית","תוספות","ראשונים","","1038","1492"
"תוספות ר""י הזקן על קידושין","","ראשונים","","",""
"תוספות רבי עקיבא איגר על משנה אבות","עֲקִיבָא  אֵיגֶר","אחרונים","","1500","1945"
"תוספות רבי עקיבא איגר על משנה אהלות","עֲקִיבָא  אֵיגֶר","אחרונים","","1500","1945"
"תוספות רבי עקיבא איגר על משנה בבא בתרא","עֲקִיבָא  אֵיגֶר","אחרונים","","1500","1945"
"תוספות רבי עקיבא איגר על משנה בבא מציעא","עֲקִיבָא  אֵיגֶר","אחרונים","","1500","1945"
"תוספות רבי עקיבא איגר על משנה בבא קמא","עֲקִיבָא  אֵיגֶר","אחרונים","","1500","1945"
"תוספות רבי עקיבא איגר על משנה ביכורים","עֲקִיבָא  אֵיגֶר","אחרונים","","1500","1945"
"תוספות רבי עקיבא איגר על משנה ביצה","עֲקִיבָא  אֵיגֶר","אחרונים","","1500","1945"
"תוספות רבי עקיבא איגר על משנה בכורות","עֲקִיבָא  אֵיגֶר","אחרונים","","1500","1945"
"תוספות רבי עקיבא איגר על משנה ברכות","עֲקִיבָא  אֵיגֶר","אחרונים","","1500","1945"
"תוספות רבי עקיבא איגר על משנה גיטין","עֲקִיבָא  אֵיגֶר","אחרונים","","1500","1945"
"תוספות רבי עקיבא איגר על משנה דמאי","עֲקִיבָא  אֵיגֶר","אחרונים","","1500","1945"
"תוספות רבי עקיבא איגר על משנה הוריות","עֲקִיבָא  אֵיגֶר","אחרונים","","1500","1945"
"תוספות רבי עקיבא איגר על משנה זבחים","עֲקִיבָא  אֵיגֶר","אחרונים","","1500","1945"
"תוספות רבי עקיבא איגר על משנה זבים","עֲקִיבָא  אֵיגֶר","אחרונים","","1500","1945"
"תוספות רבי עקיבא איגר על משנה חגיגה","עֲקִיבָא  אֵיגֶר","אחרונים","","1500","1945"
"תוספות רבי עקיבא איגר על משנה חולין","עֲקִיבָא  אֵיגֶר","אחרונים","","1500","1945"
"תוספות רבי עקיבא איגר על משנה חלה","עֲקִיבָא  אֵיגֶר","אחרונים","","1500","1945"
"תוספות רבי עקיבא איגר על משנה טבול יום","עֲקִיבָא  אֵיגֶר","אחרונים","","1500","1945"
"תוספות רבי עקיבא איגר על משנה טהרות","עֲקִיבָא  אֵיגֶר","אחרונים","","1500","1945"
"תוספות רבי עקיבא איגר על משנה יבמות","עֲקִיבָא  אֵיגֶר","אחרונים","","1500","1945"
"תוספות רבי עקיבא איגר על משנה יומא","עֲקִיבָא  אֵיגֶר","אחרונים","","1500","1945"
"תוספות רבי עקיבא איגר על משנה כלאים","עֲקִיבָא  אֵיגֶר","אחרונים","","1500","1945"
"תוספות רבי עקיבא איגר על משנה כלים","עֲקִיבָא  אֵיגֶר","אחרונים","","1500","1945"
"תוספות רבי עקיבא איגר על משנה כריתות","עֲקִיבָא  אֵיגֶר","אחרונים","","1500","1945"
"תוספות רבי עקיבא איגר על משנה כתובות","עֲקִיבָא  אֵיגֶר","אחרונים","","1500","1945"
"תוספות רבי עקיבא איגר על משנה מגילה","עֲקִיבָא  אֵיגֶר","אחרונים","","1500","1945"
"תוספות רבי עקיבא איגר על משנה מדות","עֲקִיבָא  אֵיגֶר","אחרונים","","1500","1945"
"תוספות רבי עקיבא איגר על משנה מועד קטן","עֲקִיבָא  אֵיגֶר","אחרונים","","1500","1945"
"תוספות רבי עקיבא איגר על משנה מכות","עֲקִיבָא  אֵיגֶר","אחרונים","","1500","1945"
"תוספות רבי עקיבא איגר על משנה מכשירין","עֲקִיבָא  אֵיגֶר","אחרונים","","1500","1945"
"תוספות רבי עקיבא איגר על משנה מנחות","עֲקִיבָא  אֵיגֶר","אחרונים","","1500","1945"
"תוספות רבי עקיבא איגר על משנה מעילה","עֲקִיבָא  אֵיגֶר","אחרונים","","1500","1945"
"תוספות רבי עקיבא איגר על משנה מעשר שני","עֲקִיבָא  אֵיגֶר","אחרונים","","1500","1945"
"תוספות רבי עקיבא איגר על משנה מעשרות","עֲקִיבָא  אֵיגֶר","אחרונים","","1500","1945"
"תוספות רבי עקיבא איגר על משנה מקואות","עֲקִיבָא  אֵיגֶר","אחרונים","","1500","1945"
"תוספות רבי עקיבא איגר על משנה נגעים","עֲקִיבָא  אֵיגֶר","אחרונים","","1500","1945"
"תוספות רבי עקיבא איגר על משנה נדה","עֲקִיבָא  אֵיגֶר","אחרונים","","1500","1945"
"תוספות רבי עקיבא איגר על משנה נדרים","עֲקִיבָא  אֵיגֶר","אחרונים","","1500","1945"
"תוספות רבי עקיבא איגר על משנה נזיר","עֲקִיבָא  אֵיגֶר","אחרונים","","1500","1945"
"תוספות רבי עקיבא איגר על משנה סוטה","עֲקִיבָא  אֵיגֶר","אחרונים","","1500","1945"
"תוספות רבי עקיבא איגר על משנה סוכה","עֲקִיבָא  אֵיגֶר","אחרונים","","1500","1945"
"תוספות רבי עקיבא איגר על משנה סנהדרין","עֲקִיבָא  אֵיגֶר","אחרונים","","1500","1945"
"תוספות רבי עקיבא איגר על משנה עבודה זרה","עֲקִיבָא  אֵיגֶר","אחרונים","","1500","1945"
"תוספות רבי עקיבא איגר על משנה עדיות","עֲקִיבָא  אֵיגֶר","אחרונים","","1500","1945"
"תוספות רבי עקיבא איגר על משנה עוקצים","עֲקִיבָא  אֵיגֶר","אחרונים","","1500","1945"
"תוספות רבי עקיבא איגר על משנה עירובין","עֲקִיבָא  אֵיגֶר","אחרונים","","1500","1945"
"תוספות רבי עקיבא איגר על משנה ערכין","עֲקִיבָא  אֵיגֶר","אחרונים","","1500","1945"
"תוספות רבי עקיבא איגר על משנה ערלה","עֲקִיבָא  אֵיגֶר","אחרונים","","1500","1945"
"תוספות רבי עקיבא איגר על משנה פאה","עֲקִיבָא  אֵיגֶר","אחרונים","","1500","1945"
"תוספות רבי עקיבא איגר על משנה פסחים","עֲקִיבָא  אֵיגֶר","אחרונים","","1500","1945"
"תוספות רבי עקיבא איגר על משנה פרה","עֲקִיבָא  אֵיגֶר","אחרונים","","1500","1945"
"תוספות רבי עקיבא איגר על משנה קידושין","עֲקִיבָא  אֵיגֶר","אחרונים","","1500","1945"
"תוספות רבי עקיבא איגר על משנה ראש השנה","עֲקִיבָא  אֵיגֶר","אחרונים","","1500","1945"
"תוספות רבי עקיבא איגר על משנה שבועות","עֲקִיבָא  אֵיגֶר","אחרונים","","1500","1945"
"תוספות רבי עקיבא איגר על משנה שביעית","עֲקִיבָא  אֵיגֶר","אחרונים","","1500","1945"
"תוספות רבי עקיבא איגר על משנה שבת","עֲקִיבָא  אֵיגֶר","אחרונים","","1500","1945"
"תוספות רבי עקיבא איגר על משנה שקלים","עֲקִיבָא  אֵיגֶר","אחרונים","","1500","1945"
"תוספות רבי עקיבא איגר על משנה תמורה","עֲקִיבָא  אֵיגֶר","אחרונים","","1500","1945"
"תוספות רבי עקיבא איגר על משנה תמיד","עֲקִיבָא  אֵיגֶר","אחרונים","","1500","1945"
"תוספות רבי עקיבא איגר על משנה תענית","עֲקִיבָא  אֵיגֶר","אחרונים","","1500","1945"
"תוספות רבי עקיבא איגר על משנה תרומות","עֲקִיבָא  אֵיגֶר","אחרונים","","1500","1945"
"תוספות רבינו יהודה החסיד על ברכות","","ראשונים","","",""
"תוספות רי""ד על בבא בתרא","ישעיה דטראני","ראשונים","","1038","1492"
"תוספות רי""ד על בבא מציעא","ישעיה דטראני","ראשונים","","1038","1492"
"תוספות רי""ד על בבא קמא","ישעיה דטראני","ראשונים","","1038","1492"
"תוספות רי""ד על ביצה","ישעיה דטראני","ראשונים","","1038","1492"
"תוספות רי""ד על גיטין","ישעיה דטראני","ראשונים","","1038","1492"
"תוספות רי""ד על חגיגה","ישעיה דטראני","ראשונים","","1038","1492"
"תוספות רי""ד על יבמות","ישעיה דטראני","ראשונים","","1038","1492"
"תוספות רי""ד על יומא","ישעיה דטראני","ראשונים","","1038","1492"
"תוספות רי""ד על כתובות","ישעיה דטראני","ראשונים","","1038","1492"
"תוספות רי""ד על מגילה מהדורא קמא","ישעיה דטראני","ראשונים","","1038","1492"
"תוספות רי""ד על מגילה מהדורא תנינא","ישעיה דטראני","ראשונים","","1038","1492"
"תוספות רי""ד על מועד קטן","ישעיה דטראני","ראשונים","","1038","1492"
"תוספות רי""ד על נדה","ישעיה דטראני","ראשונים","","1038","1492"
"תוספות רי""ד על נדרים","ישעיה דטראני","ראשונים","","1038","1492"
"תוספות רי""ד על נזיר","ישעיה דטראני","ראשונים","","1038","1492"
"תוספות רי""ד על סוכה","ישעיה דטראני","ראשונים","","1038","1492"
"תוספות רי""ד על עבודה זרה מהדורא קמא","ישעיה דטראני","ראשונים","","1038","1492"
"תוספות רי""ד על עבודה זרה מהדורא תליתאה","ישעיה דטראני","ראשונים","","1038","1492"
"תוספות רי""ד על עבודה זרה מהדורא תנינא","ישעיה דטראני","ראשונים","","1038","1492"
"תוספות רי""ד על עירובין מהדורא תנינא","ישעיה דטראני","ראשונים","","1038","1492"
"תוספות רי""ד על פסחים","ישעיה דטראני","ראשונים","","1038","1492"
"תוספות רי""ד על קידושין","ישעיה דטראני","ראשונים","","1038","1492"
"תוספות רי""ד על ראש השנה","ישעיה דטראני","ראשונים","","1038","1492"
"תוספות רי""ד על שבת","ישעיה דטראני","ראשונים","","1038","1492"
"תוספות רי""ד על תענית","ישעיה דטראני","ראשונים","","1038","1492"
"תוספות רי״ד על עירובין מהדורא תליתאה רביעאה","","ראשונים","","",""
"תוספות שאנץ על סוטה","שמשון בן אברהם משאנץ","ראשונים","","1038","1492"
"תוספות שאנץ על פסחים","","ראשונים","","",""
"תוספת יום הכיפורים","","אחרונים","","",""
"תוספתא אהלות","","חז""ל","","",""
"תוספתא בבא בתרא","","חז""ל","","",""
"תוספתא בבא בתרא (ליברמן)","","חז""ל","","",""
"תוספתא בבא מציעא","","חז""ל","","",""
"תוספתא בבא מציעא (ליברמן)","","חז""ל","","",""
"תוספתא בבא קמא","","חז""ל","","",""
"תוספתא בבא קמא (ליברמן)","","חז""ל","","",""
"תוספתא ביכורים","","חז""ל","","",""
"תוספתא ביכורים (ליברמן)","","חז""ל","","",""
"תוספתא ביצה","","חז""ל","","",""
"תוספתא ביצה (ליברמן)","","חז""ל","","",""
"תוספתא בכורות","","חז""ל","","",""
"תוספתא ברכות","","חז""ל","","",""
"תוספתא ברכות (ליברמן)","","חז""ל","","",""
"תוספתא גיטין","","חז""ל","","",""
"תוספתא גיטין (ליברמן)","","חז""ל","","",""
"תוספתא דמאי","","חז""ל","","",""
"תוספתא דמאי (ליברמן)","","חז""ל","","",""
"תוספתא הוריות","","חז""ל","","",""
"תוספתא זבחים","","חז""ל","","",""
"תוספתא זבים","","חז""ל","","",""
"תוספתא חגיגה","","חז""ל","","",""
"תוספתא חגיגה (ליברמן)","","חז""ל","","",""
"תוספתא חולין","","חז""ל","","",""
"תוספתא חלה","","חז""ל","","",""
"תוספתא חלה (ליברמן)","","חז""ל","","",""
"תוספתא טבול יום","","חז""ל","","",""
"תוספתא טהרות","","חז""ל","","",""
"תוספתא יבמות","","חז""ל","","",""
"תוספתא יבמות (ליברמן)","","חז""ל","","",""
"תוספתא ידים","","חז""ל","","",""
"תוספתא יומא","","חז""ל","","",""
"תוספתא יומא (ליברמן)","","חז""ל","","",""
"תוספתא כלאים","","חז""ל","","",""
"תוספתא כלאים (ליברמן)","","חז""ל","","",""
"תוספתא כלים בתרא","","חז""ל","","",""
"תוספתא כלים מציעא","","חז""ל","","",""
"תוספתא כלים קמא","","חז""ל","","",""
"תוספתא כפשוטה על בבא בתרא","שאול ליברמן","אחרונים","","1500","1945"
"תוספתא כפשוטה על בבא מציעא","שאול ליברמן","אחרונים","","1500","1945"
"תוספתא כפשוטה על בבא קמא","שאול ליברמן","אחרונים","","1500","1945"
"תוספתא כפשוטה על ביכורים","שאול ליברמן","אחרונים","","1500","1945"
"תוספתא כפשוטה על ביצה","שאול ליברמן","אחרונים","","1500","1945"
"תוספתא כפשוטה על ברכות","שאול ליברמן","אחרונים","","1500","1945"
"תוספתא כפשוטה על גיטין","שאול ליברמן","אחרונים","","1500","1945"
"תוספתא כפשוטה על דמאי","שאול ליברמן","אחרונים","","1500","1945"
"תוספתא כפשוטה על חגיגה","שאול ליברמן","אחרונים","","1500","1945"
"תוספתא כפשוטה על חלה","שאול ליברמן","אחרונים","","1500","1945"
"תוספתא כפשוטה על יבמות","שאול ליברמן","אחרונים","","1500","1945"
"תוספתא כפשוטה על יומא","שאול ליברמן","אחרונים","","1500","1945"
"תוספתא כפשוטה על כלאים","שאול ליברמן","אחרונים","","1500","1945"
"תוספתא כפשוטה על כתובות","שאול ליברמן","אחרונים","","1500","1945"
"תוספתא כפשוטה על מגילה","שאול ליברמן","אחרונים","","1500","1945"
"תוספתא כפשוטה על מועד קטן","שאול ליברמן","אחרונים","","1500","1945"
"תוספתא כפשוטה על מעשר שני","שאול ליברמן","אחרונים","","1500","1945"
"תוספתא כפשוטה על מעשרות","שאול ליברמן","אחרונים","","1500","1945"
"תוספתא כפשוטה על נדרים","שאול ליברמן","אחרונים","","1500","1945"
"תוספתא כפשוטה על נזיר","שאול ליברמן","אחרונים","","1500","1945"
"תוספתא כפשוטה על סוטה","שאול ליברמן","אחרונים","","1500","1945"
"תוספתא כפשוטה על סוכה","שאול ליברמן","אחרונים","","1500","1945"
"תוספתא כפשוטה על עירובין","שאול ליברמן","אחרונים","","1500","1945"
"תוספתא כפשוטה על ערלה","שאול ליברמן","אחרונים","","1500","1945"
"תוספתא כפשוטה על פאה","שאול ליברמן","אחרונים","","1500","1945"
"תוספתא כפשוטה על פסחים","שאול ליברמן","אחרונים","","1500","1945"
"תוספתא כפשוטה על קידושין","שאול ליברמן","אחרונים","","1500","1945"
"תוספתא כפשוטה על ראש השנה","שאול ליברמן","אחרונים","","1500","1945"
"תוספתא כפשוטה על שביעית","שאול ליברמן","אחרונים","","1500","1945"
"תוספתא כפשוטה על שבת","שאול ליברמן","אחרונים","","1500","1945"
"תוספתא כפשוטה על שקלים","שאול ליברמן","אחרונים","","1500","1945"
"תוספתא כפשוטה על תענית","שאול ליברמן","אחרונים","","1500","1945"
"תוספתא כפשוטה על תרומות","שאול ליברמן","אחרונים","","1500","1945"
"תוספתא כריתות","","חז""ל","","",""
"תוספתא כתובות","","חז""ל","","",""
"תוספתא כתובות (ליברמן)","","חז""ל","","",""
"תוספתא מגילה","","חז""ל","","",""
"תוספתא מגילה (ליברמן)","","חז""ל","","",""
"תוספתא מועד קטן","","חז""ל","","",""
"תוספתא מועד קטן (ליברמן)","","חז""ל","","",""
"תוספתא מכות","","חז""ל","","",""
"תוספתא מכשירין","","חז""ל","","",""
"תוספתא מנחות","","חז""ל","","",""
"תוספתא מעילה","","חז""ל","","",""
"תוספתא מעשר שני","","חז""ל","","",""
"תוספתא מעשר שני (ליברמן)","","חז""ל","","",""
"תוספתא מעשרות","","חז""ל","","",""
"תוספתא מעשרות (ליברמן)","","חז""ל","","",""
"תוספתא מקוואות","","חז""ל","","",""
"תוספתא נגעים","","חז""ל","","",""
"תוספתא נדה","","חז""ל","","",""
"תוספתא נדרים","","חז""ל","","",""
"תוספתא נדרים (ליברמן)","","חז""ל","","",""
"תוספתא נזיר","","חז""ל","","",""
"תוספתא נזיר (ליברמן)","","חז""ל","","",""
"תוספתא סוטה","","חז""ל","","",""
"תוספתא סוטה (ליברמן)","","חז""ל","","",""
"תוספתא סוכה","","חז""ל","","",""
"תוספתא סוכה (ליברמן)","","חז""ל","","",""
"תוספתא סנהדרין","","חז""ל","","",""
"תוספתא עבודה זרה","","חז""ל","","",""
"תוספתא עדויות","","חז""ל","","",""
"תוספתא עוקצין","","חז""ל","","",""
"תוספתא עירובין","","חז""ל","","",""
"תוספתא עירובין (ליברמן)","","חז""ל","","",""
"תוספתא ערכין","","חז""ל","","",""
"תוספתא ערלה","","חז""ל","","",""
"תוספתא ערלה (ליברמן)","","חז""ל","","",""
"תוספתא פאה","","חז""ל","","",""
"תוספתא פאה (ליברמן)","","חז""ל","","",""
"תוספתא פסחים","","חז""ל","","",""
"תוספתא פסחים (ליברמן)","","חז""ל","","",""
"תוספתא פרה","","חז""ל","","",""
"תוספתא קידושין","","חז""ל","","",""
"תוספתא קידושין (ליברמן)","","חז""ל","","",""
"תוספתא ראש השנה","","חז""ל","","",""
"תוספתא ראש השנה (ליברמן)","","חז""ל","","",""
"תוספתא שבועות","","חז""ל","","",""
"תוספתא שביעית","","חז""ל","","",""
"תוספתא שביעית (ליברמן)","","חז""ל","","",""
"תוספתא שבת","","חז""ל","","",""
"תוספתא שבת (ליברמן)","","חז""ל","","",""
"תוספתא שקלים","","חז""ל","","",""
"תוספתא שקלים (ליברמן)","","חז""ל","","",""
"תוספתא תמורה","","חז""ל","","",""
"תוספתא תענית","","חז""ל","","",""
"תוספתא תענית (ליברמן)","","חז""ל","","",""
"תוספתא תרומות","","חז""ל","","",""
"תוספתא תרומות (ליברמן)","","חז""ל","","",""
"תועפות ראם","אברהם אבא שיף ממינסק","אחרונים","","1500","1945"
"תורה אור","שניאור זלמן מליאדי","אחרונים","","1500","1945"
"תורה תמימה על איכה","הרב ברוך הלוי אפשטיין","אחרונים","","1500","1945"
"תורה תמימה על אסתר","הרב ברוך הלוי אפשטיין","אחרונים","","1500","1945"
"תורה תמימה על התורה","הרב ברוך הלוי אפשטיין","אחרונים","","1500","1945"
"תורה תמימה על קהלת","הרב ברוך הלוי אפשטיין","אחרונים","","1500","1945"
"תורה תמימה על רות","הרב ברוך הלוי אפשטיין","אחרונים","","1500","1945"
"תורה תמימה על שיר השירים","הרב ברוך הלוי אפשטיין","אחרונים","","1500","1945"
"תורה תמימה על תהילים","שמואל נבון","אחרונים","","1500","1945"
"תורת אליקום","","אחרונים","","",""
"תורת אמת","","אחרונים","","",""
"תורת גיטין על גיטין","","אחרונים","","",""
"תורת האדם","רמב״ן","ראשונים","","1038","1492"
"תורת הבית הארוך","רשב""א","ראשונים","","1038","1492"
"תורת הבית הקצר","רשב""א","ראשונים","","1038","1492"
"תורת החטאת","","אחרונים","","",""
"תורת המלך","","אחרונים","","",""
"תורת הנזיר","","אחרונים","","",""
"תורת העולה","משה בן ישראל איסרלישׂ","אחרונים","","1500","1945"
"תורת השלמים על שולחן ערוך יורה דעה","יעקב ריישר","אחרונים","","1500","1945"
"תורת חיים על בבא בתרא","","אחרונים","","",""
"תורת חיים על בבא מציעא","","אחרונים","","",""
"תורת חיים על בבא קמא","","אחרונים","","",""
"תורת חיים על חולין","","אחרונים","","",""
"תורת חיים על סנהדרין","","אחרונים","","",""
"תורת חיים על עבודה זרה","","אחרונים","","",""
"תורת חיים על עירובין","","אחרונים","","",""
"תורת חיים על פסחים","","אחרונים","","",""
"תורת חיים על שבועות","","אחרונים","","",""
"תורת חסד","","אחרונים","","",""
"תורת ישראל","","אחרונים","","",""
"תורת משה","","אחרונים","","",""
"תורת משה - אלשיך","משה אלשיך","אחרונים","","1500","1945"
"תורת נביאים","צבי הירש חיות","אחרונים","","1500","1945"
"תורת נתנאל","נתנאל וייל","אחרונים","","1500","1945"
"תורת נתנאל על התורה","","אחרונים","","",""
"תורתן של ראשונים","","ראשונים","","",""
"תחבולה מהראבע","","ראשונים","","",""
"תיבת גמא","יעקב בן מאיר תאמים","אחרונים","","1500","1945"
"תיקון הכללי","נחמן מברסלב‎","אחרונים","","1500","1945"
"תיקון עירובין","","אחרונים","","",""
"תיקונים מזוהר חדש - דפוס וילנא","","חז""ל","","",""
"תירוש ויצהר","","אחרונים","","",""
"תלמוד ירושלמי בבא בתרא","","חז""ל","","",""
"תלמוד ירושלמי בבא מציעא","","חז""ל","","",""
"תלמוד ירושלמי בבא קמא","","חז""ל","","",""
"תלמוד ירושלמי ביצה","","חז""ל","","",""
"תלמוד ירושלמי בכורים","","חז""ל","","",""
"תלמוד ירושלמי ברכות","","חז""ל","","",""
"תלמוד ירושלמי גיטין","","חז""ל","","",""
"תלמוד ירושלמי דמאי","","חז""ל","","",""
"תלמוד ירושלמי הוריות","","חז""ל","","",""
"תלמוד ירושלמי חגיגה","","חז""ל","","",""
"תלמוד ירושלמי חלה","","חז""ל","","",""
"תלמוד ירושלמי יבמות","","חז""ל","","",""
"תלמוד ירושלמי יומא","","חז""ל","","",""
"תלמוד ירושלמי כלאים","","חז""ל","","",""
"תלמוד ירושלמי כתובות","","חז""ל","","",""
"תלמוד ירושלמי מגילה","","חז""ל","","",""
"תלמוד ירושלמי מועד קטן","","חז""ל","","",""
"תלמוד ירושלמי מכות","","חז""ל","","",""
"תלמוד ירושלמי מעשר שני","","חז""ל","","",""
"תלמוד ירושלמי מעשרות","","חז""ל","","",""
"תלמוד ירושלמי נדה","","חז""ל","","",""
"תלמוד ירושלמי נדרים","","חז""ל","","",""
"תלמוד ירושלמי נזיר","","חז""ל","","",""
"תלמוד ירושלמי סוטה","","חז""ל","","",""
"תלמוד ירושלמי סוכה","","חז""ל","","",""
"תלמוד ירושלמי סנהדרין","","חז""ל","","",""
"תלמוד ירושלמי עבודה זרה","","חז""ל","","",""
"תלמוד ירושלמי עירובין","","חז""ל","","",""
"תלמוד ירושלמי ערלה","","חז""ל","","",""
"תלמוד ירושלמי פאה","","חז""ל","","",""
"תלמוד ירושלמי פסחים","","חז""ל","","",""
"תלמוד ירושלמי קידושין","","חז""ל","","",""
"תלמוד ירושלמי ראש השנה","","חז""ל","","",""
"תלמוד ירושלמי שבועות","","חז""ל","","",""
"תלמוד ירושלמי שביעית","","חז""ל","","",""
"תלמוד ירושלמי שבת","","חז""ל","","",""
"תלמוד ירושלמי שקלים","","חז""ל","","",""
"תלמוד ירושלמי תענית","","חז""ל","","",""
"תלמוד ירושלמי תרומות","","חז""ל","","",""
"תלמוד עשר הספירות","יהודה לייב הלוי אשלג","מחברי זמננו","מחברי זמננו","1945","2026"
"תלמידי רבנו יונה על עבודה זרה","","ראשונים","","",""
"תמורה","","חז""ל","","",""
"תמיד","","חז""ל","","",""
"תמר שלמה","","אחרונים","","",""
"תנא דבי אליהו זוטא","","חז""ל","","",""
"תנא דבי אליהו רבה","","חז""ל","","",""
"תנא ושייר","","מחברי זמננו","","",""
"תנחומא בובר","","חז""ל","","",""
"תניא","שניאור זלמן מליאדי","אחרונים","","1500","1945"
"תניא שער היחוד והאמונה","","אחרונים","","",""
"תעלומות חכמה על קהלת","יעקב בן יעקב משה מליסא","אחרונים","","1500","1945"
"תענית","","חז""ל","","",""
"תפארת יהונתן על תורה","","אחרונים","","",""
"תפארת יוסף","מרדכי יוסף אלעזר ליינר","אחרונים","","1500","1945"
"תפארת יעקב אבן העזר גיטין","","אחרונים","","",""
"תפארת יעקב אבן העזר קידושין","","אחרונים","","",""
"תפארת יעקב חושן משפט חלק א","","אחרונים","","",""
"תפארת יעקב חושן משפט חלק ב","","אחרונים","","",""
"תפארת יעקב יורה דעה שחיטה וטריפות","","אחרונים","","",""
"תפארת יעקב על גיטין","","אחרונים","","",""
"תפארת ישראל","יהודה ליווא בן בצלאל מפראג (מהר""ל)","אחרונים","ראשוני האחרונים","1512","1609"
"תפארת ישראל על שולחן ערוך יורה דעה","יהונתן אייבשיץ","אחרונים","","1500","1945"
"תפארת מנחם","","אחרונים","","",""
"תפארת מנחם על שס","","אחרונים","","",""
"תפארת עוזיאל חלק א","","אחרונים","","",""
"תפארת עוזיאל חלק ב","","אחרונים","","",""
"תפארת שלמה","שלמה הכהן רבינוביץ","אחרונים","","1500","1945"
"תפארת שמואל על גיטין","אהרן שמואל קאידנוור","אחרונים","","1500","1676"
"תפארת שמואל על יבמות","אהרן שמואל קאידנוור","אחרונים","","1500","1676"
"תפארת שמואל על יומא","אהרן שמואל קאידנוור","אחרונים","","1500","1676"
"תפארת שמואל על נדרים","אהרן שמואל קאידנוור","אחרונים","","1500","1676"
"תפארת שמואל על סוכה","אהרן שמואל קאידנוור","אחרונים","","1500","1676"
"תפארת שמואל על פסחים","אהרן שמואל קאידנוור","אחרונים","","1500","1676"
"תפארת שמואל על קידושין","אהרן שמואל קאידנוור","אחרונים","","1500","1676"
"תפארת שמואל על שבועות","אהרן שמואל קאידנוור","אחרונים","","1500","1676"
"תפלות לפנות המרכבה","","אחרונים","","",""
"תפסיר רס""ג","סעדיה גאון","ראשונים","","1038","1492"
"תקון מדות הנפש","שלמה בן יהודה אבן גבירול","ראשונים","","1038","1492"
"תקוני הזהר","","חז""ל","","",""
"תקוני הזהר מסודר על פי הגרא","","חז""ל","","",""
"תקות אנוש על איוב","","ראשונים","","",""
"תקנות חכמי מראכש","","אחרונים","","",""
"תקנת השבין","צדוק הכהן רבינוביץ","אחרונים","","1500","1945"
"תקנת עזרא","","אחרונים","","",""
"תקנת עזרא (מעילה תיקון חשוב)","","אחרונים","","",""
"תקנת עזרא (מעילה תנינא)","","אחרונים","","",""
"תקנת עזרא (מעילה)","","אחרונים","","",""
"תקפו כהן","","אחרונים","","",""
"תרגום אונקלוס על במדבר","אונקלוס","חז""ל","","-250","500"
"תרגום אונקלוס על בראשית","אונקלוס","חז""ל","","-250","500"
"תרגום אונקלוס על דברים","אונקלוס","חז""ל","","-250","500"
"תרגום אונקלוס על ויקרא","אונקלוס","חז""ל","","-250","500"
"תרגום אונקלוס על שמות","אונקלוס","חז""ל","","-250","500"
"תרגום איוב","","חז""ל","","",""
"תרגום איכה","","חז""ל","","",""
"תרגום אסתר","","חז""ל","","",""
"תרגום דברי הימים א","","חז""ל","","",""
"תרגום דברי הימים ב","","חז""ל","","",""
"תרגום ותפסיר רסג","ר' סעדיה גאון","ראשונים","","",""
"תרגום יונתן על במדבר","","חז""ל","","",""
"תרגום יונתן על בראשית","","חז""ל","","",""
"תרגום יונתן על דברים","","חז""ל","","",""
"תרגום יונתן על הושע","","חז""ל","","",""
"תרגום יונתן על ויקרא","","חז""ל","","",""
"תרגום יונתן על זכריה","","חז""ל","","",""
"תרגום יונתן על חבקוק","","חז""ל","","",""
"תרגום יונתן על חגי","","חז""ל","","",""
"תרגום יונתן על יהושע","","חז""ל","","",""
"תרגום יונתן על יואל","","חז""ל","","",""
"תרגום יונתן על יונה","","חז""ל","","",""
"תרגום יונתן על יחזקאל","","חז""ל","","",""
"תרגום יונתן על ירמיהו","","חז""ל","","",""
"תרגום יונתן על ישעיהו","","חז""ל","","",""
"תרגום יונתן על מיכה","","חז""ל","","",""
"תרגום יונתן על מלאכי","","חז""ל","","",""
"תרגום יונתן על מלכים א","","חז""ל","","",""
"תרגום יונתן על מלכים ב","","חז""ל","","",""
"תרגום יונתן על נחום","","חז""ל","","",""
"תרגום יונתן על עובדיה","","חז""ל","","",""
"תרגום יונתן על עמוס","","חז""ל","","",""
"תרגום יונתן על צפניה","","חז""ל","","",""
"תרגום יונתן על שופטים","","חז""ל","","",""
"תרגום יונתן על שמואל א","","חז""ל","","",""
"תרגום יונתן על שמואל ב","","חז""ל","","",""
"תרגום יונתן על שמות","","חז""ל","","",""
"תרגום ירושלמי","","חז""ל","","",""
"תרגום ירושלמי - כתב יד פאריס","","חז""ל","","",""
"תרגום משלי","","חז""ל","","",""
"תרגום ניאופיטי","","חז""ל","","",""
"תרגום על שיר השירים","","חז""ל","","",""
"תרגום קהלת","","חז""ל","","",""
"תרגום רות","","חז""ל","","",""
"תרגום שני על אסתר","","חז""ל","","",""
"תרגום תהלים","","חז""ל","","",""
"תרומת הדשן","ישראל איסרלן","ראשונים","","1038","1492"
"תשב""ץ קטן","","ראשונים","","",""
"תשובה מאהבה חלק א","אלעזר פלקלס","אחרונים","","1500","1945"
"תשובה שלמה - א","","אחרונים","","",""
"תשובה שלמה - ב","","אחרונים","","",""
"תשובה שלמה אורח חיים יורה דעה מהדורא תנינא","","אחרונים","","",""
"תשובות בית חדש","יואל בן שמואל סירקיש","אחרונים","","1500","1945"
"תשובות הגאונים","","ראשונים","","",""
"תשובות הגאונים (הרכבי)","","ראשונים","","",""
"תשובות הגאונים (שערי תשובה)","","ראשונים","","",""
"תשובות הגאונים – מוסאפיה","","ראשונים","","",""
"תשובות הר""י מיגאש","","ראשונים","","",""
"תשובות הרא""ש","רא""ש","ראשונים","","1038","1492"
"תשובות הראם חלק א","","אחרונים","","",""
"תשובות הראם חלק ג","","אחרונים","","",""
"תשובות הרדב""ז חלק א","דוד בן שלמה אבן אבי זמרא","אחרונים","","1500","1945"
"תשובות הרדב""ז חלק ב","דוד בן שלמה אבן אבי זמרא","אחרונים","","1500","1945"
"תשובות הרדב""ז חלק ג","דוד בן שלמה אבן אבי זמרא","אחרונים","","1500","1945"
"תשובות הרדב""ז חלק ד","דוד בן שלמה אבן אבי זמרא","אחרונים","","1500","1945"
"תשובות הרדב""ז חלק ה","דוד בן שלמה אבן אבי זמרא","אחרונים","","1500","1945"
"תשובות הרדב""ז חלק ו","דוד בן שלמה אבן אבי זמרא","אחרונים","","1500","1945"
"תשובות הרדבז חלק ז","","אחרונים","","",""
"תשובות הריב""ש","","ראשונים","","",""
"תשובות הריטב״א","","ראשונים","","",""
"תשובות הרמב""ם","משה בן מימון (רמב""ם)","ראשונים","ראשוני הראשונים","1138","1204"
"תשובות הרמב""ם - מהדורת בלאו","","ראשונים","","",""
"תשובות הרשב""א מיוחס להרמב""ן","רשב""א","ראשונים","","1038","1492"
"תשובות הרשב""ש","","ראשונים","","",""
"תשובות וקטעים מפירושו של רבינו אברהם מן ההר","","ראשונים","","",""
"תשובות חד מקמאי","","ראשונים","","",""
"תשובות חכמי מראכש","","אחרונים","","",""
"תשובות מהר""ח אור זרוע","","ראשונים","","",""
"תשובות מהר""ם","","ראשונים","","",""
"תשובות מהרים","","אחרונים","","",""
"תשובות מהרש""ל","מהרש""ל","אחרונים","","1500","1945"
"תשובות משיב דבר","נפתלי צבי יהודה ברלין","אחרונים","","1500","1945"
"תשובות רבי עקיבא איגר","עֲקִיבָא  אֵיגֶר","אחרונים","","1500","1945"
"תשובות רבי עקיבא איגר החדשות","עֲקִיבָא  אֵיגֶר","אחרונים","","1500","1945"
"תשובות רבי עקיבא איגר תניינא","עֲקִיבָא  אֵיגֶר","אחרונים","","1500","1945"
"תשובות רבנו יעקב - בענין תפלה","","ראשונים","","",""
"תשובות רפואיות","משה דוד טנדלר","מחברי זמננו","מחברי זמננו","1945","2026"
"תשובות רש""י","רש״י","ראשונים","","1038","1492"
"תשובת הגאונים (מהרל, והרב יעקב בן הרב יצחק הלוי פולק)","","אחרונים","","",""
"תשורת שי מהדורא קמא","","אחרונים","","",""
"תשורת שי מהדורא תנינא","","אחרונים","","",""
