"categoryPath","heShortDesc","heDesc","heShortDescNew","heDescNew"
"בית שני","אוסף יצירות מתקופת בית המקדש השני, שעמד על תילו כמה מאות שנים עד שנחרב בשנת 70 לספירה.","ספרות תקופת בית שני כוללת יצירות שקובצו בתקופת ימי בית המקדש השני. בית המקדש השני עמד על תילו כמה מאות שנים עד שנחרב בשנת 70 לספירה. בתקופה זו נחתם התנ""ך, והחלו לפתח את המשנה, התוספתא והמדרשים.","חיבורים מימי בית שני, בענייני חכמה וקורות הימים, ובהם הספרים החיצונים [כונו 'חיצוניים' להבדילם מכתבי הקודש] וכתבי יוסף בן מתתיהו.","חיבורים מימי בית שני, בענייני חכמה וקורות הימים, ובהם הספרים החיצונים [כונו 'חיצוניים' להבדילם מכתבי הקודש] וכתבי יוסף בן מתתיהו."
"בית שני/יוסף בן מתתיהו","היסטוריון יהודי-רומאי מן המאה ה-1, שכתביו הענפים מספקים חומר רב על חיי היהודים בסוף תקופת בית שני.","יוספוס היה היסטוריון יהודי-רומאי שפעל במאה ה-1. כיליד ירושלים הוא לחם נגד הרומאים במלחמה הראשונה בין היהודים לרומאים, אך בהמשך ערק לצד הרומי ואף מונה ליועץ של בנו של הקיסר הרומי. כתבי יוספוס הם מקור מידע חשוב על ההיסטוריה היהודית בסוף תקופת בית ראשון ועל מלחמות היהודים באותה תקופה.","",""
"הלכה","ספרות משפטית המדריכה את האדם בכל תחומי החיים. שורשיה במקורות העבר, והיא מתפתחת בהתאם למציאות החיים המשתנה.","הלכה היא ספרות משפטית המדריכה את האדם בכל תחומי חייו. שורשיה בתורה, במדרש ובתלמוד, והיא מתפתחת בהתאם למציאות החיים המשתנה. ספרות ההלכה כוללת מקורות ממגוון סוגים: חיבורים המקיפים את כלל מערכת החוק היהודית, עיונים לפי נושא, ספרים לשימוש יום-יומי ויצירות פרשניות לצורכי לימוד אנליטי וביקורתי.","ספרות המורה לאדם את דרכו בכל תחומי החיים. שורשיה בתורה שבכתב ובתורה שבעל פה, והיא מכריעה את הדין גם במציאות החיים המשתנה.","ההלכה מורה לאדם את דרכו בכל תחומי חייו. שורשיה בתורה, במדרש ובתלמוד, והיא מכריעה את הדין גם במציאות החיים המשתנה. ספרות ההלכה כוללת מקורות ממגוון סוגים: חיבורים המקיפים את כלל מערכת ההלכה, עיונים לפי נושא, ספרים לשימוש יום-יומי ויצירות פרשניות לצורכי לימוד ועיון."
"הלכה/אחרונים","כינוי לרבנים ופוסקי הלכה שפעלו בין המאה ה-16 למאה ה-20, בתקופה שלאחר חתימת השולחן ערוך.","אחרונים' הוא כינוי לרבנים ופוסקי הלכה שפעלו בין המאה ה-16 למאה ה-20, בתקופה שלאחר חתימת השולחן ערוך.","","'אחרונים' הוא כינוי לרבנים ופוסקי הלכה שפעלו בין המאה ה-16 למאה ה-20, בתקופה שלאחר חתימת השולחן ערוך."
"הלכה/אחרונים/עבודת הקודש - חיד“א","סדרה של שבעה חיבורים קצרים מן המאה ה-18, העוסקים בהלכה, במנהג ובמוסר.","","סדרה של שבעה חיבורים קצרים מתקופת האחרונים, העוסקים בהלכה, במנהג ובמוסר.","סדרה של שבעה חיבורים קצרים מתקופת האחרונים, העוסקים בהלכה, במנהג ובמוסר."
"הלכה/אחרונים/שולחן ערוך הרב","ספר הלכה מן המאה ה-18 שחובר על ידי רבי שניאור זלמן מלאדי, מייסד חב""ד, ומשמש כבסיס לקיום ההלכה עבור חסידי חב""ד.","ספר הלכה מן המאה ה-18 שחובר על ידי רבי שניאור זלמן מלאדי, מייסד חב""ד, ומשמש כבסיס לקיום ההלכה עבור חסידי חב""ד.","",""
"הלכה/טור","חיבור הלכתי מקיף מהמאה ה-14 שחובר על ידי יעקב בן אשר, עליו מבוסס השולחן ערוך.","","",""
"הלכה/משנה תורה","חיבור הלכתי פורץ-דרך וחדשני מבחינת היקפו ואופן סידור הדינים שבו. נכתב על ידי הרמב""ם במאה ה-12.","המשנה תורה, המכונה גם 'היד החזקה', הוא חיבור הלכתי מונומנטלי, ואחת היצירות המסודרות, המקיפות, והמשפיעות בתחום ההלכה בעולם היהודי. החיבור, שכתיבתו ארכה כעשר שנים, מסווג באופן שיטתי ומסביר בצורה ברורה את כל היבטי הקיום היהודי, ובכללם אלה הרלוונטיים לתקופת בית המקדש.","",""
"הלכה/ספרי מצוות","כתבים המציעים אופנים שונים למניין מצוות התורה, לאור המסורת התלמודית שישנם 613 (תרי""ג) מצוות שנאמרו למשה בסיני – 365 מצוות לא תעשה, ו248 מצוות עשה.","ספרי מצוות הינם כתבים המציעים אופנים שונים למניין מצוות התורה, לאור המסורת התלמודית שישנם 613 (תרי""ג) מצוות שנאמרו למשה בסיני – 365 מצוות לא תעשה, ו248 מצוות עשה.","",""
"הלכה/ספרי מצוות/ספר המצוות","חיבור שנכתב על ידי הרמב""ם במאה ה-12, בו הוא מונה ומפרט את תרי״ג מצוות התורה. נכתב במקור בערבית.","","",""
"הלכה/ראשונים","רבנים ופוסקי הלכה שפעלו בין המאה ה-11 עד ה-15 לערך, לפני חיבורו של השולחן ערוך.","ראשונים' הוא כינוי לרבנים ופוסקי הלכה שפעלו בין המאה ה-11 עד ה-15 לערך, לפני חיבורו של השולחן ערוך.","רבותינו שמאחרי תקופת הגאונים ועד גירוש ספרד; פירושיהם ופסקיהם יסוד ההוראה והלימוד לכל הדורות שאחריהם.","רבותינו שמאחרי תקופת הגאונים ועד גירוש ספרד; פירושיהם ופסקיהם יסוד ההוראה והלימוד לכל הדורות שאחריהם."
"הלכה/שולחן ערוך","ספר ההלכה המקובל והמרכזי ביותר בעולם היהודי. נכתב במאה ה-16.","השולחן ערוך הוא ספר ההלכה המקובל והמרכזי ביותר בעולם היהודי. הוא חובר במאה ה-16 על ידי הרב יוסף קארו, ונערך כגרסה מתומצתת ופשוטה יותר של פירושו ה'בית יוסף' על ה'טור'. פסקי ההלכה של הרב יוסף קארו משקפים לרוב את המסורת הספרדית, והערותיו של הרב משה איסרליש (הרמ""א) על ה'שולחן ערוך' משלימים את המסורת ההלכתית האשכנזית.","",""
"חסידות","תנועת התחדשות רוחנית שנוסדה במאה ה־18, העוסקת בדבקות באלוהים ובהתגלות האלוהית בתוך עולם החומר.","החסידות היא תנועת התחדשות רוחנית־מיסטית שייסד באוקראינה באמצע המאה ה־18 רבי ישראל בן אליעזר, הנודע כ""בעל שם טוב"". שורשי החסידות יונקים מעולם הקבלה ומתמקדים בקיום מצוות מתוך שמחה, בתפילה בכוונה, בדבקות באלוהים ובאמונה בהימצאות האלוהים בכל מקום בעולם החומר. החסידות מעלה על נס את התפיסה שלכל אדם יש דרך סלולה למפגש עם אלוהים.","תנועת התחדשות רוחנית שייסד במאה ה־18 רבי ישראל בעל שם טוב, ועיקרה דבקות בהשי""ת וגילוי אלוקותו בכל.","החסידות היא תנועת התחדשות רוחנית שייסד באוקראינה באמצע המאה ה־18 רבי ישראל בן אליעזר, הנודע כבעל שם טוב. שורשיה יונקים מתורת הקבלה, והיא מתמקדת בקיום מצוות מתוך שמחה, בתפילה בכוונה, בדבקות בהקב""ה ובאמונה שמלוא כל הארץ כבודו. החסידות מלמדת שלכל אדם יש דרך סלולה לעבודת הבורא."
"חסידות/איזביצה","חיבורים המיוחסים לחסידות אישביצה-ראדזין, שיסד בראשית המאה ה-19 בפולין רבי מרדכי ליינר (המוכר בכינויו האישביצר או מי השילוח).","","תורת חסידות איזביצה וראדזין, מבית מדרשו של רבי מרדכי יוסף ליינר זצ""ל וממשיכי דרכו.","תורת חסידות איזביצה וראדזין, מבית מדרשו של רבי מרדכי יוסף ליינר זצ""ל וממשיכי דרכו."
"חסידות/ברסלב","חיבורים מהמאה ה-19 שכתבו רבי נחמן מברסלב, נינו של הבעל שם טוב, ותלמידו הקרוב רבי נתן שטרנהרץ.","","תורת רבי נחמן מברסלב זצ""ל, וחיבורי תלמידו רבי נתן שטרנהרץ זצ""ל וממשיכיהם.","תורת רבי נחמן מברסלב זצ""ל, וחיבורי תלמידו רבי נתן שטרנהרץ זצ""ל וממשיכיהם."
"חסידות/ספרי ראשית","כתבים מן המאה ה-18 הכוללים דרשות של מייסד החסידות הבעל שם טוב (רבי ישראל בן אליעזר) ושל תלמידיו.","","ספרי היסוד לתורת החסידות — מתורת רבי ישראל בעל שם טוב זצ""ל ותלמידיו.","ספרי היסוד לתורת החסידות — מתורת רבי ישראל בעל שם טוב זצ""ל ותלמידיו."
"חסידות/ר' צדוק הכוהן","חיבוריו של ר' צדוק הכהן רבינוביץ', בן המאה ה-19, שהיה לתלמידו של האישביצר אף שבא מרקע המתנגד לחסידות, וברבות הימים הקים חסידות משלו בלובלין שבפולין.","ר' צדוק הכהן רבינוביץ' (1930-1823) שילב למדנות תלמודית עם עיסוק במחשבה ובקבלה והיה אחד הכותבים הפוריים ביותר בתולדות החסידות. ר׳ צדוק היה לתלמידו המובהק של האישביצר אף שבא מרקע המתנגד לחסידות, ולבסוף הקים חצר חסידית משלו בלובלין שבפולין. חיבוריו נכתבו במחברות אישיות ויצאו לאור לאחר מותו.","","ר' צדוק הכהן רבינוביץ' (ה'תקפ""ג–ה'תר""ס) שילב למדנות תלמודית עם עיסוק במחשבה ובקבלה והיה אחד הכותבים הפוריים ביותר בתולדות החסידות. ר׳ צדוק היה לתלמידו המובהק של האישביצר אף שבא מרקע המתנגד לחסידות, ולבסוף הקים חצר חסידית משלו בלובלין שבפולין. חיבוריו נכתבו במחברות אישיות ויצאו לאור לאחר פטירתו."
"מדרש","פרשנויות והרחבות למקורות תנ""כיים הכוללות סיפורים, משלים ודיונים הלכתיים.","המדרש הוא סוגה ספרותית של פרשנות ועיבוד לטקסטים תנ""כיים. מרבית קובצי המדרשים התגבשו מהמאה החמישית לספירה ובמהלך ימי הביניים. ספרי המדרש מאופיינים בשיטות פרשנות דומות, כגון השלמת חלקים חסרים בעלילה התנ""כית. בתלמוד אפשר למצוא קטעים מן המדרש בשכיחות גבוהה.","דברי חז""ל המבארים ומרחיבים את פסוקי התנ""ך, ובהם אגדות, משלים ודיונים הלכתיים.","המדרש הוא דברי חז""ל המבארים את פסוקי התנ""ך ומרחיבים אותם. מרבית קובצי המדרשים נערכו מן המאה החמישית לספירה ובמהלך ימי הביניים. ספרי המדרש מאופיינים בדרכי דרשה דומות, ובכללן השלמת פרטים שלא נתפרשו במקרא. בתלמוד מצויים דברי מדרש בשכיחות גבוהה."
"מדרש/אגדה","סיפורים ופירושים שאינם הלכתיים שנכתבו כהרחבה לטקסט המקראי.","מדרשי אגדה הינם סיפורים ופירושים שאינם הלכתיים שנכתבו כהרחבה לטקסט המקראי. ישנם מדרשים שמציעים פירוש לטקסט, ואילו אחרים משתמשים בפסוקים כבסיס לאמרות מוסר ודרשות תיאולוגיות.","מדרשי ההגדה שבדברי חז""ל — בביאורי המקראות, בענייני אמונה ומוסר, הנהגה ומידות. מקומם לצד מדרשי ההלכה.","מדרשי ההגדה שבדברי חז""ל — בביאורי המקראות, בענייני אמונה ומוסר, הנהגה ומידות. מקומם לצד מדרשי ההלכה."
"מדרש/אגדה/מדרש לקח טוב","מדרש מימי הביניים על התורה וחמש מגילות, המשלב פירושי מילים ואגדות.","","",""
"מדרש/אגדה/מדרש רבה","אוסף מדרשים על חמישה חומשי תורה וחמש מגילות שנאספו ממקורות שונים במהלך כ-800 שנים.","","מדרשי אגדה על חמישה חומשי תורה ועל חמש המגילות. עשרה חיבורים, שכל אחד מהם נתחבר ועומד בפני עצמו.","מדרשי אגדה על חמישה חומשי תורה ועל חמש המגילות. עשרה חיבורים, שכל אחד מהם נתחבר ועומד בפני עצמו."
"מדרש/אגדה/סדר עולם רבה","רשימה כרונולוגית מן המאה השנייה הסוקרת ומפרשת אירועים מבריאת העולם ועד אלכסנדר הגדול.","""סדר עולם רבה"" הוא כרוניקה עברית מהמאה ה-2 לספירה, המפרט את התאריכים בהם אירעו מאורעות מקראיים שונים, החל בבריאת העולם וכלה בכיבוש פרס על ידי אלכסנדר מוקדון. במקור היה ""סדר עולם"" חיבור מקיף הרבה יותר, אשר עסק בתקופה הבתר-אלכסנדרונית, אך במתכונתו הנוכחית מקובצת התקופה מימי אלכסנדר ועד ימי אדריאנוס בסוף הפרק ה- 30 (והאחרון) של החיבור. הטקסט של ""סדר עולם"" אינו מוסיף סיפורים מעבר למה שמופיע בטקסט המקראי, ומתייחס לשאלות כגון גילו של יצחק בזמן העקידה ומספר השנים בהם הנהיג יהושע את עם ישראל. בצורתו הנוכחית כולל ""סדר עולם רבה"" שלושים פרקים, כאשר כל עשרה פרקים יוצרים ""חלק"" או ""שער"" נפרד. המסורת מתארכת את החיבור לשנת 160 לספירה לערך, וגורסת שחובר בידי ר' יוסי בן חלפתא, טענה שאיננה בלתי-סבירה, אך ככל הנראה נוספו לגרסה המקורית קטעים נוספים והוא הוהדר בתקופה מאוחרת יותר.","","""סדר עולם רבה"" הוא חיבור מן המאה ה-2 לספירה שחיבר התנא רבי יוסי בן חלפתא, ובו מפורטים התאריכים שבהם אירעו מאורעות המקרא, החל בבריאת העולם וכלה בכיבוש פרס בידי אלכסנדר מוקדון. החיבור אינו מוסיף סיפורים מעבר לכתוב במקרא, ומתייחס לשאלות כגון גילו של יצחק בשעת העקידה ומספר השנים שבהן הנהיג יהושע את עם ישראל. בצורתו שלפנינו כולל ""סדר עולם רבה"" שלושים פרקים, כאשר כל עשרה פרקים יוצרים ""חלק"" או ""שער"" נפרד."
"מדרש/הלכה","פירושים שמתמקדים בבירור ההלכה מתוך פסוקי התורה.","","",""
"מחשבת ישראל","פילוסופיה ותאולוגיה מימי הביניים ועד ימינו, המעמיקה בסוגיות כגון בחירה חופשית והיותו של עם ישראל העם הנבחר.","ספרות ההגות היהודית כוללת יצירות פילוסופיות ותאולוגיות מימי הביניים ועד ימינו. היא בוחנת לעומק סוגיות כגון בחירה חופשית, ניסים, אמונה וסיבתיות והיותו של עם ישראל העם הנבחר.","ספרי הגות ומחשבה מימי הביניים ועד ימינו, המעמיקים בסוגיות אמונה כגון בחירה חופשית ובחירת עם ישראל.","ספרות ההגות היהודית כוללת חיבורי מחשבה ואמונה מימי הביניים ועד ימינו. היא מעמיקה בסוגיות כגון בחירה חופשית, ניסים, אמונה והשגחה, ובחירתו של עם ישראל."
"מחשבת ישראל/אחרונים","רבנים והוגים מובילים שפעלו במאה במאה ה-16 ועד המאה ה-20.","","רבנים והוגים מובילים שפעלו מן המאה ה-16 ועד המאה ה-20.",""
"מחשבת ישראל/אחרונים/מהר״ל מפראג","חיבורים פרי עטו של רבי יהודה ליווא, בן המאה ה-16, העוסקים במיסטיקה, בפילוסופיה ובפרשנות לתלמוד.","רבי יהודה ליווא, הידוע בכינויו המהר""ל מפראג, היה מיסטיקן, פילוסוף, מפרש התלמוד ודמות רבנית מרכזית במוראביה ובפראג. כתיבתו הפילוסופית הייתה לאבן יסוד בהגות היהודית ויש לה השפעה ניכרת על המחשבה החסידית וגם על הוגים מודרניים דוגמת הרב אליהו דסלר והרב קוק. המהר""ל נודע גם בזכות ספרו הראשון, גור אריה, המבאר את פירושו של רש""י לתורה, וגם בעקבות האגדה על יצירתו של הגולם מפראג.","חיבורים פרי עטו של רבי יהודה ליווא, בן המאה ה-16, העוסקים בפנימיות התורה, במחשבה ובפרשנות לתלמוד.","רבי יהודה ליווא, הידוע בכינויו המהר""ל מפראג, היה מגדולי ישראל, הוגה, מקובל ומפרש התלמוד, ומן הדמויות הרבניות המרכזיות במוראביה ובפראג. כתיבתו המחשבתית הייתה לאבן יסוד בהגות היהודית ויש לה השפעה ניכרת על תורת החסידות וגם על הוגי הדורות האחרונים, דוגמת הרב אליהו דסלר. המהר""ל נודע גם בזכות ספרו הראשון, גור אריה, המבאר את פירושו של רש""י לתורה."
"מחשבת ישראל/ראשונים","רבנים והוגים שפעלו במאה ה-11 ועד המאה ה-15.","","רבותינו שמאחרי תקופת הגאונים ועד גירוש ספרד; פירושיהם ופסקיהם יסוד ההוראה והלימוד לכל הדורות שאחריהם.","רבותינו שמאחרי תקופת הגאונים ועד גירוש ספרד; פירושיהם ופסקיהם יסוד ההוראה והלימוד לכל הדורות שאחריהם."
"מילונים וספרי יעץ","מילונים, ספרי דקדוק ותחביר, ואנציקלופדיות מימי הביניים ועד ימינו.","מילונים, ספרי דקדוק ותחביר ואנציקלופדיות (מימי הביניים ועד ימינו) המשמשים כלי עזר להבנת טקסטים תנ""כיים וטקסטים של חז""ל.","",""
"משנה","חיבור התשתית הקדום של חז״ל, המתעד מגוון דעות הלכתיות ממסורת התורה שבעל פה. נחתם בשנת 200 לספירה לערך.","המשנה היא החיבור התשתית הקדום של חז״ל, והיא כוללת הוראות והדרכות שנמסרו במשך מאות שנים וקובצו יחד בסביבות שנת 200 לספירה. במשנה הלכות הקשורות בחקלאות, בפולחן, בחוקים אזרחיים, בפשיעה, בבית המקדש. היא מציגה מגוון של דעות הלכתיות, ובהלכותיה משולבים סיפורים ואגדות. המשנה היא תשתית התורה שבעל פה, ובתלמוד מובאים פירושים והרחבות לנאמר בה.","חיבור התשתית הקדום של חז״ל, המתעד מגוון דעות הלכתיות ממסורת התורה שבעל פה. נחתם בידי רבי יהודה הנשיא.","המשנה היא חיבור התשתית הקדום של חז""ל, והיא כוללת הוראות והלכות שנמסרו במשך מאות שנים וקובצו יחד וסודרו בידי רבי יהודה הנשיא. במשנה הלכות בענייני חקלאות, מועדים, דיני משפחה, ממונות ונזיקין, עבודת בית המקדש וטהרות. היא מציגה מגוון של דעות הלכתיות, ובהלכותיה משולבים דברי אגדה. המשנה היא תשתית התורה שבעל פה, ובתלמוד מובאים פירושים והרחבות לנאמר בה."
"משנה/מחברי זמננו/שערי תורת בבל","","״שערי תורת בבל״ הוא פירוש לתלמוד הבבלי, שנכתב בתחילת המאה ה-20 על ידי הרב זאב וולף רבינוביץ, המכיל גם חיבור ארוך על חכמי התלמוד ומאמר קצר יותר על התלמוד עצמו. בחיבור זה משולבות תובנות מיצירות עכשוויות על מדע ורפואה כאשר נושאים אלה עולים בדיון התלמודי. הפירוש הוא גם על חלקי האגדה שבתלמוד, וכולל בתוכו היבטים פילוסופיים, אתיים ורגשיים של המחבר. ""שערי תורת בבל"" יצא לאור על ידי בנו של המחבר, יצחק רבינוביץ, בעריכת הרב פרופסור עזרא ציון מלמד.","",""
"משנה/סדר מועד","חגים","","הסדר השני מששה סדרי משנה, ובו שתים עשרה מסכתות בדיני השבת והמועדים: שבת ועירובין, פסחים ויומא, סוכה וביצה.","הסדר השני מששה סדרי משנה, ובו שתים עשרה מסכתות בדיני השבת והמועדים: שבת ועירובין, פסחים ויומא, סוכה וביצה."
"משנה/סדר נשים","דיני משפחה","","הסדר השלישי מששה סדרי משנה, ובו שבע מסכתות בדיני אישות: יבמות וכתובות, נדרים ונזיר, סוטה, גיטין וקידושין.","הסדר השלישי מששה סדרי משנה, ובו שבע מסכתות בדיני אישות: יבמות וכתובות, נדרים ונזיר, סוטה, גיטין וקידושין."
"משנה/סדר קדשים","קורבנות","","הסדר החמישי מששה סדרי משנה, ובו אחת עשרה מסכתות בדיני הקרבנות והמקדש: זבחים, מנחות, חולין, בכורות, ערכין, תמורה, כריתות, מעילה, תמיד, מדות וקינים.","הסדר החמישי מששה סדרי משנה, ובו אחת עשרה מסכתות בדיני הקרבנות והמקדש: זבחים, מנחות, חולין, בכורות, ערכין, תמורה, כריתות, מעילה, תמיד, מדות וקינים."
"סדר התפילה","קובצי מזמורים, פיוטים וטקסטים ריטואליים, כדוגמת הסידור וההגדה, הנאמרים יום־יום או באירועים מיוחדים.","ספרות התפילה כוללת טקסטים ריטואליים בכל מיני נוסחים ומשקפת מגוון רחב של מנהגים. ספרות התפילה היהודית הקדומה ביותר מקורה בתנ""ך. את המבנה הבסיסי של התפילה פיתחו חכמים בתקופות המשנה והתלמוד, וכן נוספו תפילות ופיוטים לאורך הדורות, מימי הביניים ועד ימינו.","קובצי תפילות, מזמורים ופיוטים, כדוגמת הסידור וההגדה, הנאמרים יום־יום או במועדים מיוחדים.","ספרות התפילה כוללת נוסחי תפילה מגוונים ומשקפת מגוון רחב של מנהגים. ראשיתה של ספרות התפילה בתנ""ך. את המבנה הבסיסי של התפילה תיקנו חכמים בתקופות המשנה והתלמוד, וכן נוספו תפילות ופיוטים לאורך הדורות, מימי הביניים ועד ימינו."
"סדר התפילה/הגדה","קובץ מדרשים, מזמורי תהילים, ברכות, תפילות ופיוטים שקובץ לשם אמירתו בליל הסדר סביב שולחן החג, ובמרכזו זיכרון סיפור יציאת מצרים.","","סדר ליל פסח כפי הנהוג בקהלות ישראל — הברכות והמצוות [ד' כוסות, מצה ומרור], קיום מצוות 'והגדת לבנך' בסיפור יציאת מצרים, ודרשות חז""ל בענין, ואחר ברכת המזון -אמירת ההלל, בתוספת הפיוטים הנהוגים.","סדר ליל פסח כפי הנהוג בקהלות ישראל — הברכות והמצוות [ד' כוסות, מצה ומרור], קיום מצוות 'והגדת לבנך' בסיפור יציאת מצרים, ודרשות חז""ל בענין, ואחר ברכת המזון -אמירת ההלל, בתוספת הפיוטים הנהוגים."
"סדר התפילה/סידור","ספר תפילות, שהוותיקות שבהן מקורן בתנ״ך. מבנה התפילה התפתח בתקופת המשנה והתלמוד, ותפילות נוספות המשיכו להיכתב בימי הביניים ובעת החדשה.","","ספר התפילות לימות החול ולשבת ועיקרי תפילות המועדים, ובכמה מהם אף דינים וברכות וקריאת שני וחמישי.","ספר התפילות לימות החול ולשבת ועיקרי תפילות המועדים, ובכמה מהם אף דינים וברכות וקריאת שני וחמישי."
"ספרי מוסר","ספרות הדרכה להתפתחות אישית מוסרית ורוחנית החל מימי הביניים ועד ימינו.","מוסר הוא סוגה של ספרות יהודית המספקת הדרכה להתפתחות אישית מוסרית ורוחנית. חלק מהטקסטים מתמקדים בתוכניות מעשיות לשיפור אורחות החיים, וחלקם תאורטיים יותר. ספרות המוסר זכתה לתשומת לב מוגברת עם היווסדה של תנועת המוסר בליטא במאה ה־19, שעודדה לימוד מסודר של מוסר וכן הוציאה לאור ספרות מוסר עצמאית.","",""
"ספרי מוסר/אחרונים","רבנים והוגים שחיו במאה ה-16 ועד המאה ה-20.","","",""
"ספרי מוסר/ראשונים","רבנים והוגים שחיו במאה ה-11 ועד המאה ה-15.","","רבותינו שמאחרי תקופת הגאונים ועד גירוש ספרד; פירושיהם ופסקיהם יסוד ההוראה והלימוד לכל הדורות שאחריהם.","רבותינו שמאחרי תקופת הגאונים ועד גירוש ספרד; פירושיהם ופסקיהם יסוד ההוראה והלימוד לכל הדורות שאחריהם."
"קבלה","ספרות מיסטית העוסקת בתכונות של האלוהות ובקשר בין אין-סופיותו של אלוהים ובין העולם הגשמי.","קבלה היא סוגת הספרות העיקרית במיסטיקה היהודית. ספרות הקבלה כוללת שלל יצירות מימי קדם ועד ימינו העוסקות במהות האלוהים, בקשר בין אין-סופיות אלוהים ובין העולם הגשמי ובמשמעות הפנימית של התורה. אבן היסוד של הקבלה היא ""עשר הספירות"", שהן עשר תכונות הנובעות מאלוהים שבאמצעותן אלוהים ברא את העולם ופועל בו, ובני האדם יכולים להשפיע על פעולות אלוהים על ידי השפעה על הספירות.","תורת הנסתר, פנימיות התורה, העוסקת בדרכי הנהגת הבורא ובקשר שבין אין־סוף ברוך הוא ובין העולם.","הקבלה היא תורת הסוד שבתורה, פנימיות התורה. ספרות הקבלה כוללת חיבורים מימי קדם ועד ימינו העוסקים בדרכי הנהגת הבורא, בקשר שבין אין־סוף ברוך הוא ובין העולם הגשמי, ובמשמעותה הפנימית של התורה. מיסודות הקבלה הן עשר הספירות, שבהן ברא הקב""ה את עולמו ובהן הוא מנהיגו, ומעשיהם של ישראל פועלים בהן."
"קבלה/בעל הסולם","חיבורים שנכתבו במאה ה-20 על ידי רב יהודה הלוי אשלג.","הרב יהודה לייב הלוי אשלג, המכונה גם על שם ספרו ""בעל הסולם"", היה רב ומקובל שעסק בעיקר בהפצת תורת הסוד היהודית והנגשתה לציבור הרחב. הרב אשלג נולד בלוקוב (אז ברחבי רוסיה הקיסרית) ולמד בישיבת חסידות גור שבוורשה. בד בבד עם לימודו בישיבה, למד אשלג קבלה ממורה אלמוני אותו מכנה בכתביו ""מורי הקדוש זצ""ל"". לאחר פטירת מורו ב-1921, עלה אשלג לארץ ישראל והתיישב בעיר העתיקה בירושלים, שם לימד בישיבת חיי עולם. בתחילת שהותו בארץ, התפרנס מייצור סבון ועיבוד עורות לסת""ם, עד מינויו לרבה של גבעת שאול על ידי הרב קוק. עיקר הגותו של אשלג סובבת סביב הרעיון של המעבר מאגואיזם לאלטרואיזם. דהיינו, מטרת האדם בחייו היא לעבור מ""הרצון לקבל"" ל""הרצון לתת""","","הרב יהודה לייב הלוי אשלג, המכונה גם על שם ספרו ""בעל הסולם"", היה רב ומקובל, מחבר פירוש ""הסולם"" על הזוהר. הרב אשלג נולד בלוקוב (אז ברחבי רוסיה הקיסרית) ולמד בישיבת חסידות גור שבוורשה. בד בבד עם לימודו בישיבה, למד אשלג קבלה ממורה שאת שמו לא גילה, ובכתביו מכנה אותו ""מורי הקדוש זצ""ל"". לאחר פטירת רבו בשנת ה'תרפ""א, עלה אשלג לארץ ישראל והתיישב בעיר העתיקה בירושלים, שם לימד בישיבת חיי עולם. בתחילת שהותו בארץ התפרנס מייצור סבון ומעיבוד עורות לסת""ם, עד מינויו לרבה של גבעת שאול על ידי הרב קוק."
"קבלה/כתבי האר״י ורבי חיים ויטאל","תורתו של מייסד הקבלה המודרנית רבי יצחק לוריא (הידוע בכינוי אריז""ל), כפי שתיעדו אותה במאה ה-16 תלמידיו, ובראשם רבי חיים ויטאל.","","תורתו של מייסד הקבלה רבי יצחק לוריא ( [האריז""ל)], כפי שתיעדו אותה בתקופת האחרונים תלמידיו, ובראשם רבי חיים ויטאל.","תורתו של מייסד הקבלה רבי יצחק לוריא ( [האריז""ל)], כפי שתיעדו אותה בתקופת האחרונים תלמידיו, ובראשם רבי חיים ויטאל."
"קבלה/ספר יצירה","החיבור המיסטי היהודי הקדום ביותר, המתאר כיצד האל ברא את העולם בשימוש באותיות האלפבית ובמספרים.","'ספר יצירה' הוא הספר הקדום ביותר של תורת הסוד היהודית. ספר חידתי קצר זה מתאר כיצד אלוהים ברא את היקום באמצעות 32 נתיבים פלאיים של חוכמה, המורכבים מ-22 האותיות של האלפבית העברי בתוספת עשר ה""ספירות"", אשר בתקופה מוקדמת זו מתייחסות באופן פשוט לספרות של מספרים גם כאשר היו טעונות בעקרונות מטאפיזיים. מקור הטקסט של ספר יצירה אינו ידוע ונתון במחלוקת. בהתבסס על השפה בה נכתב, חוקרים מתארכים אותו בין המאה השלישית לשישית, כאשר יש בו כמה תוספות מאוחרות יותר. יש המייחסים את מקורו לאברהם ואחרים לתנא ר' עקיבא, שעל פי התלמוד הבבלי עסק בתורת הסוד ובמיסטיקה. המסתורין שבספר וסגנונו התמציתי הפכו אותו למושא לפרשנויות רבות ומגוונות.","החיבור הקדום ביותר בתורת הנסתר, המתאר כיצד ברא הקב""ה את העולם באותיות ובמספרים.","'ספר יצירה' הוא הספר הקדום ביותר של תורת הסוד. ספר תמציתי זה מתאר כיצד ברא הקב""ה את היקום בשלושים ושתיים נתיבות פליאות חכמה, המורכבות מעשרים ושתיים אותיות האלפבית העברי ומעשר הספירות, אשר בתקופה מוקדמת זו מתייחסות גם לספרות של מספרים. מסורת ישראל מייחסת את הספר לאברהם אבינו, ויש שייחסוהו לתנא רבי עקיבא, שעל פי התלמוד הבבלי עסק בתורת הסוד. עומקו של הספר וסגנונו התמציתי הפכו אותו למושא לפירושים רבים ומגוונים."
"קבלה/רמח״ל","כתבי רבי משה חיים לוצאטו, הידוע בכינוי רמח""ל, שהיה רב מקובל והוגה חשוב באיטליה במאה ה-18.","","כתבי רבי משה חיים לוצאטו זצ""ל [הרמח""ל], שהיה רב מקובל והוגה חשוב באיטליה בתקופת האחרונים.","כתבי רבי משה חיים לוצאטו זצ""ל [הרמח""ל], שהיה רב מקובל והוגה חשוב באיטליה בתקופת האחרונים."
"קבלה/רמ״ק","כתבי רבי משה קורדוברו, מקובל מצפת במאה ה-16 ורבו של האריז""ל.","","חיבורי רבי משה קורדובירו [הרמ""ק] זצ""ל, מגדולי חכמי המקובלים בצפת בדור הקודם לאריז""ל [היה מרבותיו של האר""י]. מתלמידיו: הרמ""ע [רבי מנחם עזריה] מפאנו [בעל ספר 'פלח הרמון'] · רבי אברהם גלנטי · רבי אליהו די וידאש [ה'ראשית חכמה'] · האר""י ז""ל, ועוד.","חיבורי רבי משה קורדובירו [הרמ""ק] זצ""ל, מגדולי חכמי המקובלים בצפת בדור הקודם לאריז""ל [היה מרבותיו של האר""י]. מתלמידיו: הרמ""ע [רבי מנחם עזריה] מפאנו [בעל ספר 'פלח הרמון'] · רבי אברהם גלנטי · רבי אליהו די וידאש [ה'ראשית חכמה'] · האר""י ז""ל, ועוד."
"שו״ת","תשובות ופסיקות הלכה שנתנו רבנים בתגובה לשאלות שקיבלו, אשר מעידות על יישום ההלכה בחיי היום־יום.","ספרות השו""ת בנויה מתשובות ופסיקות הלכה של רבנים בתגובה על שאלות שנשאלו. ראשיתה בתקופת הגאונים, וכתיבתה נמשכת עד ימינו. ספרות השו""ת ממחישה כיצד מיושמים הלכות וערכים בחיי היום־יום במקרים שטרם זכו להתייחסות מפורשת בספרות ההלכה, ולכן לעיתים קרובות התשובות משמשות תקדים למקרים עתידיים.","",""
"שו״ת/אחרונים","רבנים ופוסקי הלכה שחיו בתקופה שהחלה במאה ה-16 ונמשכה עד המאה ה-20. תשובותיהם מתמקדות בעיקר בסוגיות הלכתיות.","","",""
"שו״ת/אחרונים/רדב״ז","שאלות ותשובות מאת הרב דוד בן זמרא, רבה הראשי של מצרים במאה ה-16, הכוללות למעלה מ־2000 תשובות.","","שאלות ותשובות מאת הרב דוד אבן זמרא, רבה הראשי של מצרים בתקופת האחרונים, הכוללות למעלה מאלפיים תשובות.","שאלות ותשובות מאת הרב דוד אבן זמרא, רבה הראשי של מצרים בתקופת האחרונים, הכוללות למעלה מאלפיים תשובות."
"שו״ת/אחרונים/שואל ומשיב","שאלות ותשובות מאת הרב יוסף שאול נתנזון, מגדולי רבני פולין במאה ה-19, ומהראשונים לדון בשימוש בשעון שבת (טיימר).","","שאלות ותשובות מאת רבי יוסף שאול נתנזון זצ""ל, אב""ד לבוב, ערוכות בשש מהדורות ודנות בכל חלקי ההלכה.","שאלות ותשובות מאת רבי יוסף שאול נתנזון זצ""ל, אב""ד לבוב, ערוכות בשש מהדורות ודנות בכל חלקי ההלכה."
"שו״ת/גאונים","שאלות ותשובות (שו""ת) של רבנים וראשי ישיבות מתקופת המאה ה-6 עד תחילת המאה ה-11. עוסקות בפרשנות התלמוד, בהלכה ובהגות יהודית.","הגאונים היו רבנים ופוסקי הלכה שחיו בתקופה שהחלה במאה השישית, עם חתימת התלמוד, ונמשכה עד תחילת המאה ה-11 בקירוב. רבים מן הגאונים כיהנו כראש של אחת משתי ישיבות מרכזיות בבבל, סורא ופומבדיתא. השאלות שעליהן התבקשו להשיב נשלחו מיהודים תושבי האזור ומיהודים ממחוזות מרוחקים, והן עסקו בפרשנות התלמוד ובענייני הלכה. התשובות נכתבו בכמה שפות – עברית, ארמית וערבית - ואורכן השתנה ממשפט אחד ועד לספר שלם.","",""
"שו״ת/ראשונים","רבנים ופוסקי הלכה שחיו בתקופה שהחלה במאה ה-11 ונמשכה עד המאה ה-15. תשובותיהם מתמקדות בעיקר בסוגיות הלכתיות.","","רבותינו שמאחרי תקופת הגאונים ועד גירוש ספרד; פירושיהם ופסקיהם יסוד ההוראה והלימוד לכל הדורות שאחריהם.","רבותינו שמאחרי תקופת הגאונים ועד גירוש ספרד; פירושיהם ופסקיהם יסוד ההוראה והלימוד לכל הדורות שאחריהם."
"שו״ת/ראשונים/רמב״ם","אוסף מן המאה ה-12 של תשובות הלכתיות ואיגרות בשלל נושאים, בהם משמעות העולם הבא והגדרת הכפירה, מאת רבי משה בן מימון.","","",""
"שו״ת/ראשונים/רשב״א","שאלות ותשובות מאת רבי שלמה בן אברהם בן אדרת, בן המאה ה-14,המכילות למעלה מ־3000 פסקי הלכה ומצוטטות רבות בשולחן ערוך.","","",""
"תוספתא","ספרות תנאית מקבילה לסדרי המשנה, הכוללת הלכות ודיונים שלא הוכנסו למשנה.","התוספתא (תוספת, השלמה) חופפת לסדרי המשנה, והיא כוללת הלכות ודיונים שלא הוכנסו למשנה. המבנה והתכנים של התוספתא מקבילים לאלה של המשנה, אך על פי רוב התוספתא מפורטת יותר.","",""
"תוספתא/דפוס וילנא","","התוספתא (תוספת, השלמה) חופפת לסדרי המשנה, והיא כוללת הלכות ודיונים שלא הוכנסו למשנה. המבנה והתכנים של התוספתא מקבילים לאלה של המשנה, אך על פי רוב התוספתא מפורטת יותר, ולכן היא ארוכה פי שלושה מהמשנה.","",""
"תוספתא/דפוס וילנא/סדר מועד","חגים","","הסדר השני מששה סדרי משנה, ובו שתים עשרה מסכתות בדיני השבת והמועדים: שבת ועירובין, פסחים ויומא, סוכה וביצה.","הסדר השני מששה סדרי משנה, ובו שתים עשרה מסכתות בדיני השבת והמועדים: שבת ועירובין, פסחים ויומא, סוכה וביצה."
"תוספתא/דפוס וילנא/סדר נשים","דיני משפחה","","הסדר השלישי מששה סדרי משנה, ובו שבע מסכתות בדיני אישות: יבמות וכתובות, נדרים ונזיר, סוטה, גיטין וקידושין.","הסדר השלישי מששה סדרי משנה, ובו שבע מסכתות בדיני אישות: יבמות וכתובות, נדרים ונזיר, סוטה, גיטין וקידושין."
"תוספתא/דפוס וילנא/סדר קדשים","קורבנות","","הסדר החמישי מששה סדרי משנה, ובו אחת עשרה מסכתות בדיני הקרבנות והמקדש: זבחים, מנחות, חולין, בכורות, ערכין, תמורה, כריתות, מעילה, תמיד, מדות וקינים.","הסדר החמישי מששה סדרי משנה, ובו אחת עשרה מסכתות בדיני הקרבנות והמקדש: זבחים, מנחות, חולין, בכורות, ערכין, תמורה, כריתות, מעילה, תמיד, מדות וקינים."
"תוספתא/מהדורת ליברמן","","התוספתא (תוספת, השלמה) חופפת לסדרי המשנה, והיא כוללת הלכות ודיונים שלא הוכנסו למשנה. המבנה והתכנים של התוספתא מקבילים לאלה של המשנה, אך על פי רוב התוספתא מפורטת יותר, ולכן היא ארוכה פי שלושה מהמשנה.","",""
"תוספתא/מהדורת ליברמן/סדר מועד","חגים","","הסדר השני מששה סדרי משנה, ובו שתים עשרה מסכתות בדיני השבת והמועדים: שבת ועירובין, פסחים ויומא, סוכה וביצה.","הסדר השני מששה סדרי משנה, ובו שתים עשרה מסכתות בדיני השבת והמועדים: שבת ועירובין, פסחים ויומא, סוכה וביצה."
"תוספתא/מהדורת ליברמן/סדר נשים","דיני משפחה","","הסדר השלישי מששה סדרי משנה, ובו שבע מסכתות בדיני אישות: יבמות וכתובות, נדרים ונזיר, סוטה, גיטין וקידושין.","הסדר השלישי מששה סדרי משנה, ובו שבע מסכתות בדיני אישות: יבמות וכתובות, נדרים ונזיר, סוטה, גיטין וקידושין."
"תלמוד בבלי","","התלמוד הבבלי הוא טקסט מרכזי ביהדות הרבנית. המילה 'בבל' המופיעה בכותרת מתייחסת למיקום הגיאוגרפי בו גובש הטקסט, ולא ליחידה הפוליטית של האימפריה הבבלית. התלמוד כולל שני מרכיבים: המשנה (אשר נחתמה סביב השנה 200 לספירה) והגמרא (אשר נחתמה סביב השנה 500 לספירה). הגמרא היא דיון על המשנה, ובנויה לפי הסדרים והמסכתות אליו היא מחולקת. התלמוד כולו מכיל 63 מסכתות, המחולקות לפרקים ולדפים. כל דף הוא דו-צדדי והמספור מתחיל בדף ב, עמוד א. התלמוד כתוב בעברית תנאית ובארמית, וכולל את המימרות וההוראות של החכמים על מגוון נושאים: על הלכה, מוסר, פילוסופיה, מנהגים, היסטוריה, פולקלור ונושאים רבים אחרים. התלמוד הוא הבסיס לכל קבצי ההלכה היהודיים, ומצוטט באופן נרחב בספרות הרבנית. הוא מכונה גם 'הש""ס', ראשי תיבות של ""ששה סדרים,"" ששת הסדרים אליו מחולקים המשנה והגמרא.","דיוני חז״ל בנושאי הלכה, מוסר ותנ""ך שהתקיימו במשך דורות. בנויים כהרחבות על המשנה ושזורים בהם סיפורי אגדה.","התלמוד הבבלי הוא מיסודות התורה שבעל פה. השם 'בבלי' מתייחס למקום שבו גובש התלמוד. התלמוד כולל שני מרכיבים: המשנה (אשר נחתמה בידי רבי יהודה הנשיא) והגמרא (אשר נחתמה בידי רבינא ורב אשי). הגמרא היא דיון על המשנה, ובנויה לפי הסדרים והמסכתות אליהם היא מחולקת. התלמוד כולו מכיל 63 מסכתות, המחולקות לפרקים ולדפים. כל דף הוא דו-צדדי והמספור מתחיל בדף ב, עמוד א. התלמוד כתוב בלשון חכמים ובארמית, וכולל את המימרות וההוראות של החכמים על מגוון נושאים: הלכה, מוסר, מחשבה, מנהגים, היסטוריה ונושאים רבים אחרים. התלמוד הוא הבסיס לכל קובצי ההלכה, ומצוטט באופן נרחב בספרות הרבנית. הוא מכונה גם 'הש""ס', ראשי תיבות של ""שישה סדרים"", ששת הסדרים אליהם מחולקים המשנה והגמרא."
"תלמוד בבלי/אחרונים/באר שבע","פירוש על התלמוד מאת רבי יששכר איילנבורג","'באר שבע' הוא פירוש על התלמוד מאת רבי יששכר איילנבורג, רב פולני - איטלקי בסוף המאה ה-16 ותחילת המאה ה-17. הספר מורכב משבעה חיבורים ובהם פרשנות תלמודית בסגנון בעלי התוספות לשש מסכתות שחסר בהן פירוש [תוספות](https://www.sefaria.org/texts/Talmud/Bavli/Rishonim%20on%20Talmud/Tosafot). כותרת הספר מתייחסת לשבעת חלקיו: אחד לכל מסכת תלמוד שעליו נכתב פירוש תלמודי וחלק נוסף של שאלות ותשובות הלכתיות שכותרתו 'נר תורה'.","","'באר שבע' הוא פירוש על התלמוד מאת רבי יששכר איילנבורג, רב פולני - איטלקי בסוף המאה ה-16 ותחילת המאה ה-17. הספר מורכב משבעה חיבורים ובהם פרשנות תלמודית בסגנון בעלי התוספות לשש מסכתות שחסר בהן פירוש תוספות. כותרת הספר מתייחסת לשבעת חלקיו: אחד לכל מסכת תלמוד שעליו נכתב פירוש תלמודי וחלק נוסף של שאלות ותשובות הלכתיות שכותרתו 'נר תורה'."
"תלמוד בבלי/אחרונים/גבורת ארי","פירוש תלמודי מאת החכם הליטאי בן המאה ה-18, הרב אריה לייב גינצבורג, הידוע בכינויו 'שאגת אריה'.","'גבורת ארי' הוא פירוש לתלמוד מאת החכם הליטאי בן המאה ה-18, רבי אריה לייב גינצבורג, הידוע בכינוי 'שאגת אריה' על שם חיבורו. פרשנותו ארוכה ואנליטית ומתמקדת בהבנת הליבה של המקורות התלמודיים ופחות בעיסוק נרחב בפרשנויות תלמודיות אחרות. גינצבורג הביע עניין בפרסום חיבורו אך לא עשה זאת בחייו והפירושים נותרו בכתב יד עד לשנת 1862, בה פורסם הכרך הראשון על מסכת תענית. הכרכים על יומא ומכות יצאו לאור בשנת 1906, יותר ממאה שנה לאחר פטירתו של גינצבורג, על ידי רבי ישראל מאיר הכהן מראדין, ה'חפץ חיים'.","","'גבורת ארי' הוא פירוש לתלמוד מאת החכם הליטאי בן המאה ה-18, רבי אריה לייב גינצבורג, הידוע בכינוי 'שאגת אריה' על שם חיבורו. פרשנותו ארוכה ואנליטית ומתמקדת בהבנת הליבה של המקורות התלמודיים ופחות בעיסוק נרחב בפרשנויות תלמודיות אחרות. גינצבורג הביע עניין בפרסום חיבורו אך לא עשה זאת בחייו והפירושים נותרו בכתב יד עד לשנת ה'תרכ""ב, בה פורסם הכרך הראשון על מסכת תענית. הכרכים על יומא ומכות יצאו לאור בשנת ה'תרס""ו, יותר ממאה שנה לאחר פטירתו של גינצבורג, על ידי רבי ישראל מאיר הכהן מראדין, ה'חפץ חיים'."
"תלמוד בבלי/אחרונים/הגהות יעב״ץ","הערות מהמאה ה-18 של רבי יעקב עמדין (יַעְבֵ""ץ) על התלמוד הבבלי","בנוסף ליצירות הרבות שחיבר רבי יעקב עמדין (יַעְבֵ""ץ) בצורה פורמלית, היה נוהג במהלך לימודו את התלמוד הבבלי למלא את שולי הדף בהערות. בכמה מקומות, ציין עמדין כי בכוונתו לפרסם רשומות אלו, אך לא הספיק לעשות זאת בחייו. הערות אלו נדפסו לראשונה בסוף המאה ה-19 בדפוס ווילנא כ""הגדות יעקב"" או ""הערות יעקב בן צבי"".","הגהות והערות קצרות מאת רבי יעקב עמדין [היעב""ץ] זצ""ל, ובהן תיקוני גרסה ובירורי לשון. נדפסות בשולי הדף בדפוסי הש""ס והמשנה. חובר בערך ה'תפ""ה.","הגהות והערות קצרות מאת רבי יעקב עמדין [היעב""ץ] זצ""ל, ובהן תיקוני גרסה ובירורי לשון. נדפסות בשולי הדף בדפוסי הש""ס והמשנה. חובר בערך ה'תפ""ה."
"תלמוד בבלי/אחרונים/חידושי הרי״מ","פירוש מהמאה ה-19 מאת ר' יצחק מאיר רוטנברג אלתר, מייסד שושלת חסידות גור","'חידושי הרי""ם' הוא פירוש מהמאה ה-19 על התלמוד מאת רבי יצחק מאיר רוטנברג-אלתר, מייסד שושלת חסידות גור. בהקדמה כותב נכדו של אלתר, שפרסם את החיבור, כי סבו החל לכתוב את פירושו זה בגיל 17. סגנון הכתיבה דומה לזה של רבנים אחרים בני זמנו: ארוך ואנליטי, לעתים קרובות מתעמק בדקויות השפה בפירושו של רש""י וההשלכות הרעיוניות שלה.","",""
"תלמוד בבלי/אחרונים/ים של שלמה","חיבור הלכתי מן המאה ה־16 מאת רבי שלמה לוריא, הערוך כפירוש לתלמוד","ים של שלמה הוא חיבור הלכתי מאת אחד מגדולי פוסקי ההלכה האשכנזים במאה ה־16, רבי שלמה לוריא, הידוע גם בשם המהרש""ל. לוריא התנגד לשיטת הקודיפיקציה הפשוטה של ההלכה היהודית שבה נקטו בני דורו, רבי יוסף קארו ורבי משה איסרליש (הרמ״א). במקום זאת, הוא בנה את חיבוריו כפירוש לתלמוד, תוך ניתוח סוגיות תלמודיות ושקילת דעותיהם של ראשונים לפני שהגיע לפסיקה הלכתית מעשית. החיבור נכתב במקור על שישה עשר מסכתות מן התלמוד, אך רק שבע מהן השתמרו עד ימינו.","",""
"תלמוד בבלי/אחרונים/ציון לנפש חיה","פירוש תלמוד מהמאה ה-18 מאת ר' יחזקאל לנדא","'ציון לנפש חיה (צל""ח)' הוא פירוש לתלמוד מאת הרב והפוסק הנודע מהמאה ה-18, יחזקאל לנדא, הידוע גם בכינוי ""נודע ביהודה"" על שם ספר השו""ת שלו וגם בכינוי ""צל""ח"" על שם ספר פירושיו לתלמוד. בחיבור זה כתובים ניתוחים נרחבים של נושאים תלמודיים, סריקה וביקורת של הסברים של פרשנים קודמים ופרשנויות חדשות. לנדא פירסם את שני הכרכים הראשונים של פרשנותו לתלמוד על מסכתות פסחים (1783) וברכות (1791) בחייו; כרכים נוספים פורסמו לאחר מותו. כותרת החיבור היא מחווה לאמו של לנדא, חיה, לה הקדיש את הספר.","","'ציון לנפש חיה (צל""ח)' הוא פירוש לתלמוד מאת הרב והפוסק הנודע מהמאה ה-18, יחזקאל לנדא, הידוע גם בכינוי ""נודע ביהודה"" על שם ספר השו""ת שלו וגם בכינוי ""צל""ח"" על שם ספר פירושיו לתלמוד. בחיבור זה כתובים ניתוחים נרחבים של נושאים תלמודיים, סריקה וביקורת של הסברים של פרשנים קודמים ופרשנויות חדשות. לנדא פירסם את שני הכרכים הראשונים של פרשנותו לתלמוד על מסכתות פסחים (ה'תקמ""ג) וברכות (ה'תקנ""א) בחייו; כרכים נוספים פורסמו לאחר מותו. כותרת החיבור היא מחווה לאמו של לנדא, חיה, לה הקדיש את הספר."
"תלמוד בבלי/אחרונים/שערי תורת בבל","פירוש מהמאה ה-20 לתלמוד הבבלי, כולל הערות על חכמי התלמוד, מאת הרב זאב וולף רבינוביץ","״שערי תורת בבל״ הוא פירוש לתלמוד הבבלי, שנכתב בתחילת המאה ה-20 על ידי הרב זאב וולף רבינוביץ, המכיל גם חיבור ארוך על חכמי התלמוד ומאמר קצר יותר על התלמוד עצמו. בחיבור זה משולבות תובנות מיצירות עכשוויות על מדע ורפואה כאשר נושאים אלה עולים בדיון התלמודי. הפירוש הוא גם על חלקי האגדה שבתלמוד, וכולל בתוכו היבטים פילוסופיים, אתיים ורגשיים של המחבר. ""שערי תורת בבל"" יצא לאור על ידי בנו של המחבר, יצחק רבינוביץ, בעריכת הרב פרופסור עזרא ציון מלמד.","",""
"תלמוד בבלי/סדר מועד","חגים","","הסדר השני מששה סדרי משנה, ובו שתים עשרה מסכתות בדיני השבת והמועדים: שבת ועירובין, פסחים ויומא, סוכה וביצה.","הסדר השני מששה סדרי משנה, ובו שתים עשרה מסכתות בדיני השבת והמועדים: שבת ועירובין, פסחים ויומא, סוכה וביצה."
"תלמוד בבלי/סדר נשים","דיני משפחה","","הסדר השלישי מששה סדרי משנה, ובו שבע מסכתות בדיני אישות: יבמות וכתובות, נדרים ונזיר, סוטה, גיטין וקידושין.","הסדר השלישי מששה סדרי משנה, ובו שבע מסכתות בדיני אישות: יבמות וכתובות, נדרים ונזיר, סוטה, גיטין וקידושין."
"תלמוד בבלי/סדר קדשים","קורבנות","","הסדר החמישי מששה סדרי משנה, ובו אחת עשרה מסכתות בדיני הקרבנות והמקדש: זבחים, מנחות, חולין, בכורות, ערכין, תמורה, כריתות, מעילה, תמיד, מדות וקינים.","הסדר החמישי מששה סדרי משנה, ובו אחת עשרה מסכתות בדיני הקרבנות והמקדש: זבחים, מנחות, חולין, בכורות, ערכין, תמורה, כריתות, מעילה, תמיד, מדות וקינים."
"תלמוד בבלי/ראשונים/פסקי תוספות","חיבור מימי הביניים המתמצת את פסקי ההלכה של בעלי התוספות בפירושם על התלמוד ומצוטט רבות בקרב פוסקי ההלכה.","","ליקוט ההלכות העולות מדברי בעלי התוספות ז""ל, ערוך לפי סדר המסכתות ונדפס בסופן בדפוסי הש""ס.","ליקוט ההלכות העולות מדברי בעלי התוספות ז""ל, ערוך לפי סדר המסכתות ונדפס בסופן בדפוסי הש""ס."
"תלמוד ירושלמי","","התלמוד הירושלמי (מאה 5-4 לספירה) היא אוסף הערות רבניות על המשנה (מאה 2 לספירה). הוא ידוע גם כתלמוד הפלסטיני או כ'תלמודא דארץ ישראל' (התלמוד של ארץ ישראל). שמות אלו נחשבים יותר מדויקים על ידי חוקרים מסוימים, היות והחיבור נכתב ככל הנראה נכתב, ולא בירושלים. לשון התלמוד הירושלמי הוא ניב ארמי מערבי. הטקסט של הירושלמי מקוטע וקשה לקריאה במקרים רבים, בשל העריכה החפוזה לה זכה בעקבות רדיפות יהודי ארץ ישראל בתקופה זו. התלמוד הירושלמי מסודר בשני אופנים שונים: מספור דפים, המחל בדף 2 עמוד א (בדומה לתלמוד הבבלי), או מספור לפי פרקים והלכות, לפי סדר המשנה.","תלמודם של אמוראי ארץ ישראל על סדר המשנה, ולשונו קצרה; נסדר על ידי רבי יוחנן. התלמוד הירושלמי על סדר קדשים אינו בידינו. במחלוקת הירושלמי עם הבבלי הלכה בד""כ כבבלי שהוא בתרא.","תלמודם של אמוראי ארץ ישראל על סדר המשנה, ולשונו קצרה; נסדר על ידי רבי יוחנן. התלמוד הירושלמי על סדר קדשים אינו בידינו. במחלוקת הירושלמי עם הבבלי הלכה בד""כ כבבלי שהוא בתרא."
"תלמוד ירושלמי/מפרשים/פירוש שלמה סיריליו על תלמוד ירושלמי","פירוש מהמאה ה-16 לתלמוד הירושלמי מאת רבי שלמה סיריליו מספרד","רבי שלמה סיריליאו מהמאה ה-16 כתב את אחד הפירושים הראשונים לתלמוד הירושלמי, בעיקר על חלקים ללא מקבילות בתלמוד הבבלי, כמו סדר זרעים. סיריליאו החליט לכתוב את פירושו לאחר שראה הערות שוליים של רב מסלוניקי על סדר מועד של התלמוד הירושלמי. הוא ציין כי הטקסט התלמודי של סדר זרעים היה קשה וחסר פרשנות קדומה יותר. סגנון הפירוש מזכיר את זה של רש""י לתלמוד הבבלי תוך הצעת הסברים ושימוש במילים בספרדית כדי להגדיר מילים (בדומה לשימוש של רש״י בצרפתית).","",""
"תלמוד ירושלמי/מפרשים/שערי תורת ארץ ישראל","פירוש מהמאה ה-20 לתלמוד הירושלמי שנכתב על ידי הרב זאב וולף רבינוביץ","״שערי תורת ארץ ישראל״ הוא פירוש לתלמוד הירושלמי שנכתב בתחילת המאה ה-20 על ידי הרב זאב וולף רבינוביץ. המחבר כותב בהקדמתו כי למד את התלמוד הירושלמי מנעוריו ומצא כי הפירושים הקיימים אינם מספקים, בין השאר משום שמחבריהם הושפעו מגישות של התלמוד הבבלי הנלמד יותר. היצירה יצאה לאור לאחר מותו על ידי בנו של המחבר, יצחק רבינוביץ, שהקדיש אותה לזכר אמו.","",""
"תלמוד ירושלמי/סדר מועד","חגים","","הסדר השני מששה סדרי משנה, ובו שתים עשרה מסכתות בדיני השבת והמועדים: שבת ועירובין, פסחים ויומא, סוכה וביצה.","הסדר השני מששה סדרי משנה, ובו שתים עשרה מסכתות בדיני השבת והמועדים: שבת ועירובין, פסחים ויומא, סוכה וביצה."
"תלמוד ירושלמי/סדר נשים","דיני משפחה","","הסדר השלישי מששה סדרי משנה, ובו שבע מסכתות בדיני אישות: יבמות וכתובות, נדרים ונזיר, סוטה, גיטין וקידושין.","הסדר השלישי מששה סדרי משנה, ובו שבע מסכתות בדיני אישות: יבמות וכתובות, נדרים ונזיר, סוטה, גיטין וקידושין."
"תנ״ך","תורה, נביאים וכתובים - שלושת החלקים המרכיבים את התורה שבכתב, טקסט היסוד של היהדות.","התנ""ך (תורה, נביאים, כתובים) הוא טקסט היסוד של היהדות. ב-24 ספריו נכללים סיפורים, חוקים, שירה וכן תובנות ולקחים הקשורים לאלוהים, לעם ישראל ולאנושות.","תורה, נביאים וכתובים - שלושת החלקים המרכיבים את התורה שבכתב, יסוד היהדות.","התנ""ך (תורה, נביאים, כתובים) הוא יסוד היהדות. בעשרים וארבעה ספריו נכללים דברי נבואה, מצוות, שירה ומוסר, וכן תובנות ולקחים בענייני הקב""ה, עם ישראל והאנושות."
"תנ״ך/אחרונים/אבי עזר","ביאור לפירוש אבן עזרא לתורה, מן המאה ה-18.","","",""
"תנ״ך/אחרונים/אדרת אליהו","פירוש מן המאה ה-18 שכתב הגאון מווילנה, רבי אליהו בן שלמה זלמן.","","",""
"תנ״ך/אחרונים/אור החיים","פירוש מיסטי לתורה מן המאה ה-18 שמקורו במרוקו, ונתפס כיצירה מהותית בעיני מייסדי תנועת החסידות באירופה.","","פירושו של רבי חיים בן עטר זצ""ל על התורה, בדרך הפשט והדרש הרמז והסוד. התקבל בחביבות יתרה בקהלות ישראל, ונכלל בין פירושי רבותינו האחרונים המופיעים ברוב מהדורות ה'מקראות גדולות'.","פירושו של רבי חיים בן עטר זצ""ל על התורה, בדרך הפשט והדרש הרמז והסוד. התקבל בחביבות יתרה בקהלות ישראל, ונכלל בין פירושי רבותינו האחרונים המופיעים ברוב מהדורות ה'מקראות גדולות'."
"תנ״ך/אחרונים/אלשיך","פירוש מן המאה ה-16 המדגיש מסרים בתחום האתיקה והמוסר הדתי הטמונים בכל פסוק.","","פירושו של רבי משה אלשיך זצ""ל על תורה נביאים וכתובים, המבאר באריכות ענייני הכתובים והנלמד מהם בדרכי המוסר ועבודת ה'.","פירושו של רבי משה אלשיך זצ""ל על תורה נביאים וכתובים, המבאר באריכות ענייני הכתובים והנלמד מהם בדרכי המוסר ועבודת ה'."
"תנ״ך/אחרונים/אמרי יושר","פירוש על חמש מגילות של מחבר הספר 'נתיבות משפט', מן המאה ה-19.","","פירוש על חמש מגילות מאת רבי יעקב מליסא זצ""ל [בעל 'נתיבות המשפט'].","פירוש על חמש מגילות מאת רבי יעקב מליסא זצ""ל [בעל 'נתיבות המשפט']."
"תנ״ך/אחרונים/גור אריה","ביאור על פירוש רש""י לתורה שכתב המהר""ל מפראג, בן המאה ה-16.","","",""
"תנ״ך/אחרונים/הכתב והקבלה","פירוש מן המאה ה-19 שחיבר אחד המתנגדים ליהדות הרפורמית, ומטרתו להוכיח את החיבור בין התורה שבכתב לתורה שבעל פה.","","",""
"תנ״ך/אחרונים/העמק דבר","פירוש רב-השפעה של הנצי""ב מן המאה ה-19, המבוסס על דרשות שבועיות שנשא על פרשת השבוע בישיבת וולוז'ין.","","פירוש על התורה ומגילת שיר השירים בדרך פשוטו של מקרא שחיבר רבי נפתלי צבי יהודה ברלין [הנצי""ב] זצ""ל. הספר מפרש על דרך הפשט, מעמיק ומנתח כל אות, ניקוד ודגש הנראים מיותרים ולמד מתוכם את דרשות חז""ל שבעומק הפשט. חובר בערך ה'ת""ר.","פירוש על התורה ומגילת שיר השירים בדרך פשוטו של מקרא שחיבר רבי נפתלי צבי יהודה ברלין [הנצי""ב] זצ""ל. הספר מפרש על דרך הפשט, מעמיק ומנתח כל אות, ניקוד ודגש הנראים מיותרים ולמד מתוכם את דרשות חז""ל שבעומק הפשט. חובר בערך ה'ת""ר."
"תנ״ך/אחרונים/הרחב דבר","הרחבות הנצי""ב על פירושו 'העמק דבר'.","","הרחבותיו של רבי נפתלי צבי יהודה ברלין [הנצי""ב] זצ""ל, ראש ישיבת וולוז'ין, הנלוות לפירושו 'העמק דבר' על התורה. חובר בערך ה'ת""ר, נדפס בחיי המחבר בוילנה.","הרחבותיו של רבי נפתלי צבי יהודה ברלין [הנצי""ב] זצ""ל, ראש ישיבת וולוז'ין, הנלוות לפירושו 'העמק דבר' על התורה. חובר בערך ה'ת""ר, נדפס בחיי המחבר בוילנה."
"תנ״ך/אחרונים/חיד״א","סדרה של פירושיו של הרב חיים יוסף דוד אזולאי , בן המאה ה-18, המשלבים פרשנות חז""ל וקבלה.","","סדרה של פירושיו של רבי חיים יוסף דוד אזולאי [החיד""א] זצ""ל, המשלבים פירוש חז""ל וקבלה. מרבותיו: המקובל רבי שלום שרעבי · רבי אליעזר נחום · רבי חיים בן עטר [האור החיים] · רבי יונה נבון מחבר [נחפה בכסף] ועוד.","סדרה של פירושיו של רבי חיים יוסף דוד אזולאי [החיד""א] זצ""ל, המשלבים פירוש חז""ל וקבלה. מרבותיו: המקובל רבי שלום שרעבי · רבי אליעזר נחום · רבי חיים בן עטר [האור החיים] · רבי יונה נבון מחבר [נחפה בכסף] ועוד."
"תנ״ך/אחרונים/כלי יקר","פירוש המבוסס בחלקו על דרשות של המחבר, הרב שלמה אפרים מלונטשיץ, מן המאה ה-17.","","פירוש על חמישה חומשי תורה שכתבו רבי שלמה אפרים מלונטשיץ זצ""ל. הספר התקבל כאחד מעמודי התווך של פירוש המקרא, והודפס פעמים רבות במספר מהדורות. חובר בערך ה'שנ""ח. רבותיו המהרש""ל.","פירוש על חמישה חומשי תורה שכתבו רבי שלמה אפרים מלונטשיץ זצ""ל. הספר התקבל כאחד מעמודי התווך של פירוש המקרא, והודפס פעמים רבות במספר מהדורות. חובר בערך ה'שנ""ח. רבותיו המהרש""ל."
"תנ״ך/אחרונים/מזרחי","ביאור לפירוש רש""י על התורה, נכתב במאה ה-16, המשלב הגנה על פירושי רש""י נגד הרמב""ן ופרשנים אחרים החולקים על פירושיו.","","",""
"תנ״ך/אחרונים/מלבי״ם","פירוש מן המאה ה-19 המבוסס על ההשערה שלכל מילה מקראית משמעות ייחודית, ואין חזרות או כפילויות מיותרות.","","פירושו של רבי מאיר לייבוש וייזר [המלבי""ם] זצ""ל על התנ""ך. מבאר את הכתובים על פי דיוק הלשון ומברר שאין בתורה מילה יתרה, ומעמיד את דרשות חז""ל על יסוד פשוטו של מקרא. חובר בערך ה'תר""ד, נדפס בחיי המחבר בורשה.","פירושו של רבי מאיר לייבוש וייזר [המלבי""ם] זצ""ל על התנ""ך. מבאר את הכתובים על פי דיוק הלשון ומברר שאין בתורה מילה יתרה, ומעמיד את דרשות חז""ל על יסוד פשוטו של מקרא. חובר בערך ה'תר""ד, נדפס בחיי המחבר בורשה."
"תנ״ך/אחרונים/מצודת דוד","פירוש קלאסי מן המאה ה-18 על נביאים וכתובים, המתבסס בעיקר על פירוש רד""ק ומבאר את הפסוקים בשפה ברורה ופשוטה.","","ביאור נביאים וכתובים, מאת רבי דוד אלטשולר זצ""ל מפראג. נדפס עם 'מצודת ציון' שמבאר את המילים, והוא מן הפירושים הנפוצים על הנ""ך' (וע""ע סדר הדורות, סדר ספרים, פרק א, אות שפב). חובר בערך ה'ת""ק.","ביאור נביאים וכתובים, מאת רבי דוד אלטשולר זצ""ל מפראג. נדפס עם 'מצודת ציון' שמבאר את המילים, והוא מן הפירושים הנפוצים על הנ""ך' (וע""ע סדר הדורות, סדר ספרים, פרק א, אות שפב). חובר בערך ה'ת""ק."
"תנ״ך/אחרונים/מצודת ציון","ביאור למילים מקראיות, במקור פורסם עם מצודת דוד כחיבור משולב.","","ביאור המילים הקשות שבנביאים ובכתובים, מאת רבי דוד אלטשולר זצ""ל מפראג. נלווה ל'מצודת דוד' שמבאר את עניין הכתובים. חובר בערך ה'ת""ק.","ביאור המילים הקשות שבנביאים ובכתובים, מאת רבי דוד אלטשולר זצ""ל מפראג. נלווה ל'מצודת דוד' שמבאר את עניין הכתובים. חובר בערך ה'ת""ק."
"תנ״ך/אחרונים/משך חכמה","פירוש לתורה שכתב הרב מאיר שמחה הכהן מדווינסק, שהתחיל לכותבו כשהיה נער צעיר במאה ה-20.","","",""
"תנ״ך/אחרונים/שפתי חכמים","ביאור לפירוש רש""י המזהה את הקשיים בטקסט המקראי שבבסיס פירושי רש""י; נכתב במאה ה-17.","","",""
"תנ״ך/אחרונים/תורה תמימה","אנציקלופדיה מתחילת המאה ה-20 שבה קטעים מספרות חז""ל הנוגעים לכל פסוק בתורה בליווי הסברים קצרים.","","מאמרי חז""ל מן הבבלי, הירושלמי והמדרשים על סדר פסוקי התורה וחמש מגילות, כפי שסדרם רבי ברוך הלוי אפשטיין זצ""ל.","מאמרי חז""ל מן הבבלי, הירושלמי והמדרשים על סדר פסוקי התורה וחמש מגילות, כפי שסדרם רבי ברוך הלוי אפשטיין זצ""ל."
"תנ״ך/ראשונים/אבן עזרא","פירוש פשט המשלב ביאורים המבוססים על דקדוק ובלשנות; חובר במאה ה-12.","","פירושו של הראב""ע לתורה, העוסק בפשט הכתוב ומבאר חוקי הלשון [~המאה העשירית לאלף החמישי].","פירושו של הראב""ע לתורה, העוסק בפשט הכתוב ומבאר חוקי הלשון [~המאה העשירית לאלף החמישי]."
"תנ״ך/ראשונים/אברבנאל","פירוש לתורה ולנביאים מן המאה ה-15; כל קטע חדש בו נפתח ברשימת שאלות על הטקסט המקראי.","","פירוש רבי יצחק אברבנאל זצ""ל לתורה ולנביאים. דרכו לפתוח בהעמדת השאלות העולות מפשט הכתובים, ומרחיב בביאור הדברים ויישובם.","פירוש רבי יצחק אברבנאל זצ""ל לתורה ולנביאים. דרכו לפתוח בהעמדת השאלות העולות מפשט הכתובים, ומרחיב בביאור הדברים ויישובם."
"תנ״ך/ראשונים/בכור שור","פירוש של אחד מבעלי התוספות בצרפת מן המאה ה-12, המתמקד בביאור מילים וביטויים ובמתן הסברים רציונליים לניסים במקרא.","","פירוש של אחד מבעלי התוספות בצרפת מן המאה ה-12, המתמקד בביאור מילים וביטויים ובפשוטם של מקראות.",""
"תנ״ך/ראשונים/בעל הטורים","מבואות קצרים לפרשיות מקראיות המשלבים גימטריות ומשחקי לשון. חובר במאה ה-14.","","פירוש על המקרא, מאת רבנו יעקב בן אשר [בעל הטורים] ז""ל. חובר בערך ה'מ'. מרבותיו: אביו הרא""ש.","פירוש על המקרא, מאת רבנו יעקב בן אשר [בעל הטורים] ז""ל. חובר בערך ה'מ'. מרבותיו: אביו הרא""ש."
"תנ״ך/ראשונים/דעת זקנים","פירוש שחיברו בעלי התוספות במאות ה-12 וה-13 בעיקר בצרפת ובגרמניה.","","ספר דעת זקנים, (או, רבותינו בעלי הבעלי התוספות ז""ל) הוא ספר על התורה שחיברו בעלי הבעלי התוספות ז""ל. הספר עוסק בדברי הגות ופירושים נוספים על פירוש רש""י על התורה. חובר בערך ד'תת""ס.","ספר דעת זקנים, (או, רבותינו בעלי הבעלי התוספות ז""ל) הוא ספר על התורה שחיברו בעלי הבעלי התוספות ז""ל. הספר עוסק בדברי הגות ופירושים נוספים על פירוש רש""י על התורה. חובר בערך ד'תת""ס."
"תנ״ך/ראשונים/הטור הארוך","פירוש של בעל הטורים, בן המאה ה-14, המשלב סיכומים של פרשנות קיימת, בייחוד זו של הרמב""ן.","","",""
"תנ״ך/ראשונים/חזקוני","פירוש מן המאה ה-13 המציג ביאורים של פרשנות פשט שקדמה לו לצד חידושים.","","",""
"תנ״ך/ראשונים/יוסף אבן יחיא","פירוש מן המאה ה-16 על ספרי הכתובים, מיוחס לתלמידו של הרשב""א.","","פירוש מאת רבי גדליה אבן יחיא זצ""ל על ספר אסתר. חובר בערך ה'רע""ז.","פירוש מאת רבי גדליה אבן יחיא זצ""ל על ספר אסתר. חובר בערך ה'רע""ז."
"תנ״ך/ראשונים/מנחת שי","פירוש מן המאה ה-17 המתמקד בשינויי נוסח, טעמי המקרא ודקדוקי הגייה בטקסט המקראי.","","חיבור של רבי ידידיה שלמה רפאל נורצי זצ""ל, העוסק בצורתן, ניקודן ומסורתן של תיבות ואותיות המקרא, ומטרתו לברר וללבן את גרסאות המקרא בענייני כתיב, ניקוד וטעמים, ולקבוע את הנוסח הנכון. שם החיבור הוא כראשי תיבות של שם המחבר אך שמו המקורי של הספר היה ""גודר פרץ. חובר ה'רפ""ו.","חיבור של רבי ידידיה שלמה רפאל נורצי זצ""ל, העוסק בצורתן, ניקודן ומסורתן של תיבות ואותיות המקרא, ומטרתו לברר וללבן את גרסאות המקרא בענייני כתיב, ניקוד וטעמים, ולקבוע את הנוסח הנכון. שם החיבור הוא כראשי תיבות של שם המחבר אך שמו המקורי של הספר היה ""גודר פרץ. חובר ה'רפ""ו."
"תנ״ך/ראשונים/ספורנו","פירוש של רב ורופא איטלקי מן המאה ה-16, ובו ביאורים קצרים ופשוטים לטקסט המקראי.","","פירוש לשיר השירים. כתבו רבי עובדיה סְפוֹרְנוֹ – מפרש מקרא, רב ורופא באיטליה. חובר בערך ה'ר""ס.","פירוש לשיר השירים. כתבו רבי עובדיה סְפוֹרְנוֹ – מפרש מקרא, רב ורופא באיטליה. חובר בערך ה'ר""ס."
"תנ״ך/ראשונים/קיצור בעל הטורים","קיצור הפירוש לתורה שכתב בעל הטורים במאה ה-14.","","ביאורים קצרים על התורה מאת רבנו יעקב בן אשר [בעל הטורים] ז""ל, ובהם רמזים וגימטריאות. נדפסים במקראות גדולות. חובר בערך ה'מ'. מרבותיו: אביו הרא""ש.","ביאורים קצרים על התורה מאת רבנו יעקב בן אשר [בעל הטורים] ז""ל, ובהם רמזים וגימטריאות. נדפסים במקראות גדולות. חובר בערך ה'מ'. מרבותיו: אביו הרא""ש."
"תנ״ך/ראשונים/רבינו סעדיה גאון","פירוש המשלב מאמרים הלכתיים ופילוסופיים עם קשר רופף לפסוקי המקרא; נכתב במאה ה-10.","","פירוש המשלב מאמרים הלכתיים ופילוסופיים עם קשר רופף לפסוקי המקרא; נכתב בתקופת הגאונים. חובר בערך ד'תרע""ח.","פירוש המשלב מאמרים הלכתיים ופילוסופיים עם קשר רופף לפסוקי המקרא; נכתב בתקופת הגאונים. חובר בערך ד'תרע""ח."
"תנ״ך/ראשונים/רבינו חננאל","פירוש אבוד מן המאה ה-11 שנלקט מציטוטים שהביאו ממנו פרשנים מאוחרים לו ומקטעי כתבי יד שהתגלו בגניזת קהיר.","","",""
"תנ״ך/ראשונים/רבנו בחיי","פירוש מן המאה ה-14 המשלב ביאורים לשוניים עם פרשנות אלגורית, פילוסופית ומיסטית.","","פירוש מן המאה ה-14 המשלב ביאורים לשוניים עם דרש, מחשבה ותורת הסוד.",""
"תנ״ך/ראשונים/רד״ק","פרשנות פשט ידועה מן המאה ה-13 המשלבת עיונים לשוניים ופילוסופיים.","","המדקדק הגדול ר' דוד קמחי פי' על נביאים ודברי הימים גם על התורה, עיין תורה' (סדר הדורות, סדר ספרים, פרק ב, אות עד) חובר בערך ד'תתקמ""ה.","המדקדק הגדול ר' דוד קמחי פי' על נביאים ודברי הימים גם על התורה, עיין תורה' (סדר הדורות, סדר ספרים, פרק ב, אות עד) חובר בערך ד'תתקמ""ה."
"תנ״ך/ראשונים/רלב״ג","פירוש ביטויים ופסוקים המשולבים באמרות מוסר, הלכה, פילוסופיה, מתמטיקה ואסטרונומיה; נכתב במאה ה-14.","","ר' לוי בן גרשון פי' על התורה נוטה קצת לפילוסופיא, ש""ז' (סדר הדורות, סדר ספרים, פרק ב, אות פא) חובר בערך ה'פ""ה.","ר' לוי בן גרשון פי' על התורה נוטה קצת לפילוסופיא, ש""ז' (סדר הדורות, סדר ספרים, פרק ב, אות פא) חובר בערך ה'פ""ה."
"תנ״ך/ראשונים/רלב״ג ביאור המלות","אחד משלושת החלקים של פירוש רלב""ג לתורה, המתמקד בהגדרות לשוניות.","","חלק 'באור המלות' מתוך פירוש הרלב""ג על התורה. חובר בערך ה'פ""ו.","חלק 'באור המלות' מתוך פירוש הרלב""ג על התורה. חובר בערך ה'פ""ו."
"תנ״ך/ראשונים/רמב״ן","פירוש מהמאה ה-13 המשלב פרשנות מקראית עם הלכה, הגות ומיסטיקה.","","פירוש על המקרא, מאת רבנו משה בן נחמן [הרמב""ן] ז""ל. חובר בערך ה'ו'. מרבותיו: רבי יהודה בר יקר · רבי עזרא בן שלמה (חכמת הקבלה), ותלמידיו הרא""ה · הרשב""א · רבי נתן בר יוסף · רבי שמואל בר יצחק הסרדי.","פירוש על המקרא, מאת רבנו משה בן נחמן [הרמב""ן] ז""ל. חובר בערך ה'ו'. מרבותיו: רבי יהודה בר יקר · רבי עזרא בן שלמה (חכמת הקבלה), ותלמידיו הרא""ה · הרשב""א · רבי נתן בר יוסף · רבי שמואל בר יצחק הסרדי."
"תנ״ך/ראשונים/רשב״ם","פירוש פשט ידוע מן המאה ה-12 שחיבר נכדו של רש""י.","","",""
"תנ״ך/ראשונים/רש״י","הפירוש הנפוץ והמוכר ביותר לתורה, המבאר את פשטי המקראות בתוספת הרחבות פרשניות; חובר במאה ה-11.","","פירושו של רש""י הקדוש ז""ל, גדול מפרשי המקרא והתלמוד. מבאר את פשוטם של דברים בלשון קצרה וברורה, ומיישב את הקשיים שבלשון הכתוב ובמהלך הסוגיה. נדפס בצד המקראות ובצדו הפנימי של דף הגמרא' (וע""ע סדר הדורות, סדר ספרים, פרק ב, אות קיג). חובר בערך ד'תתל""ה.","פירושו של רש""י הקדוש ז""ל, גדול מפרשי המקרא והתלמוד. מבאר את פשוטם של דברים בלשון קצרה וברורה, ומיישב את הקשיים שבלשון הכתוב ובמהלך הסוגיה. נדפס בצד המקראות ובצדו הפנימי של דף הגמרא' (וע""ע סדר הדורות, סדר ספרים, פרק ב, אות קיג). חובר בערך ד'תתל""ה."
"תנ״ך/תורה","","התורה כוללת את חמשת הספרים הראשונים של התנ""ך. לפי המסורת הרבנית, התורה שבכתב, יחד עם התורה שבעל פה, המרכיבים יחד את ההלכה היהודית, ניתנו בנבואה למשה. המסורת היהודית מחלקת את התורה לפרשיות, כאשר כל שבוע נקראת פרשה אחת, וקריאת כל חמשת החומשים מסתיימת במהלך כל שנה ושנה. הנוצרים חילקו את התורה לפרקים ופסוקים, וחלוקה זאת נמצאת בשימוש גם אצל יהודים מאז ימי הביניים.","","התורה כוללת את חמשת הספרים הראשונים של התנ""ך. התורה שבכתב, יחד עם התורה שבעל פה, המרכיבות יחד את ההלכה, ניתנו למשה רבנו מסיני. המסורת מחלקת את התורה לפרשיות, כאשר בכל שבוע נקראת פרשה אחת, וקריאת כל חמשת החומשים מסתיימת במהלך כל שנה ושנה."
"תנ״ך/תרגומים","תרגום של התנ""ך לארמית, במקור הועבר בעל פה, והועלה על הכתב מן המאה ה-1 עד המאה ה-8 לספירה.","הקטגוריה של 'תרגומים' כוללת את תרגומי התורה לארמית, תרגומים שהועברו במקור בעל פה והועלו על הכתב בין המאה ה-1 ל-6 לספירה.","",""
"תנ״ך/תרגומים/תפסיר רס״ג","תרגום רב-השפעה של התורה לערבית באותיות עבריות שחיבר הרב סעדיה גאון במאה ה-10.","","",""
"תנ״ך/תרגומים/תרגום","תרגומים על ספרי כתובים במגוון סגנונות ממגוון תקופות.","","תרגום הכתובים ללשון ארמית — תהלים, משלי, איוב וחמש מגילות; מבאר את הפסוק ואינו העתקה בלבד.","תרגום הכתובים ללשון ארמית — תהלים, משלי, איוב וחמש מגילות; מבאר את הפסוק ואינו העתקה בלבד."
"תנ״ך/תרגומים/תרגום אונקלוס","התרגום המרכזי לתורה שהתקבל בתלמוד כתרגום סמכותי; בתקופת התלמוד נקרא בבית הכנסת לצד קריאת התורה, ועדיין נקרא היום בקהילות יהודי תימן.","","תרגום יהודי לשפה הארמית לחמשת חומשי התורה. מקובל שהתרגום בנוסחו המצוי בידינו כתבו רבי אונקלוס הגר, בתקופה שלאחר חורבן בית שני בארץ ישראל. חובר בערך ג'תת""מ.","תרגום יהודי לשפה הארמית לחמשת חומשי התורה. מקובל שהתרגום בנוסחו המצוי בידינו כתבו רבי אונקלוס הגר, בתקופה שלאחר חורבן בית שני בארץ ישראל. חובר בערך ג'תת""מ."
"תנ״ך/תרגומים/תרגום יונתן","תרגום מרכזי על ספרי הנביאים שנקרא בציבור בבית הכנסת בתקופת התלמוד, ועדיין נקרא היום בקהילות של יהודי תימן.","","תרגום הנביאים לארמית מאת התנא יונתן בן עוזיאל, שקיבל מרבותיו מפי הנביאים חגי זכריה ומלאכי. נדפס בצד המקראות. מרבותיו: הלל הזקן.","תרגום הנביאים לארמית מאת התנא יונתן בן עוזיאל, שקיבל מרבותיו מפי הנביאים חגי זכריה ומלאכי. נדפס בצד המקראות. מרבותיו: הלל הזקן."
"תנ״ך/תרגומים/תרגום ירושלמי","קטעי תרגום על מבחר ביטויים בתורה.","","",""
"תנ״ך/תרגומים/תרגום ניאופיטי","תרגום לתורה המשלב הרחבות פרשניות על הטקסט המקראי; חובר בארץ ישראל.","","",""
"הלכה/משנה תורה/מפרשים/אבן האזל","","","חידושים על משנה תורה להרמב""ם, מאת רבי איסר זלמן מלצר זצ""ל, ראש ישיבת עץ חיים בירושלים. נודע בראשי התיבות אבהא""ז, ונמנה עם ספרי היסוד בדרך הלימוד הישיבתית. חובר בערך ה'תרצ""ה.","חידושים על משנה תורה להרמב""ם, מאת רבי איסר זלמן מלצר זצ""ל, ראש ישיבת עץ חיים בירושלים. נודע בראשי התיבות אבהא""ז, ונמנה עם ספרי היסוד בדרך הלימוד הישיבתית. חובר בערך ה'תרצ""ה."
"הלכה/משנה תורה/מפרשים/אור שמח","","","חידושים וביאורים על משנה תורה להרמב""ם, מאת רבי מאיר שמחה הכהן מדווינסק זצ""ל. מברר את מקורות הרמב""ם ואת שיטתו, ומרבה לחדש אף בסוגיות הש""ס הבבלי והירושלמי הנוגעות לדבריו. נדפס בוורשה בשנים ה'תרס""ב–ה'תרע""ח. חובר בערך ה'תרמ""ג.","חידושים וביאורים על משנה תורה להרמב""ם, מאת רבי מאיר שמחה הכהן מדווינסק זצ""ל. מברר את מקורות הרמב""ם ואת שיטתו, ומרבה לחדש אף בסוגיות הש""ס הבבלי והירושלמי הנוגעות לדבריו. נדפס בוורשה בשנים ה'תרס""ב–ה'תרע""ח. חובר בערך ה'תרמ""ג."
"הלכה/שולחן ערוך/מפרשים/אורים ותומים","","","ביאור על שולחן ערוך חושן משפט מאת רבי יהונתן אייבשיץ זצ""ל. נדפס אחר פטירתו.","ביאור על שולחן ערוך חושן משפט מאת רבי יהונתן אייבשיץ זצ""ל. נדפס אחר פטירתו."
"הלכה/שולחן ערוך/מפרשים/אליה רבה","","","חיבור הלכתי מאת רבי אליהו שפירא זצ""ל על שלחן ערוך אורח חיים, בכלל מפרשי השולחן ערוך, בביאור דברי הפוסקים ובירור ההלכה למעשה. חובר בערך ה'ת""מ.","חיבור הלכתי מאת רבי אליהו שפירא זצ""ל על שלחן ערוך אורח חיים, בכלל מפרשי השולחן ערוך, בביאור דברי הפוסקים ובירור ההלכה למעשה. חובר בערך ה'ת""מ."
"מילונים וספרי יעץ/אנציקלופדיות","","","ספרי כינוס תורניים הערוכים לפי ערכים, לעיון מהיר בנושא ובמקורותיו. מקומם בספרות העזר שבצד הלימוד.","ספרי כינוס תורניים הערוכים לפי ערכים, לעיון מהיר בנושא ובמקורותיו. מקומם בספרות העזר שבצד הלימוד."
"ספרות עזר/אנציקלופדיות","","","ספרי כינוס תורניים הערוכים לפי ערכים, לעיון מהיר בנושא ובמקורותיו. מקומם בספרות העזר שבצד הלימוד.","ספרי כינוס תורניים הערוכים לפי ערכים, לעיון מהיר בנושא ובמקורותיו. מקומם בספרות העזר שבצד הלימוד."
"הלכה/שולחן ערוך/מפרשים/אשל אברהם","","","חיבור הלכתי מאת רבי אברהם דוד מבוטשאטש זצ""ל על שולחן ערוך אורח חיים, בכלל מפרשי השולחן ערוך, בביאור דברי הפוסקים ובירור ההלכה למעשה. חובר בערך ה'תקנ""ה.","חיבור הלכתי מאת רבי אברהם דוד מבוטשאטש זצ""ל על שולחן ערוך אורח חיים, בכלל מפרשי השולחן ערוך, בביאור דברי הפוסקים ובירור ההלכה למעשה. חובר בערך ה'תקנ""ה."
"הלכה/משנה תורה/מפרשים/באורי מהר״י קורקוס והרדב״ז","","","פירושו של רבנו יוסף קורקוס ז""ל על משנה תורה להרמב""ם, על הספרים שאין עליהם 'מגיד משנה' – זרעים, עבודה, קרבנות וטהרה. מפרש את הרמב""ם על דרך הפשט ומציין את מקורותיו. חובר בערך ה'ר""כ.","פירושו של רבנו יוסף קורקוס ז""ל על משנה תורה להרמב""ם, על הספרים שאין עליהם 'מגיד משנה' – זרעים, עבודה, קרבנות וטהרה. מפרש את הרמב""ם על דרך הפשט ומציין את מקורותיו. חובר בערך ה'ר""כ."
"הלכה/שולחן ערוך/מפרשים/באר היטב","","","חיבור המסכם את המסקנות להלכה מנושאי כליו העיקריים של השולחן ערוך, ולעיתים גם מספרי שאלות ותשובות. החיבור נדפס על הדף בכל הדפוסים הנפוצים של השולחן ערוך, וכן בספרים כמו משנה ברורה ודרכי תשובה.","חיבור המסכם את המסקנות להלכה מנושאי כליו העיקריים של השולחן ערוך, ולעיתים גם מספרי שאלות ותשובות. החיבור נדפס על הדף בכל הדפוסים הנפוצים של השולחן ערוך, וכן בספרים כמו משנה ברורה ודרכי תשובה."
"הלכה/מפרשים/בדק הבית","","","תיקוניו והשלמותיו של רבי יוסף קארו [מרן הבית יוסף] זצ""ל לחיבורו 'בית יוסף' שעל הטור. חובר ה'נ""ג.","תיקוניו והשלמותיו של רבי יוסף קארו [מרן הבית יוסף] זצ""ל לחיבורו 'בית יוסף' שעל הטור. חובר ה'נ""ג."
"משנה/אחרונים/בועז","","","חלק החידושים שבפירוש 'תפארת ישראל' על המשנה, מאת רבי ישראל ליפשיץ זצ""ל. בא בסוף כל פרק, ובו בירורים ארוכים ודיוני הלכה בעקבות דברי המשנה. חובר בערך ה'תק""ע, נדפס בחיי המחבר בדנציג / גדנסק.","חלק החידושים שבפירוש 'תפארת ישראל' על המשנה, מאת רבי ישראל ליפשיץ זצ""ל. בא בסוף כל פרק, ובו בירורים ארוכים ודיוני הלכה בעקבות דברי המשנה. חובר בערך ה'תק""ע, נדפס בחיי המחבר בדנציג / גדנסק."
"הלכה/שולחן ערוך/מפרשים/ביאור הגר״א","","","פירוש על התלמוד הירושלמי, מאת רבי אליהו ב""ר שלמה זלמן מווילנה [הגר""א] זצ""ל.","פירוש על התלמוד הירושלמי, מאת רבי אליהו ב""ר שלמה זלמן מווילנה [הגר""א] זצ""ל."
"הלכה/משנה תורה/מפרשים/בינה לעתים","","","חיבור על משנה תורה להרמב""ם מאת רבי יהונתן אייבשיץ זצ""ל, לבירור ההלכה ופסיקתה למעשה. חובר בערך ה'תע""ד.","חיבור על משנה תורה להרמב""ם מאת רבי יהונתן אייבשיץ זצ""ל, לבירור ההלכה ופסיקתה למעשה. חובר בערך ה'תע""ד."
"הלכה/משנה תורה/מפרשים/בן אריה","","","חידושים וציוני מראה מקומות לדברי הרמב""ם במשנה תורה, מאת רבי זאב בן אריה זצ""ל. נדפס בצד דברי הרמב""ם. חובר בערך ה'תקפ""ה.","חידושים וציוני מראה מקומות לדברי הרמב""ם במשנה תורה, מאת רבי זאב בן אריה זצ""ל. נדפס בצד דברי הרמב""ם. חובר בערך ה'תקפ""ה."
"תלמוד בבלי/אחרונים/בן יהוידע","","","ביאור על אגדות הש""ס מאת רבי יוסף חיים מבגדאד [הבן איש חי] זצ""ל, המבאר את דברי חז""ל על דרך הפשט והדרש וכן על דרך הסוד. חובר בערך ה'תר""כ, נדפס בחיי המחבר בירושלים.","ביאור על אגדות הש""ס מאת רבי יוסף חיים מבגדאד [הבן איש חי] זצ""ל, המבאר את דברי חז""ל על דרך הפשט והדרש וכן על דרך הסוד. חובר בערך ה'תר""כ, נדפס בחיי המחבר בירושלים."
"הלכה/משנה תורה/מפרשים/בני אהובה","","","פירוש על משנה תורה להרמב""ם, מאת רבי יהונתן אייבשיץ זצ""ל. חובר בערך ה'תע""ד.","פירוש על משנה תורה להרמב""ם, מאת רבי יהונתן אייבשיץ זצ""ל. חובר בערך ה'תע""ד."
"הלכה/משנה תורה/מפרשים/בני בנימין","","","חיבור על משנה תורה להרמב""ם מאת רבי אליהו דוד רבינוביץ תאומים [האדר""ת] זצ""ל, לבירור ההלכה ופסיקתה למעשה. חובר בערך ה'תר""ה.","חיבור על משנה תורה להרמב""ם מאת רבי אליהו דוד רבינוביץ תאומים [האדר""ת] זצ""ל, לבירור ההלכה ופסיקתה למעשה. חובר בערך ה'תר""ה."
"תלמוד בבלי/אחרונים/בניהו","","","חידושים וביאורים על אגדות הש""ס מאת רבי יוסף חיים מבגדאד [הבן איש חי] זצ""ל. חובר בערך ה'תרט""ו, נדפס בחיי המחבר בירושלים.","חידושים וביאורים על אגדות הש""ס מאת רבי יוסף חיים מבגדאד [הבן איש חי] זצ""ל. חובר בערך ה'תרט""ו, נדפס בחיי המחבר בירושלים."
"תלמוד בבלי/ראשונים/רי״ף/מפרשים/בעל המאור","","","חיבור מאת רבנו זרחיה הלוי [בעל המאור] ז""ל.","חיבור מאת רבנו זרחיה הלוי [בעל המאור] ז""ל."
"משנה/ראשונים/ברטנורא","","","פירושו של רבנו עובדיה מברטנורא [הרע""ב] ז""ל על כל המשניות. מבאר את לשון המשנה על דרך הפשט, ומביא את ההלכה העולה ממנה על פי הרמב""ם ורש""י. הוא הפירוש הנפוץ ביותר על המשנה, ונדפס עמה בכל הדפוסים. חובר ה'רמ""ב.","פירושו של רבנו עובדיה מברטנורא [הרע""ב] ז""ל על כל המשניות. מבאר את לשון המשנה על דרך הפשט, ומביא את ההלכה העולה ממנה על פי הרמב""ם ורש""י. הוא הפירוש הנפוץ ביותר על המשנה, ונדפס עמה בכל הדפוסים. חובר ה'רמ""ב."
"הלכה/משנה תורה/מפרשים/ברכת אברהם","","","חיבור על משנה תורה להרמב""ם מאת רבנו אברהם בן הרמב""ם [החסיד] ז""ל, לבירור ההלכה ופסיקתה למעשה. חובר בערך ד'תתקנ""ה. מרבותיו: אביו הרמב""ם.","חיבור על משנה תורה להרמב""ם מאת רבנו אברהם בן הרמב""ם [החסיד] ז""ל, לבירור ההלכה ופסיקתה למעשה. חובר בערך ד'תתקנ""ה. מרבותיו: אביו הרמב""ם."
"תלמוד בבלי/אחרונים/גליון הש״ס","","","הערותיו הקצרות של רבי עקיבא איגר זצ""ל בגיליון הש""ס, ובהן ציוני מקבילות, קושיות וישובים בלשון תמציתית. נדפסות בשולי הדף בדפוסי וילנה. חובר בערך ה'תקנ""ח, נדפס בחיי המחבר בפראג.","הערותיו הקצרות של רבי עקיבא איגר זצ""ל בגיליון הש""ס, ובהן ציוני מקבילות, קושיות וישובים בלשון תמציתית. נדפסות בשולי הדף בדפוסי וילנה. חובר בערך ה'תקנ""ח, נדפס בחיי המחבר בפראג."
"משנה/אחרונים/גר״א","","","פירוש והערות מאת הגאון רבי אליהו ב""ר שלמה זלמן מווילנה [הגר""א] זצ""ל על סדר עולם רבה, לביאור לשונו, מקורותיו וענייניו. חובר בערך ה'ת""צ.","פירוש והערות מאת הגאון רבי אליהו ב""ר שלמה זלמן מווילנה [הגר""א] זצ""ל על סדר עולם רבה, לביאור לשונו, מקורותיו וענייניו. חובר בערך ה'ת""צ."
"תלמוד בבלי/ראשונים/רא״ש/מפרשים/דברי חמודות","","","פירוש על הרא""ש במסכת ברכות מבעל ה""תוספות יום טוב. חובר בערך ה'שס""ב, נדפס בחיי המחבר בפראג.","פירוש על הרא""ש במסכת ברכות מבעל ה""תוספות יום טוב. חובר בערך ה'שס""ב, נדפס בחיי המחבר בפראג."
"הלכה/משנה תורה/מפרשים/דברי ירמיהו","","","ביאור על משנה תורה להרמב""ם מאת רבי ירמיה לעוו זצ""ל, מחשובי רבני הונגריה. כולל קונטרסים ארוכים המקיפים את סוגיות הש""ס ודברי הראשונים הנוגעים לכל עניין. חובר בערך ה'תקצ""ד, נדפס בחיי המחבר במוקצ'בו / מונקאטש.","ביאור על משנה תורה להרמב""ם מאת רבי ירמיה לעוו זצ""ל, מחשובי רבני הונגריה. כולל קונטרסים ארוכים המקיפים את סוגיות הש""ס ודברי הראשונים הנוגעים לכל עניין. חובר בערך ה'תקצ""ד, נדפס בחיי המחבר במוקצ'בו / מונקאטש."
"הלכה/משנה תורה/מפרשים/דברי שאול - עדות ביוסף","","","חיבור על משנה תורה להרמב""ם מאת רבי יוסף שאול נתנזון זצ""ל, לבירור ההלכה ופסיקתה למעשה. חובר בערך ה'תקצ""ה.","חיבור על משנה תורה להרמב""ם מאת רבי יוסף שאול נתנזון זצ""ל, לבירור ההלכה ופסיקתה למעשה. חובר בערך ה'תקצ""ה."
"הלכה/שולחן ערוך/מפרשים/דגול מרבבה","","","הגהות וחדושים על ד' ש""ע שנמצאו בגליון הש""ע של הגאון מהר""ר יחזקאל סג""ל לנדא זלה""ה ונדפס מקרוב.' (שם הגדולים, מערכת ספרים, מערכת ד, אות יט) חובר בערך ה'תק""י, נדפס בחיי המחבר בפראג.","הגהות וחדושים על ד' ש""ע שנמצאו בגליון הש""ע של הגאון מהר""ר יחזקאל סג""ל לנדא זלה""ה ונדפס מקרוב.' (שם הגדולים, מערכת ספרים, מערכת ד, אות יט) חובר בערך ה'תק""י, נדפס בחיי המחבר בפראג."
"מילונים וספרי יעץ/דקדוק","","","ספרים בענייני דקדוק לשון הקודש — משקלים ובניינים, כללי הכתיב, הניקוד והטעמים. מקומם בספרות העזר שבצד הלימוד.","ספרים בענייני דקדוק לשון הקודש — משקלים ובניינים, כללי הכתיב, הניקוד והטעמים. מקומם בספרות העזר שבצד הלימוד."
"ספרות עזר/דקדוק","","","ספרים בענייני דקדוק לשון הקודש — משקלים ובניינים, כללי הכתיב, הניקוד והטעמים. מקומם בספרות העזר שבצד הלימוד.","ספרים בענייני דקדוק לשון הקודש — משקלים ובניינים, כללי הכתיב, הניקוד והטעמים. מקומם בספרות העזר שבצד הלימוד."
"חסידות/האדמו״ר מפיאסצנה","","","תיאורו טרם נתברר — וכל היודע יואיל לשלחו לנו.","תיאורו טרם נתברר — וכל היודע יואיל לשלחו לנו."
"תלמוד בבלי/מפרשים על המסכתות הקטנות/הגהות","","","הערות והגהות שנרשמו על גליון הספר — חילופי נוסח, תיקוני טעויות ומראי מקומות.","הערות והגהות שנרשמו על גליון הספר — חילופי נוסח, תיקוני טעויות ומראי מקומות."
"הלכה/שולחן ערוך/מפרשים/הגהות אמרי ברוך","","","חיבור הלכתי מאת רבי ברוך תאומים־פרנקל זצ""ל על שלחן ערוך חושן משפט, בכלל מפרשי השולחן ערוך, בביאור דברי הפוסקים ובירור ההלכה למעשה. חובר בערך ה'תק""מ.","חיבור הלכתי מאת רבי ברוך תאומים־פרנקל זצ""ל על שלחן ערוך חושן משפט, בכלל מפרשי השולחן ערוך, בביאור דברי הפוסקים ובירור ההלכה למעשה. חובר בערך ה'תק""מ."
"תלמוד בבלי/ראשונים/רי״ף/מפרשים/הגהות הב״ח","","","הגהות ותיקוני גרסה על הש""ס ועל הרי""ף מאת רבי יואל סירקיש [הב""ח] זצ""ל, אב""ד קרקוב. נדפסות בשולי הדף בדפוסי הש""ס' (וע""ע פליטת ספרים, מערכת ה, אות ה). חובר בערך ה'שמ""ה.","הגהות ותיקוני גרסה על הש""ס ועל הרי""ף מאת רבי יואל סירקיש [הב""ח] זצ""ל, אב""ד קרקוב. נדפסות בשולי הדף בדפוסי הש""ס' (וע""ע פליטת ספרים, מערכת ה, אות ה). חובר בערך ה'שמ""ה."
"תלמוד בבלי/מפרשים על המסכתות הקטנות/הגהות הגרי״ב","","","הגהותיו של רבי ישעיה פיק ברלין זצ""ל, שנדפסו על גיליון התלמוד מדפוס דיהרנפורט ואילך, ובהן תיקוני גרסה וציוני מקבילות. חובר בערך ה'תקי""א.","הגהותיו של רבי ישעיה פיק ברלין זצ""ל, שנדפסו על גיליון התלמוד מדפוס דיהרנפורט ואילך, ובהן תיקוני גרסה וציוני מקבילות. חובר בערך ה'תקי""א."
"תלמוד בבלי/מפרשים על המסכתות הקטנות/הגהות ומראה מקומות","","","הגהות הנוסח עם ציוני המקורות שבדברי המחבר, הנדפסים בשולי הדף לצד דבריו.","הגהות הנוסח עם ציוני המקורות שבדברי המחבר, הנדפסים בשולי הדף לצד דבריו."
"תלמוד בבלי/ראשונים/רי״ף/מפרשים/הגהות חוות יאיר","","","הגהות והערות על הש""ס מאת רבי יאיר חיים בכרך [החוות יאיר] זצ""ל, מרבני אשכנז. חובר בערך ה'ת""מ.","הגהות והערות על הש""ס מאת רבי יאיר חיים בכרך [החוות יאיר] זצ""ל, מרבני אשכנז. חובר בערך ה'ת""מ."
"משנה/אחרונים/הגהות יעב״ץ","","","הגהות והערות קצרות מאת רבי יעקב עמדין [היעב""ץ] זצ""ל, ובהן תיקוני גרסה ובירורי לשון. נדפסות בשולי הדף בדפוסי הש""ס והמשנה. חובר בערך ה'תפ""ה.","הגהות והערות קצרות מאת רבי יעקב עמדין [היעב""ץ] זצ""ל, ובהן תיקוני גרסה ובירורי לשון. נדפסות בשולי הדף בדפוסי הש""ס והמשנה. חובר בערך ה'תפ""ה."
"תלמוד בבלי/מפרשים על המסכתות הקטנות/הגהות יעב״ץ","","","הגהות והערות קצרות מאת רבי יעקב עמדין [היעב""ץ] זצ""ל, ובהן תיקוני גרסה ובירורי לשון. נדפסות בשולי הדף בדפוסי הש""ס והמשנה. חובר בערך ה'תפ""ה.","הגהות והערות קצרות מאת רבי יעקב עמדין [היעב""ץ] זצ""ל, ובהן תיקוני גרסה ובירורי לשון. נדפסות בשולי הדף בדפוסי הש""ס והמשנה. חובר בערך ה'תפ""ה."
"תלמוד ירושלמי/מפרשים/הגהות יפ״מ על תלמוד ירושלמי","","","הגהות ותיקוני גרסה על התלמוד הירושלמי, מתוך פירוש 'יפה מראה' לרבי שמואל יפה אשכנזי זצ""ל. נדפסות בשולי הדף.","הגהות ותיקוני גרסה על התלמוד הירושלמי, מתוך פירוש 'יפה מראה' לרבי שמואל יפה אשכנזי זצ""ל. נדפסות בשולי הדף."
"הלכה/משנה תורה/מפרשים/הגהות כבוד מלכים","","","הגהות על משנה תורה להרמב""ם מאת הרב זאב וואלף לייטער חובר בערך ה'תרצ""ד, נדפס בחיי המחבר בניו יורק.","הגהות על משנה תורה להרמב""ם מאת הרב זאב וואלף לייטער חובר בערך ה'תרצ""ד, נדפס בחיי המחבר בניו יורק."
"תלמוד בבלי/ראשונים/רי״ף/מפרשים/הגהות מאלפס ישן","","","חילופי נוסח והגהות שנרשמו מתוך דפוס ישן של הלכות הרי""ף, ונדפסו בשולי הדף לצד דבריו.","חילופי נוסח והגהות שנרשמו מתוך דפוס ישן של הלכות הרי""ף, ונדפסו בשולי הדף לצד דבריו."
"תלמוד ירושלמי/מפרשים/הגהות מהר״ם די לונזאנו על תלמוד ירושלמי","","","הגהות ותיקוני גרסה על התלמוד הירושלמי מאת רבי מנחם די לונזאנו זצ""ל, שנודע בדקדוקו בנוסחאות.","הגהות ותיקוני גרסה על התלמוד הירושלמי מאת רבי מנחם די לונזאנו זצ""ל, שנודע בדקדוקו בנוסחאות."
"הלכה/משנה תורה/מפרשים/הגהות מהר״ם פדווא","","","הגהות והערות שכתב רבי מאיר קצנלנבוגן [המהר""ם פדובה] זצ""ל, רבה של פדובה, על משנה תורה להרמב""ם. נדפסו עם הרמב""ם בדפוס ונציה שיצא תחת ידו. חובר בערך ה'ר""צ, נדפס בחיי המחבר.","הגהות והערות שכתב רבי מאיר קצנלנבוגן [המהר""ם פדובה] זצ""ל, רבה של פדובה, על משנה תורה להרמב""ם. נדפסו עם הרמב""ם בדפוס ונציה שיצא תחת ידו. חובר בערך ה'ר""צ, נדפס בחיי המחבר."
"הלכה/שולחן ערוך/מפרשים/הגהות רבי עקיבא איגר","","","חיבור הלכתי מאת הגאון רבי עֲקִיבָא אֵיגֶר זצ""ל על שלחן ערוך יורה דעה, בכלל מפרשי השולחן ערוך, בביאור דברי הפוסקים ובירור ההלכה למעשה. חובר בערך ה'תקמ""ה.","חיבור הלכתי מאת הגאון רבי עֲקִיבָא אֵיגֶר זצ""ל על שלחן ערוך יורה דעה, בכלל מפרשי השולחן ערוך, בביאור דברי הפוסקים ובירור ההלכה למעשה. חובר בערך ה'תקמ""ה."
"תלמוד ירושלמי/מפרשים/הגהות רד״א על תלמוד ירושלמי","","","הגהות וחילופי נוסח על תלמוד ירושלמי, הנדפסות בשולי הדף לתקן את הגירסה ולבררה.","הגהות וחילופי נוסח על תלמוד ירושלמי, הנדפסות בשולי הדף לתקן את הגירסה ולבררה."
"משנה/אחרונים/הון עשיר","","","פירוש על המשניות מאת רבי עמנואל חי ריקי זצ""ל, בעל 'משנת חסידים'. נדפס באמסטרדם. חובר בערך ה'ת""ע.","פירוש על המשניות מאת רבי עמנואל חי ריקי זצ""ל, בעל 'משנת חסידים'. נדפס באמסטרדם. חובר בערך ה'ת""ע."
"תלמוד בבלי/ראשונים/רי״ף/מפרשים/העתקת פירוש הרי״ף","","","תיאורו טרם נתברר — וכל היודע יואיל לשלחו לנו.","תיאורו טרם נתברר — וכל היודע יואיל לשלחו לנו."
"הלכה/משנה תורה/הקדמה","","","דברי המחבר שבראש הספר — טעם חיבורו, דרכו בו, ומה שראה להקדים ללומד. ופעמים נקראת פתיחה או מבוא.","דברי המחבר שבראש הספר — טעם חיבורו, דרכו בו, ומה שראה להקדים ללומד. ופעמים נקראת פתיחה או מבוא."
"הלכה/משנה תורה/מפרשים/אור שמח/הקדמה","","","דברי המחבר שבראש הספר — טעם חיבורו, דרכו בו, ומה שראה להקדים ללומד. ופעמים נקראת פתיחה או מבוא.","דברי המחבר שבראש הספר — טעם חיבורו, דרכו בו, ומה שראה להקדים ללומד. ופעמים נקראת פתיחה או מבוא."
"הלכה/משנה תורה/מפרשים/אבן האזל/הקדמה","","","דברי המחבר שבראש הספר — טעם חיבורו, דרכו בו, ומה שראה להקדים ללומד. ופעמים נקראת פתיחה או מבוא.","דברי המחבר שבראש הספר — טעם חיבורו, דרכו בו, ומה שראה להקדים ללומד. ופעמים נקראת פתיחה או מבוא."
"הלכה/משנה תורה/מפרשים/צפנת פענח/הקדמה","","","דברי המחבר שבראש הספר — טעם חיבורו, דרכו בו, ומה שראה להקדים ללומד. ופעמים נקראת פתיחה או מבוא.","דברי המחבר שבראש הספר — טעם חיבורו, דרכו בו, ומה שראה להקדים ללומד. ופעמים נקראת פתיחה או מבוא."
"הלכה/משנה תורה/מפרשים/ציוני מהר״ן/הקדמה","","","דברי המחבר שבראש הספר — טעם חיבורו, דרכו בו, ומה שראה להקדים ללומד. ופעמים נקראת פתיחה או מבוא.","דברי המחבר שבראש הספר — טעם חיבורו, דרכו בו, ומה שראה להקדים ללומד. ופעמים נקראת פתיחה או מבוא."
"הלכה/משנה תורה/מפרשים/עבודת המלך/הקדמה","","","דברי המחבר שבראש הספר — טעם חיבורו, דרכו בו, ומה שראה להקדים ללומד. ופעמים נקראת פתיחה או מבוא.","דברי המחבר שבראש הספר — טעם חיבורו, דרכו בו, ומה שראה להקדים ללומד. ופעמים נקראת פתיחה או מבוא."
"הלכה/משנה תורה/מפרשים/מקורי הרמב״ם לרש״ש/הקדמה","","","דברי המחבר שבראש הספר — טעם חיבורו, דרכו בו, ומה שראה להקדים ללומד. ופעמים נקראת פתיחה או מבוא.","דברי המחבר שבראש הספר — טעם חיבורו, דרכו בו, ומה שראה להקדים ללומד. ופעמים נקראת פתיחה או מבוא."
"הלכה/משנה תורה/מפרשים/חידושים והגהות הגרי״ב/הקדמה","","","דברי המחבר שבראש הספר — טעם חיבורו, דרכו בו, ומה שראה להקדים ללומד. ופעמים נקראת פתיחה או מבוא.","דברי המחבר שבראש הספר — טעם חיבורו, דרכו בו, ומה שראה להקדים ללומד. ופעמים נקראת פתיחה או מבוא."
"הלכה/משנה תורה/מפרשים/הר המוריה","","","ביאור על משנה תורה להרמב""ם מאת רבי מאיר יונה ברנצקי זצ""ל. חובר בערך ה'ת""ר.","ביאור על משנה תורה להרמב""ם מאת רבי מאיר יונה ברנצקי זצ""ל. חובר בערך ה'ת""ר."
"הלכה/משנה תורה/מפרשים/השגות הראב״ד","","","השגותיו של רבנו אברהם ב""ר דוד מפושקיירה [הראב""ד] ז""ל, בן דורו של הרמב""ם, על משנה תורה. דרכו להעיר בקצרה, ורוב השגותיו נפתחות בלשון 'אמר אברהם'. מקובל שבמקום שלא השיג – הסכים לדברי הרמב""ם. נדפסות בצד דברי הרמב""ם בכל הדפוסים. חובר בערך ד'תתקל""ה.","השגותיו של רבנו אברהם ב""ר דוד מפושקיירה [הראב""ד] ז""ל, בן דורו של הרמב""ם, על משנה תורה. דרכו להעיר בקצרה, ורוב השגותיו נפתחות בלשון 'אמר אברהם'. מקובל שבמקום שלא השיג – הסכים לדברי הרמב""ם. נדפסות בצד דברי הרמב""ם בכל הדפוסים. חובר בערך ד'תתקל""ה."
"קבלה/זהר","","","יסוד תורת הנסתר — מדרשו של רבי שמעון בר יוחאי ובני חבורתו על התורה, ובכללו שאר מסורות חז""ל בעיקרי האמונה ויסודות החכמה, דרושי התורה וכוונת המצוות, רעיא מהימנא, מדרש הנעלם, ועוד.","יסוד תורת הנסתר — מדרשו של רבי שמעון בר יוחאי ובני חבורתו על התורה, ובכללו שאר מסורות חז""ל בעיקרי האמונה ויסודות החכמה, דרושי התורה וכוונת המצוות, רעיא מהימנא, מדרש הנעלם, ועוד."
"חסידות/חב״ד","","","תיאורו טרם נתברר — וכל היודע יואיל לשלחו לנו.","תיאורו טרם נתברר — וכל היודע יואיל לשלחו לנו."
"הלכה/שולחן ערוך/מפרשים/חדושי הלכות נדה","","","פירוש על שולחן ערוך, מאת רבי יהונתן אייבשיץ זצ""ל. חובר בערך ה'תע""ד.","פירוש על שולחן ערוך, מאת רבי יהונתן אייבשיץ זצ""ל. חובר בערך ה'תע""ד."
"תנ״ך/אחרונים/חיד״א/חומת אנך","","","פירוש קצר על כל תנ""ך ובסופו ק' חומה נשגבה (פיסא תקס""ג) וברם צריך אנא לאודיע מ""ש בספר תהלה לדוד על תלים להרב מוהר""א חי מוסיפיא מטריעסטי וז""ל: בהיותי באנקונא אצל מהר""ם אזולאי ראיתי ספר יוסף כ""י והוא ממש כספר חומת אנ""ך, עכ""ל. ולפי זה מה שהביאו המבקרים ספר סבר יוסף בפ""ע אך למותר הוא, ועיין ספר ככר לאדן דף קט""ו וספר דבש לפי דף י""א.' (פליטת ספרים, מערכת ח, אות יב) חובר בערך ה'תקמ""ד, נדפס בחיי המחבר בפיזה, איטליה. מרבותיו: המקובל רבי שלום שרעבי · רבי אליעזר נחום · רבי חיים בן עטר [האור החיים] · רבי יונה נבון מחבר [נחפה בכסף] ועוד.","פירוש קצר על כל תנ""ך ובסופו ק' חומה נשגבה (פיסא תקס""ג) וברם צריך אנא לאודיע מ""ש בספר תהלה לדוד על תלים להרב מוהר""א חי מוסיפיא מטריעסטי וז""ל: בהיותי באנקונא אצל מהר""ם אזולאי ראיתי ספר יוסף כ""י והוא ממש כספר חומת אנ""ך, עכ""ל. ולפי זה מה שהביאו המבקרים ספר סבר יוסף בפ""ע אך למותר הוא, ועיין ספר ככר לאדן דף קט""ו וספר דבש לפי דף י""א.' (פליטת ספרים, מערכת ח, אות יב) חובר בערך ה'תקמ""ד, נדפס בחיי המחבר בפיזה, איטליה. מרבותיו: המקובל רבי שלום שרעבי · רבי אליעזר נחום · רבי חיים בן עטר [האור החיים] · רבי יונה נבון מחבר [נחפה בכסף] ועוד."
"סדר התפילה/חיבורים נוספים","","","חיבורים שלא נכנסו במדפים שלפניהם, ומקומם כאן בסוף הסדר.","חיבורים שלא נכנסו במדפים שלפניהם, ומקומם כאן בסוף הסדר."
"תלמוד בבלי/אחרונים/חידושי אגדות","","","חלק האגדה שבחידושי רבי שמואל אליעזר איידלס [המהרש""א] זצ""ל על הש""ס, המבאר את אגדות חז""ל. נדפס בסוף המסכת בדפוסי הש""ס' (וע""ע סדר הדורות, סדר ספרים, פרק תרצג). חובר בערך ה'ש""מ.","חלק האגדה שבחידושי רבי שמואל אליעזר איידלס [המהרש""א] זצ""ל על הש""ס, המבאר את אגדות חז""ל. נדפס בסוף המסכת בדפוסי הש""ס' (וע""ע סדר הדורות, סדר ספרים, פרק תרצג). חובר בערך ה'ש""מ."
"תלמוד בבלי/ראשונים/רי״ף/מפרשים/חידושי אנשי שם","","","חידושים ובירורים מאת רבי נתן נטע שפירא [בעל מגלה עמוקות] זצ""ל על מסכת בבא בתרא. חובר בערך ה'ש""ע.","חידושים ובירורים מאת רבי נתן נטע שפירא [בעל מגלה עמוקות] זצ""ל על מסכת בבא בתרא. חובר בערך ה'ש""ע."
"תלמוד בבלי/אחרונים/חידושי הלכות","","","חלק ההלכה שבחידושי רבי שמואל אליעזר איידלס [המהרש""א] זצ""ל על הש""ס, המיישב את דברי רש""י ותוספות ומעמיד את מהלך הסוגיה. נדפס בסוף המסכת בדפוסי הש""ס. חובר בערך ה'ש""מ.","חלק ההלכה שבחידושי רבי שמואל אליעזר איידלס [המהרש""א] זצ""ל על הש""ס, המיישב את דברי רש""י ותוספות ומעמיד את מהלך הסוגיה. נדפס בסוף המסכת בדפוסי הש""ס. חובר בערך ה'ש""מ."
"מדרש/אגדה/מדרש רבה/מפרשים/חידושי הרד״ל","","","פירוש על המדרש, מאת רבי דוד לוריא זצ""ל.","פירוש על המדרש, מאת רבי דוד לוריא זצ""ל."
"תלמוד ירושלמי/מפרשים/חידושי חתם סופר על תלמוד ירושלמי","","","חידושים על מסכתות הש""ס מאת רבי משה סופר [החתם סופר] זצ""ל, רבה של פרשבורג וראש ישיבתה, מגדולי הפוסקים בדורות האחרונים.","חידושים על מסכתות הש""ס מאת רבי משה סופר [החתם סופר] זצ""ל, רבה של פרשבורג וראש ישיבתה, מגדולי הפוסקים בדורות האחרונים."
"תלמוד ירושלמי/מפרשים/חידושי מהר״א גריידץ על תלמוד ירושלמי","","","חידושים על תלמוד ירושלמי.","חידושים על תלמוד ירושלמי."
"הלכה/משנה תורה/מפרשים/חידושי מים חיים","","","חידושים מאת רבי חזקיה די סילוה זצ""ל, בעל 'פרי חדש', מגדולי רבני ארץ ישראל בדורו. חובר בערך ה'תל""ו. מרבותיו: רבי יהודה שארף · רבי משה גלנטי · רבי שלמה קוסטא, ותלמידיו רבי יצחק הכהן רפפורט מחבר ספר [בתי כהונה] · רבי שלמה אלגאזי (השני) רבה של מצרים.","חידושים מאת רבי חזקיה די סילוה זצ""ל, בעל 'פרי חדש', מגדולי רבני ארץ ישראל בדורו. חובר בערך ה'תל""ו. מרבותיו: רבי יהודה שארף · רבי משה גלנטי · רבי שלמה קוסטא, ותלמידיו רבי יצחק הכהן רפפורט מחבר ספר [בתי כהונה] · רבי שלמה אלגאזי (השני) רבה של מצרים."
"תלמוד בבלי/אחרונים/חידושי רבי עקיבא איגר","","","חידושים על מסכתות הש""ס מאת רבי עקיבא איגר זצ""ל, מגדולי הדור ופוסקיו. דבריו מצטיינים בחריפות ובדיוק, ונעשו יסוד בדרך הלימוד הישיבתית. חובר בערך ה'תקמ""ה.","חידושים על מסכתות הש""ס מאת רבי עקיבא איגר זצ""ל, מגדולי הדור ופוסקיו. דבריו מצטיינים בחריפות ובדיוק, ונעשו יסוד בדרך הלימוד הישיבתית. חובר בערך ה'תקמ""ה."
"תלמוד ירושלמי/מפרשים/חידושי רידב״ז על תלמוד ירושלמי","","","חידושים וביאורים מאת רבי יעקב דוד וילובסקי [הרידב""ז] זצ""ל, רבה של סלוצק ולימים רבה של צפת.","חידושים וביאורים מאת רבי יעקב דוד וילובסקי [הרידב""ז] זצ""ל, רבה של סלוצק ולימים רבה של צפת."
"הלכה/משנה תורה/מפרשים/חידושים והגהות הגרי״ב","","","הגהותיו של רבי ישעיה פיק ברלין זצ""ל, שנדפסו על גיליון התלמוד מדפוס דיהרנפורט ואילך, ובהן תיקוני גרסה וציוני מקבילות. חובר בערך ה'תקי""א.","הגהותיו של רבי ישעיה פיק ברלין זצ""ל, שנדפסו על גיליון התלמוד מדפוס דיהרנפורט ואילך, ובהן תיקוני גרסה וציוני מקבילות. חובר בערך ה'תקי""א."
"הלכה/משנה תורה/מפרשים/חידושים ומקורים מבעל מנחת חינוך","","","חידושים וציוני מקורות על משנה תורה להרמב""ם, מאת רבי יוסף באב""ד זצ""ל, בעל 'מנחת חינוך'. חובר בערך ה'תקפ""ה.","חידושים וציוני מקורות על משנה תורה להרמב""ם, מאת רבי יוסף באב""ד זצ""ל, בעל 'מנחת חינוך'. חובר בערך ה'תקפ""ה."
"הלכה/משנה תורה/מפרשים/חידושים ומקורים מהר״ץ חיות","","","פירוש על משנה תורה להרמב""ם, מאת רבי צבי הירש חיות [המהר""ץ חיות] זצ""ל. חובר בערך ה'תקפ""ה.","פירוש על משנה תורה להרמב""ם, מאת רבי צבי הירש חיות [המהר""ץ חיות] זצ""ל. חובר בערך ה'תקפ""ה."
"הלכה/משנה תורה/מפרשים/חידושים ומקורים מהרב זלמן מווילנא","","","תיאורו טרם נתברר — וכל היודע יואיל לשלחו לנו.","תיאורו טרם נתברר — וכל היודע יואיל לשלחו לנו."
"הלכה/משנה תורה/מפרשים/חידושים מהגאון בעל מחנה אפרים","","","חידושים על משנה תורה להרמב""ם מאת רבי אפרים נבון זצ""ל, בעל 'מחנה אפרים'. חובר בערך ה'תס""ה.","חידושים על משנה תורה להרמב""ם מאת רבי אפרים נבון זצ""ל, בעל 'מחנה אפרים'. חובר בערך ה'תס""ה."
"הלכה/משנה תורה/מפרשים/חמדת ישראל","","","חיבור על משנה תורה להרמב""ם מאת רבי מאיר דן רפאל פלוצקי זצ""ל, לבירור ההלכה ופסיקתה למעשה. חובר בערך ה'תר""נ.","חיבור על משנה תורה להרמב""ם מאת רבי מאיר דן רפאל פלוצקי זצ""ל, לבירור ההלכה ופסיקתה למעשה. חובר בערך ה'תר""נ."
"הלכה/שולחן ערוך/מפרשים/חק יעקב","","","חיבור על הלכות פסח מהגאון בעל מנחת יעקב ושבות יעקב. וגיסו הגאון בס' אליה רבה שקיל וטרי עליו. ונדפס כמה פעמים וביעסניץ נדפס עם תוספות שהוסיף מה' נחמן שנת תפ""ד ונדפס עם המגינים ונדפס בברלין ש' תקי""ז עם קונטרס מהר""ר יהושע שפירא ועוד נדפס בעיר ברין.' (שם הגדולים, מערכת ספרים, מערכת ח, אות קד) חובר בערך ה'ת""נ, נדפס בחיי המחבר בדסאו, גרמניה.","חיבור על הלכות פסח מהגאון בעל מנחת יעקב ושבות יעקב. וגיסו הגאון בס' אליה רבה שקיל וטרי עליו. ונדפס כמה פעמים וביעסניץ נדפס עם תוספות שהוסיף מה' נחמן שנת תפ""ד ונדפס עם המגינים ונדפס בברלין ש' תקי""ז עם קונטרס מהר""ר יהושע שפירא ועוד נדפס בעיר ברין.' (שם הגדולים, מערכת ספרים, מערכת ח, אות קד) חובר בערך ה'ת""נ, נדפס בחיי המחבר בדסאו, גרמניה."
"הלכה/משנה תורה/מפרשים/חשק שלמה","","","חידושים וביאורים מאת רבי שלמה הכהן זצ""ל מווילנה, מרבני ליטא בדורות האחרונים. חובר בערך ה'תר""י.","חידושים וביאורים מאת רבי שלמה הכהן זצ""ל מווילנה, מרבני ליטא בדורות האחרונים. חובר בערך ה'תר""י."
"הלכה/שולחן ערוך/מפרשים/טורי זהב","","","הספר טורי זהב אשר נקרא בעבר גם 'מגן דוד' (בהתאמה עם מגן אברהם אשר יחד איתו נקראו 'מגיני ארץ') הוא חיבורו החשוב ביותר של רבי דוד הלוי סגל [הט""ז] זצ""ל. השם 'טורי זהב' הוא משחק מילים עם הביטוי 'תורי זהב'. חובר בערך ה'שצ""ה, נדפס בחיי המחבר בלובלין.","הספר טורי זהב אשר נקרא בעבר גם 'מגן דוד' (בהתאמה עם מגן אברהם אשר יחד איתו נקראו 'מגיני ארץ') הוא חיבורו החשוב ביותר של רבי דוד הלוי סגל [הט""ז] זצ""ל. השם 'טורי זהב' הוא משחק מילים עם הביטוי 'תורי זהב'. חובר בערך ה'שצ""ה, נדפס בחיי המחבר בלובלין."
"הלכה/משנה תורה/מפרשים/יד איתן","","","הערות וציוני מקורות לדברי הרמב""ם במשנה תורה, מאת רבי אברהם משכיל לאיתן זצ""ל. חובר בערך ה'תקס""ח.","הערות וציוני מקורות לדברי הרמב""ם במשנה תורה, מאת רבי אברהם משכיל לאיתן זצ""ל. חובר בערך ה'תקס""ח."
"הלכה/שולחן ערוך/מפרשים/יד אפרים","","","ביאור לשלחן ערוך אורח חיים ויורה דעה. חיבור הלכתי מאת רבי אפרים זלמן מרגליות זצ""ל על שלחן ערוך אורח חיים, במסגרת מפרשי השולחן ערוך. חובר בערך ה'תק""נ, נדפס בחיי המחבר בדובנו.","ביאור לשלחן ערוך אורח חיים ויורה דעה. חיבור הלכתי מאת רבי אפרים זלמן מרגליות זצ""ל על שלחן ערוך אורח חיים, במסגרת מפרשי השולחן ערוך. חובר בערך ה'תק""נ, נדפס בחיי המחבר בדובנו."
"תלמוד בבלי/אחרונים/יד דוד","","","חידושים על מסכתות הש""ס מאת רבי יוסף דוד זינצהיים זצ""ל, מחכמי צרפת, שעל שם חיבור זה נודע בכינויו.","חידושים על מסכתות הש""ס מאת רבי יוסף דוד זינצהיים זצ""ל, מחכמי צרפת, שעל שם חיבור זה נודע בכינויו."
"תלמוד בבלי/ראשונים/יד רמה","","","פירוש והערות מאת רבנו מאיר בן טודרוס הלוי אבולעפיה ז""ל על מסכת בבא בתרא. חובר בערך ד'תתקס""ד.","פירוש והערות מאת רבנו מאיר בן טודרוס הלוי אבולעפיה ז""ל על מסכת בבא בתרא. חובר בערך ד'תתקס""ד."
"מדרש/אגדה/מדרש רבה/מפרשים/ידי משה","","","פי' על מדרש רבה (הרב ר' יעקב משה בהחסיד מ' אברהם)' (סדר הדורות, סדר ספרים, פרק תתב) חובר בערך ה'ת""י.","פי' על מדרש רבה (הרב ר' יעקב משה בהחסיד מ' אברהם)' (סדר הדורות, סדר ספרים, פרק תתב) חובר בערך ה'ת""י."
"הלכה/משנה תורה/מפרשים/יכהן פאר","","","חידושים וביאורים מאת רבי חנוך צבי הכהן לוין זצ""ל, רבה של בנדין וממנהיגי יהדות פולין. חובר בערך ה'תרנ""ה, נדפס בחיי המחבר בורשה.","חידושים וביאורים מאת רבי חנוך צבי הכהן לוין זצ""ל, רבה של בנדין וממנהיגי יהדות פולין. חובר בערך ה'תרנ""ה, נדפס בחיי המחבר בורשה."
"משנה/אחרונים/יכין","","","חלק הביאור שבפירוש 'תפארת ישראל' על המשנה, מאת רבי ישראל ליפשיץ זצ""ל, המבאר את פשט המשנה בלשון קצרה וברורה.","חלק הביאור שבפירוש 'תפארת ישראל' על המשנה, מאת רבי ישראל ליפשיץ זצ""ל, המבאר את פשט המשנה בלשון קצרה וברורה."
"סדר התפילה/ימים נוראים","","","מחזורי ראש השנה ויום הכיפורים וסדרי הסליחות, בנוסח אשכנז, פולין, ספרד ועדות המזרח.","מחזורי ראש השנה ויום הכיפורים וסדרי הסליחות, בנוסח אשכנז, פולין, ספרד ועדות המזרח."
"מדרש/אגדה/מדרש רבה/מפרשים/יפה ענף","","","מהרב ז""ל על מדרש אסתר איכה רות רבה ונדפס בפפד""א' (שם הגדולים, מערכת ספרים, מערכת י, אות נו). חובר בערך ה'ש""כ.","מהרב ז""ל על מדרש אסתר איכה רות רבה ונדפס בפפד""א' (שם הגדולים, מערכת ספרים, מערכת י, אות נו). חובר בערך ה'ש""כ."
"מדרש/אגדה/מדרש רבה/מפרשים/יפה קול","","","מהרב ז""ל על מדרש חזית הוא מדרש שיר השירים רבה ונדפס באיזמיר' (שם הגדולים, מערכת ספרים, מערכת י, אות נז). חובר בערך ה'ש""כ.","מהרב ז""ל על מדרש חזית הוא מדרש שיר השירים רבה ונדפס באיזמיר' (שם הגדולים, מערכת ספרים, מערכת י, אות נז). חובר בערך ה'ש""כ."
"מדרש/אגדה/מדרש רבה/מפרשים/יפה תואר","","","פירוש רחב על מדרש רבה מאת רבי שמואל יפה אשכנזי זצ""ל, מחכמי טורקיה. חיבר גם 'יפה מראה' על התלמוד הירושלמי. חובר בערך ה'ש""כ.","פירוש רחב על מדרש רבה מאת רבי שמואל יפה אשכנזי זצ""ל, מחכמי טורקיה. חיבר גם 'יפה מראה' על התלמוד הירושלמי. חובר בערך ה'ש""כ."
"הלכה/משנה תורה/מפרשים/יצחק ירנן","","","חידושים וביאורים על משנה תורה להרמב""ם, מאת רבי אליקים גאטינייו זצ""ל, דיין ופוסק באיזמיר. חובר בערך ה'ת""ק.","חידושים וביאורים על משנה תורה להרמב""ם, מאת רבי אליקים גאטינייו זצ""ל, דיין ופוסק באיזמיר. חובר בערך ה'ת""ק."
"הלכה/משנה תורה/מפרשים/יקר תפארת","","","ספרו של רבי דוד בן זמרה (שם החיבור מפורסם יותר בשם מחברו: הרדב""ז). ספר זה נכתב כשלוש מאות שנה לאחר מות הרמב""ם (ה'ר""ס~). חובר בערך ה'רס""ז.","ספרו של רבי דוד בן זמרה (שם החיבור מפורסם יותר בשם מחברו: הרדב""ז). ספר זה נכתב כשלוש מאות שנה לאחר מות הרמב""ם (ה'ר""ס~). חובר בערך ה'רס""ז."
"משנה/אחרונים/יש סדר למשנה","","","ביאור על סדר המשנה מאת רבי ישעיה פיק ברלין זצ""ל, המברר את טעמי סידורן של המסכתות והמשניות. חובר בערך ה'תקי""א.","ביאור על סדר המשנה מאת רבי ישעיה פיק ברלין זצ""ל, המברר את טעמי סידורן של המסכתות והמשניות. חובר בערך ה'תקי""א."
"תלמוד ירושלמי/מפרשים/ככר לאדן על תלמוד ירושלמי","","","פירוש על התלמוד הירושלמי, מאת רבי חיים יוסף דוד אזולאי [החיד""א] זצ""ל. מרבותיו: המקובל רבי שלום שרעבי · רבי אליעזר נחום · רבי חיים בן עטר [האור החיים] · רבי יונה נבון מחבר [נחפה בכסף] ועוד.","פירוש על התלמוד הירושלמי, מאת רבי חיים יוסף דוד אזולאי [החיד""א] זצ""ל. מרבותיו: המקובל רבי שלום שרעבי · רבי אליעזר נחום · רבי חיים בן עטר [האור החיים] · רבי יונה נבון מחבר [נחפה בכסף] ועוד."
"תלמוד בבלי/מפרשים על המסכתות הקטנות/כסא רחמים","","","על מסכת כלה סופרים אבות דר' נתן ע""ד הפשט וביאור ארוך, ובדפוס האחרון הסיבו שמו בשם תוס'.' (פליטת ספרים, מערכת כ, אות יא) חובר בערך ה'תקכ""ח, נדפס בחיי המחבר בליבורנו, איטליה. מרבותיו: המקובל רבי שלום שרעבי · רבי אליעזר נחום · רבי חיים בן עטר [האור החיים] · רבי יונה נבון מחבר [נחפה בכסף] ועוד.","על מסכת כלה סופרים אבות דר' נתן ע""ד הפשט וביאור ארוך, ובדפוס האחרון הסיבו שמו בשם תוס'.' (פליטת ספרים, מערכת כ, אות יא) חובר בערך ה'תקכ""ח, נדפס בחיי המחבר בליבורנו, איטליה. מרבותיו: המקובל רבי שלום שרעבי · רבי אליעזר נחום · רבי חיים בן עטר [האור החיים] · רבי יונה נבון מחבר [נחפה בכסף] ועוד."
"הלכה/משנה תורה/מפרשים/כסף משנה","","","פירושו של רבי יוסף קארו [מרן הבית יוסף] זצ""ל על משנה תורה להרמב""ם. כמבואר בהקדמתו, שתי מטרות לו: לציין את מקור כל הלכה והלכה בדברי חז""ל, וליישב את השגות הראב""ד והרמ""ך על הרמב""ם. נדפס על הדף בכל דפוסי משנה תורה. חובר בערך ה'ש""ה, נדפס בחיי המחבר בונציה.","פירושו של רבי יוסף קארו [מרן הבית יוסף] זצ""ל על משנה תורה להרמב""ם. כמבואר בהקדמתו, שתי מטרות לו: לציין את מקור כל הלכה והלכה בדברי חז""ל, וליישב את השגות הראב""ד והרמ""ך על הרמב""ם. נדפס על הדף בכל דפוסי משנה תורה. חובר בערך ה'ש""ה, נדפס בחיי המחבר בונציה."
"הלכה/שולחן ערוך/מפרשים/כרתי","","","כרתי ופלתי הוא ספר על שולחן ערוך יורה דעה. הספר כתבו רבי יהונתן אייבשיץ זצ""ל, ונדפס לראשונה בחייו באלטונה שבגרמניה. חובר בערך ה'תע""ד.","כרתי ופלתי הוא ספר על שולחן ערוך יורה דעה. הספר כתבו רבי יהונתן אייבשיץ זצ""ל, ונדפס לראשונה בחייו באלטונה שבגרמניה. חובר בערך ה'תע""ד."
"תלמוד בבלי/ראשונים/כתב יד רש״י","","","פירוש והערות מאת רש""י הקדוש [רבנו שלמה יצחקי] ז""ל על מסכת מנחות. חובר בערך ד'תתכ""ה.","פירוש והערות מאת רש""י הקדוש [רבנו שלמה יצחקי] ז""ל על מסכת מנחות. חובר בערך ד'תתכ""ה."
"תלמוד בבלי/ראשונים/רי״ף/מפרשים/כתוב שם","","","השגות רבנו אברהם ב""ר דוד [הראב""ד] זצ""ל על בעל המאור, ליישב דברי הרי""ף במקום שנחלק עליו.","השגות רבנו אברהם ב""ר דוד [הראב""ד] זצ""ל על בעל המאור, ליישב דברי הרי""ף במקום שנחלק עליו."
"תנ״ך/כתובים","","","החלק השלישי שבתנ""ך — אחד עשר ספרים: תהילים, משלי, איוב, חמש מגילות, דניאל, עזרא ונחמיה ודברי הימים. נאמרו ברוח הקודש.","החלק השלישי שבתנ""ך — אחד עשר ספרים: תהילים, משלי, איוב, חמש מגילות, דניאל, עזרא ונחמיה ודברי הימים. נאמרו ברוח הקודש."
"תנ״ך/תרגומים/תרגום/כתובים","","","החלק השלישי שבתנ""ך — אחד עשר ספרים: תהילים, משלי, איוב, חמש מגילות, דניאל, עזרא ונחמיה ודברי הימים. נאמרו ברוח הקודש.","החלק השלישי שבתנ""ך — אחד עשר ספרים: תהילים, משלי, איוב, חמש מגילות, דניאל, עזרא ונחמיה ודברי הימים. נאמרו ברוח הקודש."
"תנ״ך/אחרונים/תורה תמימה/כתובים","","","החלק השלישי שבתנ""ך — אחד עשר ספרים: תהילים, משלי, איוב, חמש מגילות, דניאל, עזרא ונחמיה ודברי הימים. נאמרו ברוח הקודש.","החלק השלישי שבתנ""ך — אחד עשר ספרים: תהילים, משלי, איוב, חמש מגילות, דניאל, עזרא ונחמיה ודברי הימים. נאמרו ברוח הקודש."
"תנ״ך/אחרונים/חיד״א/חומת אנך/כתובים","","","החלק השלישי שבתנ""ך — אחד עשר ספרים: תהילים, משלי, איוב, חמש מגילות, דניאל, עזרא ונחמיה ודברי הימים. נאמרו ברוח הקודש.","החלק השלישי שבתנ""ך — אחד עשר ספרים: תהילים, משלי, איוב, חמש מגילות, דניאל, עזרא ונחמיה ודברי הימים. נאמרו ברוח הקודש."
"תנ״ך/אחרונים/מצודת דוד/כתובים","","","החלק השלישי שבתנ""ך — אחד עשר ספרים: תהילים, משלי, איוב, חמש מגילות, דניאל, עזרא ונחמיה ודברי הימים. נאמרו ברוח הקודש.","החלק השלישי שבתנ""ך — אחד עשר ספרים: תהילים, משלי, איוב, חמש מגילות, דניאל, עזרא ונחמיה ודברי הימים. נאמרו ברוח הקודש."
"תנ״ך/אחרונים/מלבי״ם/מלבי״ם באור המילות/כתובים","","","החלק השלישי שבתנ""ך — אחד עשר ספרים: תהילים, משלי, איוב, חמש מגילות, דניאל, עזרא ונחמיה ודברי הימים. נאמרו ברוח הקודש.","החלק השלישי שבתנ""ך — אחד עשר ספרים: תהילים, משלי, איוב, חמש מגילות, דניאל, עזרא ונחמיה ודברי הימים. נאמרו ברוח הקודש."
"תנ״ך/אחרונים/מלבי״ם/כתובים","","","החלק השלישי שבתנ""ך — אחד עשר ספרים: תהילים, משלי, איוב, חמש מגילות, דניאל, עזרא ונחמיה ודברי הימים. נאמרו ברוח הקודש.","החלק השלישי שבתנ""ך — אחד עשר ספרים: תהילים, משלי, איוב, חמש מגילות, דניאל, עזרא ונחמיה ודברי הימים. נאמרו ברוח הקודש."
"תנ״ך/אחרונים/אור החיים/כתובים","","","החלק השלישי שבתנ""ך — אחד עשר ספרים: תהילים, משלי, איוב, חמש מגילות, דניאל, עזרא ונחמיה ודברי הימים. נאמרו ברוח הקודש.","החלק השלישי שבתנ""ך — אחד עשר ספרים: תהילים, משלי, איוב, חמש מגילות, דניאל, עזרא ונחמיה ודברי הימים. נאמרו ברוח הקודש."
"תנ״ך/אחרונים/מצודת ציון/כתובים","","","החלק השלישי שבתנ""ך — אחד עשר ספרים: תהילים, משלי, איוב, חמש מגילות, דניאל, עזרא ונחמיה ודברי הימים. נאמרו ברוח הקודש.","החלק השלישי שבתנ""ך — אחד עשר ספרים: תהילים, משלי, איוב, חמש מגילות, דניאל, עזרא ונחמיה ודברי הימים. נאמרו ברוח הקודש."
"תנ״ך/אחרונים/אלשיך/כתובים","","","החלק השלישי שבתנ""ך — אחד עשר ספרים: תהילים, משלי, איוב, חמש מגילות, דניאל, עזרא ונחמיה ודברי הימים. נאמרו ברוח הקודש.","החלק השלישי שבתנ""ך — אחד עשר ספרים: תהילים, משלי, איוב, חמש מגילות, דניאל, עזרא ונחמיה ודברי הימים. נאמרו ברוח הקודש."
"תנ״ך/ראשונים/ספורנו/כתובים","","","החלק השלישי שבתנ""ך — אחד עשר ספרים: תהילים, משלי, איוב, חמש מגילות, דניאל, עזרא ונחמיה ודברי הימים. נאמרו ברוח הקודש.","החלק השלישי שבתנ""ך — אחד עשר ספרים: תהילים, משלי, איוב, חמש מגילות, דניאל, עזרא ונחמיה ודברי הימים. נאמרו ברוח הקודש."
"תנ״ך/ראשונים/רד״ק/כתובים","","","החלק השלישי שבתנ""ך — אחד עשר ספרים: תהילים, משלי, איוב, חמש מגילות, דניאל, עזרא ונחמיה ודברי הימים. נאמרו ברוח הקודש.","החלק השלישי שבתנ""ך — אחד עשר ספרים: תהילים, משלי, איוב, חמש מגילות, דניאל, עזרא ונחמיה ודברי הימים. נאמרו ברוח הקודש."
"תנ״ך/ראשונים/יוסף אבן יחיא/כתובים","","","החלק השלישי שבתנ""ך — אחד עשר ספרים: תהילים, משלי, איוב, חמש מגילות, דניאל, עזרא ונחמיה ודברי הימים. נאמרו ברוח הקודש.","החלק השלישי שבתנ""ך — אחד עשר ספרים: תהילים, משלי, איוב, חמש מגילות, דניאל, עזרא ונחמיה ודברי הימים. נאמרו ברוח הקודש."
"תנ״ך/ראשונים/אבן עזרא/כתובים","","","החלק השלישי שבתנ""ך — אחד עשר ספרים: תהילים, משלי, איוב, חמש מגילות, דניאל, עזרא ונחמיה ודברי הימים. נאמרו ברוח הקודש.","החלק השלישי שבתנ""ך — אחד עשר ספרים: תהילים, משלי, איוב, חמש מגילות, דניאל, עזרא ונחמיה ודברי הימים. נאמרו ברוח הקודש."
"תנ״ך/ראשונים/רלב״ג/כתובים","","","החלק השלישי שבתנ""ך — אחד עשר ספרים: תהילים, משלי, איוב, חמש מגילות, דניאל, עזרא ונחמיה ודברי הימים. נאמרו ברוח הקודש.","החלק השלישי שבתנ""ך — אחד עשר ספרים: תהילים, משלי, איוב, חמש מגילות, דניאל, עזרא ונחמיה ודברי הימים. נאמרו ברוח הקודש."
"תנ״ך/ראשונים/רש״י/כתובים","","","החלק השלישי שבתנ""ך — אחד עשר ספרים: תהילים, משלי, איוב, חמש מגילות, דניאל, עזרא ונחמיה ודברי הימים. נאמרו ברוח הקודש.","החלק השלישי שבתנ""ך — אחד עשר ספרים: תהילים, משלי, איוב, חמש מגילות, דניאל, עזרא ונחמיה ודברי הימים. נאמרו ברוח הקודש."
"תנ״ך/ראשונים/רבינו סעדיה גאון/כתובים","","","החלק השלישי שבתנ""ך — אחד עשר ספרים: תהילים, משלי, איוב, חמש מגילות, דניאל, עזרא ונחמיה ודברי הימים. נאמרו ברוח הקודש.","החלק השלישי שבתנ""ך — אחד עשר ספרים: תהילים, משלי, איוב, חמש מגילות, דניאל, עזרא ונחמיה ודברי הימים. נאמרו ברוח הקודש."
"תנ״ך/ראשונים/מנחת שי/כתובים","","","החלק השלישי שבתנ""ך — אחד עשר ספרים: תהילים, משלי, איוב, חמש מגילות, דניאל, עזרא ונחמיה ודברי הימים. נאמרו ברוח הקודש.","החלק השלישי שבתנ""ך — אחד עשר ספרים: תהילים, משלי, איוב, חמש מגילות, דניאל, עזרא ונחמיה ודברי הימים. נאמרו ברוח הקודש."
"תלמוד בבלי/מפרשים על המסכתות הקטנות/לב חכמים","","","פירוש והערות מאת רבי בנימין בן שאול קצנלנבוגן זצ""ל על מסכת שמחות. חובר בערך ה'ת""פ.","פירוש והערות מאת רבי בנימין בן שאול קצנלנבוגן זצ""ל על מסכת שמחות. חובר בערך ה'ת""פ."
"הלכה/משנה תורה/מפרשים/לב שלם","","","חיבור על משנה תורה להרמב""ם מאת רבי שלמה שלם זצ""ל, שכיהן ברבנות קהילות בבלקן ובאמסטרדם. חובר בערך ה'תקי""ז, נדפס בחיי המחבר.","חיבור על משנה תורה להרמב""ם מאת רבי שלמה שלם זצ""ל, שכיהן ברבנות קהילות בבלקן ובאמסטרדם. חובר בערך ה'תקי""ז, נדפס בחיי המחבר."
"הלכה/שולחן ערוך/מפרשים/לבושי שרד","","","חיבור הלכתי מאת רבי דוד שלמה אייבשיץ זצ""ל על שלחן ערוך אורח חיים, בכלל מפרשי השולחן ערוך, בביאור דברי הפוסקים ובירור ההלכה למעשה. חובר בערך ה'תק""ל.","חיבור הלכתי מאת רבי דוד שלמה אייבשיץ זצ""ל על שלחן ערוך אורח חיים, בכלל מפרשי השולחן ערוך, בביאור דברי הפוסקים ובירור ההלכה למעשה. חובר בערך ה'תק""ל."
"הלכה/משנה תורה/מפרשים/לחם משנה","","","פירושו של רבי אברהם די בוטון זצ""ל מסלוניקי על משנה תורה להרמב""ם. נודע בהיקפו ובסגנונו הקצר והנמרץ, ונמנה עם המפרשים המרכזיים של הרמב""ם. תחילת החיבור נכתבה קודם שראה המחבר את 'כסף משנה', ובהמשכו נשא ונתן גם בדבריו.","פירושו של רבי אברהם די בוטון זצ""ל מסלוניקי על משנה תורה להרמב""ם. נודע בהיקפו ובסגנונו הקצר והנמרץ, ונמנה עם המפרשים המרכזיים של הרמב""ם. תחילת החיבור נכתבה קודם שראה המחבר את 'כסף משנה', ובהמשכו נשא ונתן גם בדבריו."
"משנה/אחרונים/לחם שמים","","","פירוש על המשניות מאת רבי יעקב עמדין [היעב""ץ] זצ""ל, ובו ביאורים והערות בלשון קצרה ובסברה ישרה על סדר המשנה' (וע""ע סדר הדורות, סדר ספרים, פרק א, אות כא). חובר בערך ה'תפ""ב, נדפס בחיי המחבר באלטונה.","פירוש על המשניות מאת רבי יעקב עמדין [היעב""ץ] זצ""ל, ובו ביאורים והערות בלשון קצרה ובסברה ישרה על סדר המשנה' (וע""ע סדר הדורות, סדר ספרים, פרק א, אות כא). חובר בערך ה'תפ""ב, נדפס בחיי המחבר באלטונה."
"תלמוד בבלי/ראשונים/מאירי","","","חיבור מאת רבנו מנחם המאירי ז""ל.","חיבור מאת רבנו מנחם המאירי ז""ל."
"משנה/ראשונים/מאירי","","","חיבור מאת רבנו מנחם המאירי ז""ל.","חיבור מאת רבנו מנחם המאירי ז""ל."
"הלכה/שולחן ערוך/מפרשים/מאירת עיניים","","","ספר מאירת עיניים המוכר יותר בראשי תיבות הסמ""ע הוא אחד מארבעת הספרים לבירור ההלכה שחיבר רבי יהושע וולק כץ זצ""ל. מטרת החיבור הזה היא לפרש את קיצור דבריהם של השולחן ערוך והרמ""א בחלק חושן משפט ולהוסיף דינים חדשים. חובר בערך ה'ש""ל, נדפס בחיי המחבר בפראג.","ספר מאירת עיניים המוכר יותר בראשי תיבות הסמ""ע הוא אחד מארבעת הספרים לבירור ההלכה שחיבר רבי יהושע וולק כץ זצ""ל. מטרת החיבור הזה היא לפרש את קיצור דבריהם של השולחן ערוך והרמ""א בחלק חושן משפט ולהוסיף דינים חדשים. חובר בערך ה'ש""ל, נדפס בחיי המחבר בפראג."
"הלכה/משנה תורה/מפרשים/מגדל עוז","","","חיבורו של רבנו שם טוב ב""ר אברהם אבן גאון ז""ל על משנה תורה להרמב""ם, שנכתב כמאה שנה לאחר הסתלקות הרמב""ם. מטרתו להגן על פסקי הרמב""ם מפני השגות הראב""ד, והוא הראשון שעסק בציון מקורותיו של הרמב""ם. חובר בערך ה'נ""ח.","חיבורו של רבנו שם טוב ב""ר אברהם אבן גאון ז""ל על משנה תורה להרמב""ם, שנכתב כמאה שנה לאחר הסתלקות הרמב""ם. מטרתו להגן על פסקי הרמב""ם מפני השגות הראב""ד, והוא הראשון שעסק בציון מקורותיו של הרמב""ם. חובר בערך ה'נ""ח."
"הלכה/משנה תורה/מפרשים/מגיד משנה","","","חיבורו של רבנו וידאל די טולושא ז""ל על משנה תורה להרמב""ם. ממשיך את דרך 'מגדל עוז' ביישוב השגות הראב""ד ובציון מקורות הרמב""ם, ומקיף ממנו הרבה. נחשב לחשוב שבנושאי כליו של הרמב""ם. לפנינו על שישה מספרי משנה תורה בלבד. חובר בערך ה'ע'.","חיבורו של רבנו וידאל די טולושא ז""ל על משנה תורה להרמב""ם. ממשיך את דרך 'מגדל עוז' ביישוב השגות הראב""ד ובציון מקורות הרמב""ם, ומקיף ממנו הרבה. נחשב לחשוב שבנושאי כליו של הרמב""ם. לפנינו על שישה מספרי משנה תורה בלבד. חובר בערך ה'ע'."
"תלמוד בבלי/אחרונים/מהר״ם","","","חידושיו של רבי מאיר מלובלין [המהר""ם לובלין] זצ""ל על מסכתות הש""ס, מגדולי מפרשי התלמוד ופוסקי פולין. חובר בערך ה'שמ""ה. מרבותיו: רבי יצחק כ""ץ, ותלמידיו הרב יהושע העשיל חריף – מחבר מגיני שלמה ושו""ת פני יהושע · השל""ה – רבי ישעיה הלוי הורביץ · רבי אפרים זלמן שור – מחבר תבואת שור · רבי מאיר כ""ץ – אביו של הש""ך.","חידושיו של רבי מאיר מלובלין [המהר""ם לובלין] זצ""ל על מסכתות הש""ס, מגדולי מפרשי התלמוד ופוסקי פולין. חובר בערך ה'שמ""ה. מרבותיו: רבי יצחק כ""ץ, ותלמידיו הרב יהושע העשיל חריף – מחבר מגיני שלמה ושו""ת פני יהושע · השל""ה – רבי ישעיה הלוי הורביץ · רבי אפרים זלמן שור – מחבר תבואת שור · רבי מאיר כ""ץ – אביו של הש""ך."
"תלמוד בבלי/אחרונים/מהר״ם שיף","","","חידושים חריפים על מסכתות הש""ס מאת רבי מאיר ב""ר יעקב הכהן שיף [המהר""ם שיף] זצ""ל, ראש ישיבה בפולדא. נודע בחריפותו, ודבריו יסוד בדרך הפלפול. חובר בערך ה'שפ""ז.","חידושים חריפים על מסכתות הש""ס מאת רבי מאיר ב""ר יעקב הכהן שיף [המהר""ם שיף] זצ""ל, ראש ישיבה בפולדא. נודע בחריפותו, ודבריו יסוד בדרך הפלפול. חובר בערך ה'שפ""ז."
"מדרש/אגדה/מדרש רבה/מפרשים/מהרז״ו הקצר","","","פירוש והערות מאת רבי זאב וולף איינהורן [המהרז""ו] זצ""ל על בראשית רבה, לביאור לשונו, מקורותיו וענייניו. חובר בערך ה'תק""ע.","פירוש והערות מאת רבי זאב וולף איינהורן [המהרז""ו] זצ""ל על בראשית רבה, לביאור לשונו, מקורותיו וענייניו. חובר בערך ה'תק""ע."
"משנה/מחברי זמננו","","","פירושי מחברי דורנו וחידושיהם על הנזכר למעלה — שיעורים, ביאורים ומראי מקומות.","פירושי מחברי דורנו וחידושיהם על הנזכר למעלה — שיעורים, ביאורים ומראי מקומות."
"תלמוד בבלי/מחברי זמננו","","","פירושי מחברי דורנו וחידושיהם על הנזכר למעלה — שיעורים, ביאורים ומראי מקומות.","פירושי מחברי דורנו וחידושיהם על הנזכר למעלה — שיעורים, ביאורים ומראי מקומות."
"תנ״ך/מחברי זמננו","","","פירושי מחברי דורנו וחידושיהם על הנזכר למעלה — שיעורים, ביאורים ומראי מקומות.","פירושי מחברי דורנו וחידושיהם על הנזכר למעלה — שיעורים, ביאורים ומראי מקומות."
"ספרי מוסר/מחברי זמננו","","","פירושי מחברי דורנו וחידושיהם על הנזכר למעלה — שיעורים, ביאורים ומראי מקומות.","פירושי מחברי דורנו וחידושיהם על הנזכר למעלה — שיעורים, ביאורים ומראי מקומות."
"הלכה/מחברי זמננו","","","פירושי מחברי דורנו וחידושיהם על הנזכר למעלה — שיעורים, ביאורים ומראי מקומות.","פירושי מחברי דורנו וחידושיהם על הנזכר למעלה — שיעורים, ביאורים ומראי מקומות."
"קבלה/מחברי זמננו","","","פירושי מחברי דורנו וחידושיהם על הנזכר למעלה — שיעורים, ביאורים ומראי מקומות.","פירושי מחברי דורנו וחידושיהם על הנזכר למעלה — שיעורים, ביאורים ומראי מקומות."
"הלכה/שולחן ערוך/מפרשים/מחצית השקל","","","ביאור ארוך על פירוש 'מגן אברהם' לשולחן ערוך אורח חיים, נדפס על הדף ברוב מהדורות השלחן ערוך. חובר בערך ה'תקט""ו, נדפס בחיי המחבר בוינה.","ביאור ארוך על פירוש 'מגן אברהם' לשולחן ערוך אורח חיים, נדפס על הדף ברוב מהדורות השלחן ערוך. חובר בערך ה'תקט""ו, נדפס בחיי המחבר בוינה."
"מילונים וספרי יעץ/מילונים","","","ספרי העוסקים בביאורי המילים ושרשיהן, בלשון הכתובים ובלשון חכמים; ועמהם ביאור מילות הלעז שברש""י על התנ""ך והש""ס.","ספרי העוסקים בביאורי המילים ושרשיהן, בלשון הכתובים ובלשון חכמים; ועמהם ביאור מילות הלעז שברש""י על התנ""ך והש""ס."
"ספרות עזר/מילונים","","","ספרי העוסקים בביאורי המילים ושרשיהן, בלשון הכתובים ובלשון חכמים; ועמהם ביאור מילות הלעז שברש""י על התנ""ך והש""ס.","ספרי העוסקים בביאורי המילים ושרשיהן, בלשון הכתובים ובלשון חכמים; ועמהם ביאור מילות הלעז שברש""י על התנ""ך והש""ס."
"משנה/אחרונים/מלאכת שלמה","","","פירוש מקיף על כל המשניות, מאת רבי שלמה עדני זצ""ל מתלמידי המהרח""ו זצ""ל. נמנה עם ספרי היסוד שעל המשנה, ומתייחד בהבאת נוסחאות עתיקות שבידו, שיש בהן כדי ליישב קושיות בלשון המשנה.","פירוש מקיף על כל המשניות, מאת רבי שלמה עדני זצ""ל מתלמידי המהרח""ו זצ""ל. נמנה עם ספרי היסוד שעל המשנה, ומתייחד בהבאת נוסחאות עתיקות שבידו, שיש בהן כדי ליישב קושיות בלשון המשנה."
"תנ״ך/אחרונים/מלבי״ם/מלבי״ם באור המילות","","","חלק ביאור המילים שבפירוש המלבי""ם על התנ""ך, המברר את דקדוק הלשון ואת ההבדל שבין מילים נרדפות. חובר בערך ה'תר""ד, נדפס בחיי המחבר בורשה.","חלק ביאור המילים שבפירוש המלבי""ם על התנ""ך, המברר את דקדוק הלשון ואת ההבדל שבין מילים נרדפות. חובר בערך ה'תר""ד, נדפס בחיי המחבר בורשה."
"תלמוד בבלי/ראשונים/רי״ף/מפרשים/מלחמת השם","","","חיבורו של רבנו משה בן נחמן [הרמב""ן] ז""ל להגנת פסקי הרי""ף מפני השגות בעל המאור. נדפס בצד הרי""ף בדפוסי הש""ס. חובר ד'תתקע""ב. מרבותיו: רבי יהודה בר יקר · רבי עזרא בן שלמה (חכמת הקבלה), ותלמידיו הרא""ה · הרשב""א · רבי נתן בר יוסף · רבי שמואל בר יצחק הסרדי.","חיבורו של רבנו משה בן נחמן [הרמב""ן] ז""ל להגנת פסקי הרי""ף מפני השגות בעל המאור. נדפס בצד הרי""ף בדפוסי הש""ס. חובר ד'תתקע""ב. מרבותיו: רבי יהודה בר יקר · רבי עזרא בן שלמה (חכמת הקבלה), ותלמידיו הרא""ה · הרשב""א · רבי נתן בר יוסף · רבי שמואל בר יצחק הסרדי."
"תלמוד בבלי/מפרשים על המסכתות הקטנות/מסורת הש״ס","","","חיבור של רבי יהושע בועז ז""ל שתוכנו מראי מקומות למקורות מקבילים בדברי חז""ל (משנה, תוספתא ומקבילות בתלמוד הבבלי עצמו). חובר בערך ה'רפ""ג.","חיבור של רבי יהושע בועז ז""ל שתוכנו מראי מקומות למקורות מקבילים בדברי חז""ל (משנה, תוספתא ומקבילות בתלמוד הבבלי עצמו). חובר בערך ה'רפ""ג."
"תלמוד בבלי/מסכתות קטנות","","","ברייתות ומסורות חז""ל הערוכות בלשון המשנה וצורפו אל הש""ס — הלכות סופרים, תפילין ומזוזה, גרים ועבדים, אבלות ודרך ארץ. [מהן שנתחברו ככה""נ בתקופת הגאונים].","ברייתות ומסורות חז""ל הערוכות בלשון המשנה וצורפו אל הש""ס — הלכות סופרים, תפילין ומזוזה, גרים ועבדים, אבלות ודרך ארץ. [מהן שנתחברו ככה""נ בתקופת הגאונים]."
"תלמוד בבלי/אחרונים/שערי תורת בבל/מסכתות קטנות","","","ברייתות ומסורות חז""ל הערוכות בלשון המשנה וצורפו אל הש""ס — הלכות סופרים, תפילין ומזוזה, גרים ועבדים, אבלות ודרך ארץ. [מהן שנתחברו ככה""נ בתקופת הגאונים].","ברייתות ומסורות חז""ל הערוכות בלשון המשנה וצורפו אל הש""ס — הלכות סופרים, תפילין ומזוזה, גרים ועבדים, אבלות ודרך ארץ. [מהן שנתחברו ככה""נ בתקופת הגאונים]."
"תלמוד בבלי/אחרונים/אור הישר/מסכתות קטנות","","","ברייתות ומסורות חז""ל הערוכות בלשון המשנה וצורפו אל הש""ס — הלכות סופרים, תפילין ומזוזה, גרים ועבדים, אבלות ודרך ארץ. [מהן שנתחברו ככה""נ בתקופת הגאונים].","ברייתות ומסורות חז""ל הערוכות בלשון המשנה וצורפו אל הש""ס — הלכות סופרים, תפילין ומזוזה, גרים ועבדים, אבלות ודרך ארץ. [מהן שנתחברו ככה""נ בתקופת הגאונים]."
"תלמוד בבלי/ראשונים/רא״ש/מפרשים/מעדני יום טוב","","","פירושו של רבי יום טוב ליפמן הלר הלוי זצ""ל על פסקי הרא""ש, הנלווה לחיבורו 'תוספות יום טוב' שעל המשנה. חובר בערך ה'שס""ב, נדפס בחיי המחבר בפראג.","פירושו של רבי יום טוב ליפמן הלר הלוי זצ""ל על פסקי הרא""ש, הנלווה לחיבורו 'תוספות יום טוב' שעל המשנה. חובר בערך ה'שס""ב, נדפס בחיי המחבר בפראג."
"הלכה/משנה תורה/מפרשים/מעשה רקח","","","פירוש על משנה תורה להרמב""ם, מאת רבי מסעוד חי רקח זצ""ל, רבה של טריפולי. בראש הספר העתיק המחבר פירושים על הרמב""ם מן הראשונים, ובראשם רבנו אברהם בן הרמב""ם ז""ל. חובר בערך ה'תע""ח.","פירוש על משנה תורה להרמב""ם, מאת רבי מסעוד חי רקח זצ""ל, רבה של טריפולי. בראש הספר העתיק המחבר פירושים על הרמב""ם מן הראשונים, ובראשם רבנו אברהם בן הרמב""ם ז""ל. חובר בערך ה'תע""ח."
"הלכה/משנה תורה/מפרשים/מעשי למלך","","","ביאור על משנה תורה להרמב""ם מאת רבי ישעיהו זילברשטיין זצ""ל, רבה של ואץ שבהונגריה. חובר בערך ה'תרנ""ז.","ביאור על משנה תורה להרמב""ם מאת רבי ישעיהו זילברשטיין זצ""ל, רבה של ואץ שבהונגריה. חובר בערך ה'תרנ""ז."
"מדרש/אגדה/מדרש לקח טוב/מפרשים","","","פירושי הנזכר למעלה, מרבותינו הראשונים ועד מחברי דורנו, ועמהם ההגהות ומראי המקומות הנדפסים בצדו.","פירושי הנזכר למעלה, מרבותינו הראשונים ועד מחברי דורנו, ועמהם ההגהות ומראי המקומות הנדפסים בצדו."
"מדרש/אגדה/סדר עולם רבה/מפרשים","","","פירושי הנזכר למעלה, מרבותינו הראשונים ועד מחברי דורנו, ועמהם ההגהות ומראי המקומות הנדפסים בצדו.","פירושי הנזכר למעלה, מרבותינו הראשונים ועד מחברי דורנו, ועמהם ההגהות ומראי המקומות הנדפסים בצדו."
"מדרש/הלכה/מפרשים","","","פירושי הנזכר למעלה, מרבותינו הראשונים ועד מחברי דורנו, ועמהם ההגהות ומראי המקומות הנדפסים בצדו.","פירושי הנזכר למעלה, מרבותינו הראשונים ועד מחברי דורנו, ועמהם ההגהות ומראי המקומות הנדפסים בצדו."
"סדר התפילה/הגדה/מפרשים","","","פירושי הנזכר למעלה, מרבותינו הראשונים ועד מחברי דורנו, ועמהם ההגהות ומראי המקומות הנדפסים בצדו.","פירושי הנזכר למעלה, מרבותינו הראשונים ועד מחברי דורנו, ועמהם ההגהות ומראי המקומות הנדפסים בצדו."
"תלמוד ירושלמי/מפרשים","","","פירושי הנזכר למעלה, מרבותינו הראשונים ועד מחברי דורנו, ועמהם ההגהות ומראי המקומות הנדפסים בצדו.","פירושי הנזכר למעלה, מרבותינו הראשונים ועד מחברי דורנו, ועמהם ההגהות ומראי המקומות הנדפסים בצדו."
"תלמוד בבלי/ראשונים/רא״ש/מפרשים","","","פירושי הנזכר למעלה, מרבותינו הראשונים ועד מחברי דורנו, ועמהם ההגהות ומראי המקומות הנדפסים בצדו.","פירושי הנזכר למעלה, מרבותינו הראשונים ועד מחברי דורנו, ועמהם ההגהות ומראי המקומות הנדפסים בצדו."
"תלמוד בבלי/ראשונים/רי״ף/מפרשים","","","פירושי הנזכר למעלה, מרבותינו הראשונים ועד מחברי דורנו, ועמהם ההגהות ומראי המקומות הנדפסים בצדו.","פירושי הנזכר למעלה, מרבותינו הראשונים ועד מחברי דורנו, ועמהם ההגהות ומראי המקומות הנדפסים בצדו."
"קבלה/ספר יצירה/מפרשים","","","פירושי הנזכר למעלה, מרבותינו הראשונים ועד מחברי דורנו, ועמהם ההגהות ומראי המקומות הנדפסים בצדו.","פירושי הנזכר למעלה, מרבותינו הראשונים ועד מחברי דורנו, ועמהם ההגהות ומראי המקומות הנדפסים בצדו."
"מדרש/אגדה/מפרשים","","","פירושי הנזכר למעלה, מרבותינו הראשונים ועד מחברי דורנו, ועמהם ההגהות ומראי המקומות הנדפסים בצדו.","פירושי הנזכר למעלה, מרבותינו הראשונים ועד מחברי דורנו, ועמהם ההגהות ומראי המקומות הנדפסים בצדו."
"מדרש/אגדה/מדרש רבה/מפרשים","","","פירושי הנזכר למעלה, מרבותינו הראשונים ועד מחברי דורנו, ועמהם ההגהות ומראי המקומות הנדפסים בצדו.","פירושי הנזכר למעלה, מרבותינו הראשונים ועד מחברי דורנו, ועמהם ההגהות ומראי המקומות הנדפסים בצדו."
"מחשבת ישראל/מורה נבוכים/מפרשים","","","פירושי הנזכר למעלה, מרבותינו הראשונים ועד מחברי דורנו, ועמהם ההגהות ומראי המקומות הנדפסים בצדו.","פירושי הנזכר למעלה, מרבותינו הראשונים ועד מחברי דורנו, ועמהם ההגהות ומראי המקומות הנדפסים בצדו."
"מחשבת ישראל/ראשונים/חובות הלבבות/מפרשים","","","פירושי הנזכר למעלה, מרבותינו הראשונים ועד מחברי דורנו, ועמהם ההגהות ומראי המקומות הנדפסים בצדו.","פירושי הנזכר למעלה, מרבותינו הראשונים ועד מחברי דורנו, ועמהם ההגהות ומראי המקומות הנדפסים בצדו."
"הלכה/מפרשים","","","פירושי הנזכר למעלה, מרבותינו הראשונים ועד מחברי דורנו, ועמהם ההגהות ומראי המקומות הנדפסים בצדו.","פירושי הנזכר למעלה, מרבותינו הראשונים ועד מחברי דורנו, ועמהם ההגהות ומראי המקומות הנדפסים בצדו."
"הלכה/שולחן ערוך/מפרשים","","","פירושי הנזכר למעלה, מרבותינו הראשונים ועד מחברי דורנו, ועמהם ההגהות ומראי המקומות הנדפסים בצדו.","פירושי הנזכר למעלה, מרבותינו הראשונים ועד מחברי דורנו, ועמהם ההגהות ומראי המקומות הנדפסים בצדו."
"הלכה/ספרי מצוות/ספר המצוות/מפרשים","","","פירושי הנזכר למעלה, מרבותינו הראשונים ועד מחברי דורנו, ועמהם ההגהות ומראי המקומות הנדפסים בצדו.","פירושי הנזכר למעלה, מרבותינו הראשונים ועד מחברי דורנו, ועמהם ההגהות ומראי המקומות הנדפסים בצדו."
"הלכה/טור/מפרשים","","","פירושי הנזכר למעלה, מרבותינו הראשונים ועד מחברי דורנו, ועמהם ההגהות ומראי המקומות הנדפסים בצדו.","פירושי הנזכר למעלה, מרבותינו הראשונים ועד מחברי דורנו, ועמהם ההגהות ומראי המקומות הנדפסים בצדו."
"הלכה/משנה תורה/מפרשים","","","פירושי הנזכר למעלה, מרבותינו הראשונים ועד מחברי דורנו, ועמהם ההגהות ומראי המקומות הנדפסים בצדו.","פירושי הנזכר למעלה, מרבותינו הראשונים ועד מחברי דורנו, ועמהם ההגהות ומראי המקומות הנדפסים בצדו."
"סדר התפילה/מפרשים","","","פירושי הנזכר למעלה, מרבותינו הראשונים ועד מחברי דורנו, ועמהם ההגהות ומראי המקומות הנדפסים בצדו.","פירושי הנזכר למעלה, מרבותינו הראשונים ועד מחברי דורנו, ועמהם ההגהות ומראי המקומות הנדפסים בצדו."
"תלמוד בבלי/מפרשים על המסכתות הקטנות","","","פירושי אחרונים והגהותיהם על אותן ברייתות — ובהן הגהות נוסח על פי כתבי יד ומסורת הש""ס.","פירושי אחרונים והגהותיהם על אותן ברייתות — ובהן הגהות נוסח על פי כתבי יד ומסורת הש""ס."
"תלמוד בבלי/מפרשים על המסכתות הקטנות/מצפה איתן","","","פירוש והערות מאת רבי אברהם משכיל לאיתן זצ""ל על מסכת אבות דרבי נתן. חובר בערך ה'תקע""ד.","פירוש והערות מאת רבי אברהם משכיל לאיתן זצ""ל על מסכת אבות דרבי נתן. חובר בערך ה'תקע""ד."
"הלכה/משנה תורה/מפרשים/מקורי הרמב״ם לרש״ש","","","ציוני מקורות לדברי הרמב""ם במשנה תורה, מאת רבי שמואל שטראשון [הרש""ש] זצ""ל, המראים את מקום כל הלכה בדברי חז""ל. חובר בערך ה'תקצ""ב, נדפס בחיי המחבר בורשה.","ציוני מקורות לדברי הרמב""ם במשנה תורה, מאת רבי שמואל שטראשון [הרש""ש] זצ""ל, המראים את מקום כל הלכה בדברי חז""ל. חובר בערך ה'תקצ""ב, נדפס בחיי המחבר בורשה."
"תלמוד ירושלמי/מפרשים/מראה הפנים על תלמוד ירושלמי","","","פירושו השני של רבי משה מרגלית זצ""ל על התלמוד הירושלמי, הנלווה לפירושו 'פני משה'. עניינו להשוות את סוגיות הירושלמי לבבלי ולברר את ההלכה העולה מהן.","פירושו השני של רבי משה מרגלית זצ""ל על התלמוד הירושלמי, הנלווה לפירושו 'פני משה'. עניינו להשוות את סוגיות הירושלמי לבבלי ולברר את ההלכה העולה מהן."
"תלמוד בבלי/אחרונים/מראית העין","","","על אגדות עין ובסופו מסכת כותים עבדים תמורה וגרים, והג""ה עליהם ונקרא בשם כעת חי' ובתי הנפש השמטות לספר עין זוכר והשגות ע""ס קהלת יעקב למוהרי""א ובאר מים חיים (מוצירו) ושדה הארץ ח""ג (ליווארנא תקס""ה).' (פליטת ספרים, מערכת מ, אות קנח) חובר בערך ה'תקכ""ח, נדפס בחיי המחבר בליבורנו, איטליה. מרבותיו: המקובל רבי שלום שרעבי · רבי אליעזר נחום · רבי חיים בן עטר [האור החיים] · רבי יונה נבון מחבר [נחפה בכסף] ועוד.","על אגדות עין ובסופו מסכת כותים עבדים תמורה וגרים, והג""ה עליהם ונקרא בשם כעת חי' ובתי הנפש השמטות לספר עין זוכר והשגות ע""ס קהלת יעקב למוהרי""א ובאר מים חיים (מוצירו) ושדה הארץ ח""ג (ליווארנא תקס""ה).' (פליטת ספרים, מערכת מ, אות קנח) חובר בערך ה'תקכ""ח, נדפס בחיי המחבר בליבורנו, איטליה. מרבותיו: המקובל רבי שלום שרעבי · רבי אליעזר נחום · רבי חיים בן עטר [האור החיים] · רבי יונה נבון מחבר [נחפה בכסף] ועוד."
"תלמוד בבלי/ראשונים/מרדכי","","","פירוש והערות מאת רבנו מרדכי בן הלל [המרדכי] ז""ל על מסכת בבא בתרא. חובר בערך ה'ל'. מרבותיו: המהר""ם מרוטנבורג (היה רבו המובהק) · רבי אברהם בר ברוך · רבי אליעזר ממיץ · רבי אפרים בר נתן ועוד.","פירוש והערות מאת רבנו מרדכי בן הלל [המרדכי] ז""ל על מסכת בבא בתרא. חובר בערך ה'ל'. מרבותיו: המהר""ם מרוטנבורג (היה רבו המובהק) · רבי אברהם בר ברוך · רבי אליעזר ממיץ · רבי אפרים בר נתן ועוד."
"הלכה/מפרשים/משמרת הבית","","","חיבור הלכתי מאת רבנו שלמה ב""ר אברהם אבן אדרת [הרשב""א] ז""ל חובר ה'נ""ג. מרבותיו: הרמב""ן · רבי יצחק בן אברהם מנרבונה · רבנו יונה גירונדי.","חיבור הלכתי מאת רבנו שלמה ב""ר אברהם אבן אדרת [הרשב""א] ז""ל חובר ה'נ""ג. מרבותיו: הרמב""ן · רבי יצחק בן אברהם מנרבונה · רבנו יונה גירונדי."
"הלכה/משנה תורה/מפרשים/משנה למלך","","","חידושים ובירורים על משנה תורה להרמב""ם, מאת רבי יהודה רוזאניס [המשנה למלך] זצ""ל. נכתב מתחילה כחידושי תורה לפי עניינים, ונערך כפירוש על סדר הרמב""ם בידי תלמידו רבי יעקב כולי זצ""ל. שמו נדרש על שלושת מפרשי הרמב""ם – מגיד משנה, לחם משנה וכסף משנה, ראשי תיבות 'מלך'. חובר בערך ה'תל""ה.","חידושים ובירורים על משנה תורה להרמב""ם, מאת רבי יהודה רוזאניס [המשנה למלך] זצ""ל. נכתב מתחילה כחידושי תורה לפי עניינים, ונערך כפירוש על סדר הרמב""ם בידי תלמידו רבי יעקב כולי זצ""ל. שמו נדרש על שלושת מפרשי הרמב""ם – מגיד משנה, לחם משנה וכסף משנה, ראשי תיבות 'מלך'. חובר בערך ה'תל""ה."
"מדרש/אגדה/מדרש רבה/מפרשים/משנת דרבי אליעזר","","","פירוש והערות מאת רבי אליעזר יהודה מפינטשוב זצ""ל על בראשית רבה, לביאור לשונו, מקורותיו וענייניו. חובר בערך ה'תס""ג, נדפס בחיי המחבר באמסטרדם.","פירוש והערות מאת רבי אליעזר יהודה מפינטשוב זצ""ל על בראשית רבה, לביאור לשונו, מקורותיו וענייניו. חובר בערך ה'תס""ג, נדפס בחיי המחבר באמסטרדם."
"מדרש/אגדה/מדרש רבה/מפרשים/מתנות כהונה","","","פירוש והערות מאת רבי יששכר בער זצ""ל על בראשית רבה, לביאור לשונו, מקורותיו וענייניו. חובר ה'שמ""ד.","פירוש והערות מאת רבי יששכר בער זצ""ל על בראשית רבה, לביאור לשונו, מקורותיו וענייניו. חובר ה'שמ""ד."
"תנ״ך/נביאים","","","החלק השני שבתנ""ך, ובו דבר ה' בפי עבדיו הנביאים. נחלק לנביאים ראשונים ואחרונים: יהושע, שופטים, שמואל ומלכים; ישעיה, ירמיה, יחזקאל ותרי עשר.","החלק השני שבתנ""ך, ובו דבר ה' בפי עבדיו הנביאים. נחלק לנביאים ראשונים ואחרונים: יהושע, שופטים, שמואל ומלכים; ישעיה, ירמיה, יחזקאל ותרי עשר."
"תנ״ך/תרגומים/תרגום יונתן/נביאים","","","החלק השני שבתנ""ך, ובו דבר ה' בפי עבדיו הנביאים. נחלק לנביאים ראשונים ואחרונים: יהושע, שופטים, שמואל ומלכים; ישעיה, ירמיה, יחזקאל ותרי עשר.","החלק השני שבתנ""ך, ובו דבר ה' בפי עבדיו הנביאים. נחלק לנביאים ראשונים ואחרונים: יהושע, שופטים, שמואל ומלכים; ישעיה, ירמיה, יחזקאל ותרי עשר."
"תנ״ך/אחרונים/חיד״א/חומת אנך/נביאים","","","החלק השני שבתנ""ך, ובו דבר ה' בפי עבדיו הנביאים. נחלק לנביאים ראשונים ואחרונים: יהושע, שופטים, שמואל ומלכים; ישעיה, ירמיה, יחזקאל ותרי עשר.","החלק השני שבתנ""ך, ובו דבר ה' בפי עבדיו הנביאים. נחלק לנביאים ראשונים ואחרונים: יהושע, שופטים, שמואל ומלכים; ישעיה, ירמיה, יחזקאל ותרי עשר."
"תנ״ך/אחרונים/מצודת דוד/נביאים","","","החלק השני שבתנ""ך, ובו דבר ה' בפי עבדיו הנביאים. נחלק לנביאים ראשונים ואחרונים: יהושע, שופטים, שמואל ומלכים; ישעיה, ירמיה, יחזקאל ותרי עשר.","החלק השני שבתנ""ך, ובו דבר ה' בפי עבדיו הנביאים. נחלק לנביאים ראשונים ואחרונים: יהושע, שופטים, שמואל ומלכים; ישעיה, ירמיה, יחזקאל ותרי עשר."
"תנ״ך/אחרונים/מלבי״ם/מלבי״ם באור המילות/נביאים","","","החלק השני שבתנ""ך, ובו דבר ה' בפי עבדיו הנביאים. נחלק לנביאים ראשונים ואחרונים: יהושע, שופטים, שמואל ומלכים; ישעיה, ירמיה, יחזקאל ותרי עשר.","החלק השני שבתנ""ך, ובו דבר ה' בפי עבדיו הנביאים. נחלק לנביאים ראשונים ואחרונים: יהושע, שופטים, שמואל ומלכים; ישעיה, ירמיה, יחזקאל ותרי עשר."
"תנ״ך/אחרונים/מלבי״ם/נביאים","","","החלק השני שבתנ""ך, ובו דבר ה' בפי עבדיו הנביאים. נחלק לנביאים ראשונים ואחרונים: יהושע, שופטים, שמואל ומלכים; ישעיה, ירמיה, יחזקאל ותרי עשר.","החלק השני שבתנ""ך, ובו דבר ה' בפי עבדיו הנביאים. נחלק לנביאים ראשונים ואחרונים: יהושע, שופטים, שמואל ומלכים; ישעיה, ירמיה, יחזקאל ותרי עשר."
"תנ״ך/אחרונים/אור החיים/נביאים","","","החלק השני שבתנ""ך, ובו דבר ה' בפי עבדיו הנביאים. נחלק לנביאים ראשונים ואחרונים: יהושע, שופטים, שמואל ומלכים; ישעיה, ירמיה, יחזקאל ותרי עשר.","החלק השני שבתנ""ך, ובו דבר ה' בפי עבדיו הנביאים. נחלק לנביאים ראשונים ואחרונים: יהושע, שופטים, שמואל ומלכים; ישעיה, ירמיה, יחזקאל ותרי עשר."
"תנ״ך/אחרונים/מצודת ציון/נביאים","","","החלק השני שבתנ""ך, ובו דבר ה' בפי עבדיו הנביאים. נחלק לנביאים ראשונים ואחרונים: יהושע, שופטים, שמואל ומלכים; ישעיה, ירמיה, יחזקאל ותרי עשר.","החלק השני שבתנ""ך, ובו דבר ה' בפי עבדיו הנביאים. נחלק לנביאים ראשונים ואחרונים: יהושע, שופטים, שמואל ומלכים; ישעיה, ירמיה, יחזקאל ותרי עשר."
"תנ״ך/אחרונים/אלשיך/נביאים","","","החלק השני שבתנ""ך, ובו דבר ה' בפי עבדיו הנביאים. נחלק לנביאים ראשונים ואחרונים: יהושע, שופטים, שמואל ומלכים; ישעיה, ירמיה, יחזקאל ותרי עשר.","החלק השני שבתנ""ך, ובו דבר ה' בפי עבדיו הנביאים. נחלק לנביאים ראשונים ואחרונים: יהושע, שופטים, שמואל ומלכים; ישעיה, ירמיה, יחזקאל ותרי עשר."
"תנ״ך/ראשונים/רד״ק/נביאים","","","החלק השני שבתנ""ך, ובו דבר ה' בפי עבדיו הנביאים. נחלק לנביאים ראשונים ואחרונים: יהושע, שופטים, שמואל ומלכים; ישעיה, ירמיה, יחזקאל ותרי עשר.","החלק השני שבתנ""ך, ובו דבר ה' בפי עבדיו הנביאים. נחלק לנביאים ראשונים ואחרונים: יהושע, שופטים, שמואל ומלכים; ישעיה, ירמיה, יחזקאל ותרי עשר."
"תנ״ך/ראשונים/אברבנאל/נביאים","","","החלק השני שבתנ""ך, ובו דבר ה' בפי עבדיו הנביאים. נחלק לנביאים ראשונים ואחרונים: יהושע, שופטים, שמואל ומלכים; ישעיה, ירמיה, יחזקאל ותרי עשר.","החלק השני שבתנ""ך, ובו דבר ה' בפי עבדיו הנביאים. נחלק לנביאים ראשונים ואחרונים: יהושע, שופטים, שמואל ומלכים; ישעיה, ירמיה, יחזקאל ותרי עשר."
"תנ״ך/ראשונים/אבן עזרא/נביאים","","","החלק השני שבתנ""ך, ובו דבר ה' בפי עבדיו הנביאים. נחלק לנביאים ראשונים ואחרונים: יהושע, שופטים, שמואל ומלכים; ישעיה, ירמיה, יחזקאל ותרי עשר.","החלק השני שבתנ""ך, ובו דבר ה' בפי עבדיו הנביאים. נחלק לנביאים ראשונים ואחרונים: יהושע, שופטים, שמואל ומלכים; ישעיה, ירמיה, יחזקאל ותרי עשר."
"תנ״ך/ראשונים/רלב״ג/נביאים","","","החלק השני שבתנ""ך, ובו דבר ה' בפי עבדיו הנביאים. נחלק לנביאים ראשונים ואחרונים: יהושע, שופטים, שמואל ומלכים; ישעיה, ירמיה, יחזקאל ותרי עשר.","החלק השני שבתנ""ך, ובו דבר ה' בפי עבדיו הנביאים. נחלק לנביאים ראשונים ואחרונים: יהושע, שופטים, שמואל ומלכים; ישעיה, ירמיה, יחזקאל ותרי עשר."
"תנ״ך/ראשונים/רש״י/נביאים","","","החלק השני שבתנ""ך, ובו דבר ה' בפי עבדיו הנביאים. נחלק לנביאים ראשונים ואחרונים: יהושע, שופטים, שמואל ומלכים; ישעיה, ירמיה, יחזקאל ותרי עשר.","החלק השני שבתנ""ך, ובו דבר ה' בפי עבדיו הנביאים. נחלק לנביאים ראשונים ואחרונים: יהושע, שופטים, שמואל ומלכים; ישעיה, ירמיה, יחזקאל ותרי עשר."
"תנ״ך/ראשונים/מנחת שי/נביאים","","","החלק השני שבתנ""ך, ובו דבר ה' בפי עבדיו הנביאים. נחלק לנביאים ראשונים ואחרונים: יהושע, שופטים, שמואל ומלכים; ישעיה, ירמיה, יחזקאל ותרי עשר.","החלק השני שבתנ""ך, ובו דבר ה' בפי עבדיו הנביאים. נחלק לנביאים ראשונים ואחרונים: יהושע, שופטים, שמואל ומלכים; ישעיה, ירמיה, יחזקאל ותרי עשר."
"תלמוד בבלי/מפרשים על המסכתות הקטנות/נוסחא חדשה","","","נוסח אחר של מסכת גרים, ואינו כנוסח שבדפוסים הרווחים. מסכת אחת בלבד.","נוסח אחר של מסכת גרים, ואינו כנוסח שבדפוסים הרווחים. מסכת אחת בלבד."
"תלמוד בבלי/מפרשים על המסכתות הקטנות/נוסחאות כ״י","","","תיאורו טרם נתברר — וכל היודע יואיל לשלחו לנו.","תיאורו טרם נתברר — וכל היודע יואיל לשלחו לנו."
"תלמוד בבלי/מפרשים על המסכתות הקטנות/נוסחת הגר״א","","","תיקוני הגרסה וההגהות של רבנו הגר""א [רבי אליהו מווילנא] זצ""ל, המעמידים את נוסח הדברים על מכונו. חובר בערך ה'ת""צ.","תיקוני הגרסה וההגהות של רבנו הגר""א [רבי אליהו מווילנא] זצ""ל, המעמידים את נוסח הדברים על מכונו. חובר בערך ה'ת""צ."
"הלכה/משנה תורה/מפרשים/נחל איתן","","","חיבור על משנה תורה להרמב""ם מאת רבי אברהם משכיל לאיתן זצ""ל. חובר בערך ה'תקס""ח.","חיבור על משנה תורה להרמב""ם מאת רבי אברהם משכיל לאיתן זצ""ל. חובר בערך ה'תקס""ח."
"תנ״ך/אחרונים/חיד״א/נחל אשכול","","","על חמש מגילות לחיד""א והשמטות נקראו בשם ערבי נחל' (פליטת ספרים, מערכת נ, אות יא). חובר בערך ה'תקכ""ח. מרבותיו: המקובל רבי שלום שרעבי · רבי אליעזר נחום · רבי חיים בן עטר [האור החיים] · רבי יונה נבון מחבר [נחפה בכסף] ועוד.","על חמש מגילות לחיד""א והשמטות נקראו בשם ערבי נחל' (פליטת ספרים, מערכת נ, אות יא). חובר בערך ה'תקכ""ח. מרבותיו: המקובל רבי שלום שרעבי · רבי אליעזר נחום · רבי חיים בן עטר [האור החיים] · רבי יונה נבון מחבר [נחפה בכסף] ועוד."
"תלמוד בבלי/ראשונים/רי״ף/מפרשים/נימוקי יוסף","","","פירושו של רבנו יוסף חביבא ז""ל, מאחרוני ראשוני ספרד, על הלכות הרי""ף. מביא את שיטות הראשונים ומכריע בהן, ונדפס בצד הרי""ף בדפוסי הש""ס. חובר בערך ה'צ'.","פירושו של רבנו יוסף חביבא ז""ל, מאחרוני ראשוני ספרד, על הלכות הרי""ף. מביא את שיטות הראשונים ומכריע בהן, ונדפס בצד הרי""ף בדפוסי הש""ס. חובר בערך ה'צ'."
"הלכה/שולחן ערוך/מפרשים/נקודות הכסף","","","השגות של בעל השפתי כהן (הש""ך) על הטורי זהב על יורה דעה. חובר ה'ת""ו.","השגות של בעל השפתי כהן (הש""ך) על הטורי זהב על יורה דעה. חובר ה'ת""ו."
"הלכה/שולחן ערוך/מפרשים/נתיבות המשפט, ביאורים","","","חיבורו הלמדני של הגאון רבי יעקב לורברבוים זצ""ל על חושן משפט, הנחלק לביאורים ולחידושים, ונלמד בכל ישיבה לצד קצות החושן. חובר בערך ה'תקמ""ט, נדפס בחיי המחבר.","חיבורו הלמדני של הגאון רבי יעקב לורברבוים זצ""ל על חושן משפט, הנחלק לביאורים ולחידושים, ונלמד בכל ישיבה לצד קצות החושן. חובר בערך ה'תקמ""ט, נדפס בחיי המחבר."
"הלכה/שולחן ערוך/מפרשים/נתיבות המשפט, חידושים","","","חיבורו הלמדני של הגאון רבי יעקב לורברבוים זצ""ל על חושן משפט, הנחלק לביאורים ולחידושים, ונלמד בכל ישיבה לצד קצות החושן. חובר בערך ה'תקמ""ט, נדפס בחיי המחבר.","חיבורו הלמדני של הגאון רבי יעקב לורברבוים זצ""ל על חושן משפט, הנחלק לביאורים ולחידושים, ונלמד בכל ישיבה לצד קצות החושן. חובר בערך ה'תקמ""ט, נדפס בחיי המחבר."
"משנה/סדר זרעים","","","הסדר הראשון מששה סדרי משנה — ברכות, ואחריה המצוות התלויות בארץ: פאה, כלאים, שביעית, תרומות ומעשרות. אחת עשרה מסכתות.","הסדר הראשון מששה סדרי משנה — ברכות, ואחריה המצוות התלויות בארץ: פאה, כלאים, שביעית, תרומות ומעשרות. אחת עשרה מסכתות."
"תלמוד בבלי/סדר זרעים","","","הסדר הראשון מששה סדרי משנה — ברכות, ואחריה המצוות התלויות בארץ: פאה, כלאים, שביעית, תרומות ומעשרות. אחת עשרה מסכתות.","הסדר הראשון מששה סדרי משנה — ברכות, ואחריה המצוות התלויות בארץ: פאה, כלאים, שביעית, תרומות ומעשרות. אחת עשרה מסכתות."
"תלמוד ירושלמי/סדר זרעים","","","הסדר הראשון מששה סדרי משנה — ברכות, ואחריה המצוות התלויות בארץ: פאה, כלאים, שביעית, תרומות ומעשרות. אחת עשרה מסכתות.","הסדר הראשון מששה סדרי משנה — ברכות, ואחריה המצוות התלויות בארץ: פאה, כלאים, שביעית, תרומות ומעשרות. אחת עשרה מסכתות."
"תוספתא/דפוס וילנא/סדר זרעים","","","הסדר הראשון מששה סדרי משנה — ברכות, ואחריה המצוות התלויות בארץ: פאה, כלאים, שביעית, תרומות ומעשרות. אחת עשרה מסכתות.","הסדר הראשון מששה סדרי משנה — ברכות, ואחריה המצוות התלויות בארץ: פאה, כלאים, שביעית, תרומות ומעשרות. אחת עשרה מסכתות."
"תוספתא/מהדורת ליברמן/סדר זרעים","","","הסדר הראשון מששה סדרי משנה — ברכות, ואחריה המצוות התלויות בארץ: פאה, כלאים, שביעית, תרומות ומעשרות. אחת עשרה מסכתות.","הסדר הראשון מששה סדרי משנה — ברכות, ואחריה המצוות התלויות בארץ: פאה, כלאים, שביעית, תרומות ומעשרות. אחת עשרה מסכתות."
"משנה/ראשונים/רמב״ם/סדר זרעים","","","הסדר הראשון מששה סדרי משנה — ברכות, ואחריה המצוות התלויות בארץ: פאה, כלאים, שביעית, תרומות ומעשרות. אחת עשרה מסכתות.","הסדר הראשון מששה סדרי משנה — ברכות, ואחריה המצוות התלויות בארץ: פאה, כלאים, שביעית, תרומות ומעשרות. אחת עשרה מסכתות."
"משנה/ראשונים/ברטנורא/סדר זרעים","","","הסדר הראשון מששה סדרי משנה — ברכות, ואחריה המצוות התלויות בארץ: פאה, כלאים, שביעית, תרומות ומעשרות. אחת עשרה מסכתות.","הסדר הראשון מששה סדרי משנה — ברכות, ואחריה המצוות התלויות בארץ: פאה, כלאים, שביעית, תרומות ומעשרות. אחת עשרה מסכתות."
"משנה/מחברי זמננו/שערי תורת בבל/סדר זרעים","","","הסדר הראשון מששה סדרי משנה — ברכות, ואחריה המצוות התלויות בארץ: פאה, כלאים, שביעית, תרומות ומעשרות. אחת עשרה מסכתות.","הסדר הראשון מששה סדרי משנה — ברכות, ואחריה המצוות התלויות בארץ: פאה, כלאים, שביעית, תרומות ומעשרות. אחת עשרה מסכתות."
"משנה/אחרונים/רש״ש/סדר זרעים","","","הסדר הראשון מששה סדרי משנה — ברכות, ואחריה המצוות התלויות בארץ: פאה, כלאים, שביעית, תרומות ומעשרות. אחת עשרה מסכתות.","הסדר הראשון מששה סדרי משנה — ברכות, ואחריה המצוות התלויות בארץ: פאה, כלאים, שביעית, תרומות ומעשרות. אחת עשרה מסכתות."
"משנה/אחרונים/יכין/סדר זרעים","","","הסדר הראשון מששה סדרי משנה — ברכות, ואחריה המצוות התלויות בארץ: פאה, כלאים, שביעית, תרומות ומעשרות. אחת עשרה מסכתות.","הסדר הראשון מששה סדרי משנה — ברכות, ואחריה המצוות התלויות בארץ: פאה, כלאים, שביעית, תרומות ומעשרות. אחת עשרה מסכתות."
"משנה/אחרונים/תוספות רבי עקיבא איגר/סדר זרעים","","","הסדר הראשון מששה סדרי משנה — ברכות, ואחריה המצוות התלויות בארץ: פאה, כלאים, שביעית, תרומות ומעשרות. אחת עשרה מסכתות.","הסדר הראשון מששה סדרי משנה — ברכות, ואחריה המצוות התלויות בארץ: פאה, כלאים, שביעית, תרומות ומעשרות. אחת עשרה מסכתות."
"משנה/אחרונים/תוספות יום טוב/סדר זרעים","","","הסדר הראשון מששה סדרי משנה — ברכות, ואחריה המצוות התלויות בארץ: פאה, כלאים, שביעית, תרומות ומעשרות. אחת עשרה מסכתות.","הסדר הראשון מששה סדרי משנה — ברכות, ואחריה המצוות התלויות בארץ: פאה, כלאים, שביעית, תרומות ומעשרות. אחת עשרה מסכתות."
"משנה/אחרונים/יש סדר למשנה/סדר זרעים","","","הסדר הראשון מששה סדרי משנה — ברכות, ואחריה המצוות התלויות בארץ: פאה, כלאים, שביעית, תרומות ומעשרות. אחת עשרה מסכתות.","הסדר הראשון מששה סדרי משנה — ברכות, ואחריה המצוות התלויות בארץ: פאה, כלאים, שביעית, תרומות ומעשרות. אחת עשרה מסכתות."
"משנה/אחרונים/פתח עינים/סדר זרעים","","","הסדר הראשון מששה סדרי משנה — ברכות, ואחריה המצוות התלויות בארץ: פאה, כלאים, שביעית, תרומות ומעשרות. אחת עשרה מסכתות.","הסדר הראשון מששה סדרי משנה — ברכות, ואחריה המצוות התלויות בארץ: פאה, כלאים, שביעית, תרומות ומעשרות. אחת עשרה מסכתות."
"משנה/אחרונים/עיקר תוספות יום טוב/סדר זרעים","","","הסדר הראשון מששה סדרי משנה — ברכות, ואחריה המצוות התלויות בארץ: פאה, כלאים, שביעית, תרומות ומעשרות. אחת עשרה מסכתות.","הסדר הראשון מששה סדרי משנה — ברכות, ואחריה המצוות התלויות בארץ: פאה, כלאים, שביעית, תרומות ומעשרות. אחת עשרה מסכתות."
"משנה/אחרונים/לחם שמים/סדר זרעים","","","הסדר הראשון מששה סדרי משנה — ברכות, ואחריה המצוות התלויות בארץ: פאה, כלאים, שביעית, תרומות ומעשרות. אחת עשרה מסכתות.","הסדר הראשון מששה סדרי משנה — ברכות, ואחריה המצוות התלויות בארץ: פאה, כלאים, שביעית, תרומות ומעשרות. אחת עשרה מסכתות."
"משנה/אחרונים/מלאכת שלמה/סדר זרעים","","","הסדר הראשון מששה סדרי משנה — ברכות, ואחריה המצוות התלויות בארץ: פאה, כלאים, שביעית, תרומות ומעשרות. אחת עשרה מסכתות.","הסדר הראשון מששה סדרי משנה — ברכות, ואחריה המצוות התלויות בארץ: פאה, כלאים, שביעית, תרומות ומעשרות. אחת עשרה מסכתות."
"משנה/אחרונים/הון עשיר/סדר זרעים","","","הסדר הראשון מששה סדרי משנה — ברכות, ואחריה המצוות התלויות בארץ: פאה, כלאים, שביעית, תרומות ומעשרות. אחת עשרה מסכתות.","הסדר הראשון מששה סדרי משנה — ברכות, ואחריה המצוות התלויות בארץ: פאה, כלאים, שביעית, תרומות ומעשרות. אחת עשרה מסכתות."
"משנה/אחרונים/בועז/סדר זרעים","","","הסדר הראשון מששה סדרי משנה — ברכות, ואחריה המצוות התלויות בארץ: פאה, כלאים, שביעית, תרומות ומעשרות. אחת עשרה מסכתות.","הסדר הראשון מששה סדרי משנה — ברכות, ואחריה המצוות התלויות בארץ: פאה, כלאים, שביעית, תרומות ומעשרות. אחת עשרה מסכתות."
"משנה/אחרונים/הגהות יעב״ץ/סדר זרעים","","","הסדר הראשון מששה סדרי משנה — ברכות, ואחריה המצוות התלויות בארץ: פאה, כלאים, שביעית, תרומות ומעשרות. אחת עשרה מסכתות.","הסדר הראשון מששה סדרי משנה — ברכות, ואחריה המצוות התלויות בארץ: פאה, כלאים, שביעית, תרומות ומעשרות. אחת עשרה מסכתות."
"תלמוד ירושלמי/מפרשים/תוספות הרי״ד על תלמוד ירושלמי/סדר זרעים","","","הסדר הראשון מששה סדרי משנה — ברכות, ואחריה המצוות התלויות בארץ: פאה, כלאים, שביעית, תרומות ומעשרות. אחת עשרה מסכתות.","הסדר הראשון מששה סדרי משנה — ברכות, ואחריה המצוות התלויות בארץ: פאה, כלאים, שביעית, תרומות ומעשרות. אחת עשרה מסכתות."
"תלמוד ירושלמי/מפרשים/מראה הפנים על תלמוד ירושלמי/סדר זרעים","","","הסדר הראשון מששה סדרי משנה — ברכות, ואחריה המצוות התלויות בארץ: פאה, כלאים, שביעית, תרומות ומעשרות. אחת עשרה מסכתות.","הסדר הראשון מששה סדרי משנה — ברכות, ואחריה המצוות התלויות בארץ: פאה, כלאים, שביעית, תרומות ומעשרות. אחת עשרה מסכתות."
"תלמוד ירושלמי/מפרשים/הגהות מהר״ם די לונזאנו על תלמוד ירושלמי/סדר זרעים","","","הסדר הראשון מששה סדרי משנה — ברכות, ואחריה המצוות התלויות בארץ: פאה, כלאים, שביעית, תרומות ומעשרות. אחת עשרה מסכתות.","הסדר הראשון מששה סדרי משנה — ברכות, ואחריה המצוות התלויות בארץ: פאה, כלאים, שביעית, תרומות ומעשרות. אחת עשרה מסכתות."
"תלמוד ירושלמי/מפרשים/עמודי ירושלים על תלמוד ירושלמי/סדר זרעים","","","הסדר הראשון מששה סדרי משנה — ברכות, ואחריה המצוות התלויות בארץ: פאה, כלאים, שביעית, תרומות ומעשרות. אחת עשרה מסכתות.","הסדר הראשון מששה סדרי משנה — ברכות, ואחריה המצוות התלויות בארץ: פאה, כלאים, שביעית, תרומות ומעשרות. אחת עשרה מסכתות."
"תלמוד ירושלמי/מפרשים/חידושי רידב״ז על תלמוד ירושלמי/סדר זרעים","","","הסדר הראשון מששה סדרי משנה — ברכות, ואחריה המצוות התלויות בארץ: פאה, כלאים, שביעית, תרומות ומעשרות. אחת עשרה מסכתות.","הסדר הראשון מששה סדרי משנה — ברכות, ואחריה המצוות התלויות בארץ: פאה, כלאים, שביעית, תרומות ומעשרות. אחת עשרה מסכתות."
"תלמוד ירושלמי/מפרשים/שערי תורת ארץ ישראל/סדר זרעים","","","הסדר הראשון מששה סדרי משנה — ברכות, ואחריה המצוות התלויות בארץ: פאה, כלאים, שביעית, תרומות ומעשרות. אחת עשרה מסכתות.","הסדר הראשון מששה סדרי משנה — ברכות, ואחריה המצוות התלויות בארץ: פאה, כלאים, שביעית, תרומות ומעשרות. אחת עשרה מסכתות."
"תלמוד ירושלמי/מפרשים/חידושי חתם סופר על תלמוד ירושלמי/סדר זרעים","","","הסדר הראשון מששה סדרי משנה — ברכות, ואחריה המצוות התלויות בארץ: פאה, כלאים, שביעית, תרומות ומעשרות. אחת עשרה מסכתות.","הסדר הראשון מששה סדרי משנה — ברכות, ואחריה המצוות התלויות בארץ: פאה, כלאים, שביעית, תרומות ומעשרות. אחת עשרה מסכתות."
"תלמוד ירושלמי/מפרשים/הגהות רד״א על תלמוד ירושלמי/סדר זרעים","","","הסדר הראשון מששה סדרי משנה — ברכות, ואחריה המצוות התלויות בארץ: פאה, כלאים, שביעית, תרומות ומעשרות. אחת עשרה מסכתות.","הסדר הראשון מששה סדרי משנה — ברכות, ואחריה המצוות התלויות בארץ: פאה, כלאים, שביעית, תרומות ומעשרות. אחת עשרה מסכתות."
"תלמוד ירושלמי/מפרשים/הגהות יפ״מ על תלמוד ירושלמי/סדר זרעים","","","הסדר הראשון מששה סדרי משנה — ברכות, ואחריה המצוות התלויות בארץ: פאה, כלאים, שביעית, תרומות ומעשרות. אחת עשרה מסכתות.","הסדר הראשון מששה סדרי משנה — ברכות, ואחריה המצוות התלויות בארץ: פאה, כלאים, שביעית, תרומות ומעשרות. אחת עשרה מסכתות."
"תלמוד ירושלמי/מפרשים/ככר לאדן על תלמוד ירושלמי/סדר זרעים","","","הסדר הראשון מששה סדרי משנה — ברכות, ואחריה המצוות התלויות בארץ: פאה, כלאים, שביעית, תרומות ומעשרות. אחת עשרה מסכתות.","הסדר הראשון מששה סדרי משנה — ברכות, ואחריה המצוות התלויות בארץ: פאה, כלאים, שביעית, תרומות ומעשרות. אחת עשרה מסכתות."
"תלמוד ירושלמי/מפרשים/חידושי מהר״א גריידץ על תלמוד ירושלמי/סדר זרעים","","","הסדר הראשון מששה סדרי משנה — ברכות, ואחריה המצוות התלויות בארץ: פאה, כלאים, שביעית, תרומות ומעשרות. אחת עשרה מסכתות.","הסדר הראשון מששה סדרי משנה — ברכות, ואחריה המצוות התלויות בארץ: פאה, כלאים, שביעית, תרומות ומעשרות. אחת עשרה מסכתות."
"תלמוד ירושלמי/מפרשים/נועם ירושלמי/סדר זרעים","","","הסדר הראשון מששה סדרי משנה — ברכות, ואחריה המצוות התלויות בארץ: פאה, כלאים, שביעית, תרומות ומעשרות. אחת עשרה מסכתות.","הסדר הראשון מששה סדרי משנה — ברכות, ואחריה המצוות התלויות בארץ: פאה, כלאים, שביעית, תרומות ומעשרות. אחת עשרה מסכתות."
"תלמוד ירושלמי/מפרשים/פני משה על תלמוד ירושלמי/סדר זרעים","","","הסדר הראשון מששה סדרי משנה — ברכות, ואחריה המצוות התלויות בארץ: פאה, כלאים, שביעית, תרומות ומעשרות. אחת עשרה מסכתות.","הסדר הראשון מששה סדרי משנה — ברכות, ואחריה המצוות התלויות בארץ: פאה, כלאים, שביעית, תרומות ומעשרות. אחת עשרה מסכתות."
"תלמוד בבלי/ראשונים/תוספות/סדר זרעים","","","הסדר הראשון מששה סדרי משנה — ברכות, ואחריה המצוות התלויות בארץ: פאה, כלאים, שביעית, תרומות ומעשרות. אחת עשרה מסכתות.","הסדר הראשון מששה סדרי משנה — ברכות, ואחריה המצוות התלויות בארץ: פאה, כלאים, שביעית, תרומות ומעשרות. אחת עשרה מסכתות."
"תלמוד בבלי/ראשונים/ריטב״א/סדר זרעים","","","הסדר הראשון מששה סדרי משנה — ברכות, ואחריה המצוות התלויות בארץ: פאה, כלאים, שביעית, תרומות ומעשרות. אחת עשרה מסכתות.","הסדר הראשון מששה סדרי משנה — ברכות, ואחריה המצוות התלויות בארץ: פאה, כלאים, שביעית, תרומות ומעשרות. אחת עשרה מסכתות."
"תלמוד בבלי/ראשונים/חידושי רמב״ן/סדר זרעים","","","הסדר הראשון מששה סדרי משנה — ברכות, ואחריה המצוות התלויות בארץ: פאה, כלאים, שביעית, תרומות ומעשרות. אחת עשרה מסכתות.","הסדר הראשון מששה סדרי משנה — ברכות, ואחריה המצוות התלויות בארץ: פאה, כלאים, שביעית, תרומות ומעשרות. אחת עשרה מסכתות."
"תלמוד בבלי/ראשונים/רא״ש/מפרשים/דברי חמודות/סדר זרעים","","","הסדר הראשון מששה סדרי משנה — ברכות, ואחריה המצוות התלויות בארץ: פאה, כלאים, שביעית, תרומות ומעשרות. אחת עשרה מסכתות.","הסדר הראשון מששה סדרי משנה — ברכות, ואחריה המצוות התלויות בארץ: פאה, כלאים, שביעית, תרומות ומעשרות. אחת עשרה מסכתות."
"תלמוד בבלי/ראשונים/רא״ש/מפרשים/מעדני יום טוב/סדר זרעים","","","הסדר הראשון מששה סדרי משנה — ברכות, ואחריה המצוות התלויות בארץ: פאה, כלאים, שביעית, תרומות ומעשרות. אחת עשרה מסכתות.","הסדר הראשון מששה סדרי משנה — ברכות, ואחריה המצוות התלויות בארץ: פאה, כלאים, שביעית, תרומות ומעשרות. אחת עשרה מסכתות."
"תלמוד בבלי/ראשונים/רא״ש/סדר זרעים","","","הסדר הראשון מששה סדרי משנה — ברכות, ואחריה המצוות התלויות בארץ: פאה, כלאים, שביעית, תרומות ומעשרות. אחת עשרה מסכתות.","הסדר הראשון מששה סדרי משנה — ברכות, ואחריה המצוות התלויות בארץ: פאה, כלאים, שביעית, תרומות ומעשרות. אחת עשרה מסכתות."
"תלמוד בבלי/ראשונים/פסקי תוספות/סדר זרעים","","","הסדר הראשון מששה סדרי משנה — ברכות, ואחריה המצוות התלויות בארץ: פאה, כלאים, שביעית, תרומות ומעשרות. אחת עשרה מסכתות.","הסדר הראשון מששה סדרי משנה — ברכות, ואחריה המצוות התלויות בארץ: פאה, כלאים, שביעית, תרומות ומעשרות. אחת עשרה מסכתות."
"תלמוד בבלי/ראשונים/רש״י/סדר זרעים","","","הסדר הראשון מששה סדרי משנה — ברכות, ואחריה המצוות התלויות בארץ: פאה, כלאים, שביעית, תרומות ומעשרות. אחת עשרה מסכתות.","הסדר הראשון מששה סדרי משנה — ברכות, ואחריה המצוות התלויות בארץ: פאה, כלאים, שביעית, תרומות ומעשרות. אחת עשרה מסכתות."
"תלמוד בבלי/ראשונים/מאירי/סדר זרעים","","","הסדר הראשון מששה סדרי משנה — ברכות, ואחריה המצוות התלויות בארץ: פאה, כלאים, שביעית, תרומות ומעשרות. אחת עשרה מסכתות.","הסדר הראשון מששה סדרי משנה — ברכות, ואחריה המצוות התלויות בארץ: פאה, כלאים, שביעית, תרומות ומעשרות. אחת עשרה מסכתות."
"תלמוד בבלי/ראשונים/רי״ף/סדר זרעים","","","הסדר הראשון מששה סדרי משנה — ברכות, ואחריה המצוות התלויות בארץ: פאה, כלאים, שביעית, תרומות ומעשרות. אחת עשרה מסכתות.","הסדר הראשון מששה סדרי משנה — ברכות, ואחריה המצוות התלויות בארץ: פאה, כלאים, שביעית, תרומות ומעשרות. אחת עשרה מסכתות."
"תלמוד בבלי/ראשונים/רשב״א/סדר זרעים","","","הסדר הראשון מששה סדרי משנה — ברכות, ואחריה המצוות התלויות בארץ: פאה, כלאים, שביעית, תרומות ומעשרות. אחת עשרה מסכתות.","הסדר הראשון מששה סדרי משנה — ברכות, ואחריה המצוות התלויות בארץ: פאה, כלאים, שביעית, תרומות ומעשרות. אחת עשרה מסכתות."
"תלמוד בבלי/אחרונים/רש״ש/סדר זרעים","","","הסדר הראשון מששה סדרי משנה — ברכות, ואחריה המצוות התלויות בארץ: פאה, כלאים, שביעית, תרומות ומעשרות. אחת עשרה מסכתות.","הסדר הראשון מששה סדרי משנה — ברכות, ואחריה המצוות התלויות בארץ: פאה, כלאים, שביעית, תרומות ומעשרות. אחת עשרה מסכתות."
"תלמוד בבלי/אחרונים/שערי תורת בבל/סדר זרעים","","","הסדר הראשון מששה סדרי משנה — ברכות, ואחריה המצוות התלויות בארץ: פאה, כלאים, שביעית, תרומות ומעשרות. אחת עשרה מסכתות.","הסדר הראשון מששה סדרי משנה — ברכות, ואחריה המצוות התלויות בארץ: פאה, כלאים, שביעית, תרומות ומעשרות. אחת עשרה מסכתות."
"תלמוד בבלי/אחרונים/גליון הש״ס/סדר זרעים","","","הסדר הראשון מששה סדרי משנה — ברכות, ואחריה המצוות התלויות בארץ: פאה, כלאים, שביעית, תרומות ומעשרות. אחת עשרה מסכתות.","הסדר הראשון מששה סדרי משנה — ברכות, ואחריה המצוות התלויות בארץ: פאה, כלאים, שביעית, תרומות ומעשרות. אחת עשרה מסכתות."
"תלמוד בבלי/אחרונים/חכמת שלמה/סדר זרעים","","","הסדר הראשון מששה סדרי משנה — ברכות, ואחריה המצוות התלויות בארץ: פאה, כלאים, שביעית, תרומות ומעשרות. אחת עשרה מסכתות.","הסדר הראשון מששה סדרי משנה — ברכות, ואחריה המצוות התלויות בארץ: פאה, כלאים, שביעית, תרומות ומעשרות. אחת עשרה מסכתות."
"תלמוד בבלי/אחרונים/חידושי רבי עקיבא איגר/סדר זרעים","","","הסדר הראשון מששה סדרי משנה — ברכות, ואחריה המצוות התלויות בארץ: פאה, כלאים, שביעית, תרומות ומעשרות. אחת עשרה מסכתות.","הסדר הראשון מששה סדרי משנה — ברכות, ואחריה המצוות התלויות בארץ: פאה, כלאים, שביעית, תרומות ומעשרות. אחת עשרה מסכתות."
"תלמוד בבלי/אחרונים/פתח עינים/סדר זרעים","","","הסדר הראשון מששה סדרי משנה — ברכות, ואחריה המצוות התלויות בארץ: פאה, כלאים, שביעית, תרומות ומעשרות. אחת עשרה מסכתות.","הסדר הראשון מששה סדרי משנה — ברכות, ואחריה המצוות התלויות בארץ: פאה, כלאים, שביעית, תרומות ומעשרות. אחת עשרה מסכתות."
"תלמוד בבלי/אחרונים/מראית העין/סדר זרעים","","","הסדר הראשון מששה סדרי משנה — ברכות, ואחריה המצוות התלויות בארץ: פאה, כלאים, שביעית, תרומות ומעשרות. אחת עשרה מסכתות.","הסדר הראשון מששה סדרי משנה — ברכות, ואחריה המצוות התלויות בארץ: פאה, כלאים, שביעית, תרומות ומעשרות. אחת עשרה מסכתות."
"תלמוד בבלי/אחרונים/שיטה מקובצת/סדר זרעים","","","הסדר הראשון מששה סדרי משנה — ברכות, ואחריה המצוות התלויות בארץ: פאה, כלאים, שביעית, תרומות ומעשרות. אחת עשרה מסכתות.","הסדר הראשון מששה סדרי משנה — ברכות, ואחריה המצוות התלויות בארץ: פאה, כלאים, שביעית, תרומות ומעשרות. אחת עשרה מסכתות."
"תלמוד בבלי/אחרונים/חידושי אגדות/סדר זרעים","","","הסדר הראשון מששה סדרי משנה — ברכות, ואחריה המצוות התלויות בארץ: פאה, כלאים, שביעית, תרומות ומעשרות. אחת עשרה מסכתות.","הסדר הראשון מששה סדרי משנה — ברכות, ואחריה המצוות התלויות בארץ: פאה, כלאים, שביעית, תרומות ומעשרות. אחת עשרה מסכתות."
"תלמוד בבלי/אחרונים/חידושי הלכות/סדר זרעים","","","הסדר הראשון מששה סדרי משנה — ברכות, ואחריה המצוות התלויות בארץ: פאה, כלאים, שביעית, תרומות ומעשרות. אחת עשרה מסכתות.","הסדר הראשון מששה סדרי משנה — ברכות, ואחריה המצוות התלויות בארץ: פאה, כלאים, שביעית, תרומות ומעשרות. אחת עשרה מסכתות."
"תלמוד בבלי/אחרונים/הגהות יעב״ץ/סדר זרעים","","","הסדר הראשון מששה סדרי משנה — ברכות, ואחריה המצוות התלויות בארץ: פאה, כלאים, שביעית, תרומות ומעשרות. אחת עשרה מסכתות.","הסדר הראשון מששה סדרי משנה — ברכות, ואחריה המצוות התלויות בארץ: פאה, כלאים, שביעית, תרומות ומעשרות. אחת עשרה מסכתות."
"תלמוד בבלי/מחברי זמננו/רשימות שיעורים/סדר זרעים","","","הסדר הראשון מששה סדרי משנה — ברכות, ואחריה המצוות התלויות בארץ: פאה, כלאים, שביעית, תרומות ומעשרות. אחת עשרה מסכתות.","הסדר הראשון מששה סדרי משנה — ברכות, ואחריה המצוות התלויות בארץ: פאה, כלאים, שביעית, תרומות ומעשרות. אחת עשרה מסכתות."
"תלמוד בבלי/אחרונים/בית מאיר/סדר זרעים","","","הסדר הראשון מששה סדרי משנה — ברכות, ואחריה המצוות התלויות בארץ: פאה, כלאים, שביעית, תרומות ומעשרות. אחת עשרה מסכתות.","הסדר הראשון מששה סדרי משנה — ברכות, ואחריה המצוות התלויות בארץ: פאה, כלאים, שביעית, תרומות ומעשרות. אחת עשרה מסכתות."
"תלמוד בבלי/אחרונים/קרן אורה/סדר זרעים","","","הסדר הראשון מששה סדרי משנה — ברכות, ואחריה המצוות התלויות בארץ: פאה, כלאים, שביעית, תרומות ומעשרות. אחת עשרה מסכתות.","הסדר הראשון מששה סדרי משנה — ברכות, ואחריה המצוות התלויות בארץ: פאה, כלאים, שביעית, תרומות ומעשרות. אחת עשרה מסכתות."
"תלמוד בבלי/אחרונים/ראשון לציון/סדר זרעים","","","הסדר הראשון מששה סדרי משנה — ברכות, ואחריה המצוות התלויות בארץ: פאה, כלאים, שביעית, תרומות ומעשרות. אחת עשרה מסכתות.","הסדר הראשון מששה סדרי משנה — ברכות, ואחריה המצוות התלויות בארץ: פאה, כלאים, שביעית, תרומות ומעשרות. אחת עשרה מסכתות."
"תלמוד בבלי/אחרונים/שפת אמת/סדר זרעים","","","הסדר הראשון מששה סדרי משנה — ברכות, ואחריה המצוות התלויות בארץ: פאה, כלאים, שביעית, תרומות ומעשרות. אחת עשרה מסכתות.","הסדר הראשון מששה סדרי משנה — ברכות, ואחריה המצוות התלויות בארץ: פאה, כלאים, שביעית, תרומות ומעשרות. אחת עשרה מסכתות."
"משנה/סדר טהרות","","","הסדר השישי מששה סדרי משנה, ובו שתים עשרה מסכתות בדיני טומאה וטהרה: כלים ואהלות, נגעים ופרה, מקוואות ונדה.","הסדר השישי מששה סדרי משנה, ובו שתים עשרה מסכתות בדיני טומאה וטהרה: כלים ואהלות, נגעים ופרה, מקוואות ונדה."
"תלמוד בבלי/סדר טהרות","","","הסדר השישי מששה סדרי משנה, ובו שתים עשרה מסכתות בדיני טומאה וטהרה: כלים ואהלות, נגעים ופרה, מקוואות ונדה.","הסדר השישי מששה סדרי משנה, ובו שתים עשרה מסכתות בדיני טומאה וטהרה: כלים ואהלות, נגעים ופרה, מקוואות ונדה."
"תלמוד ירושלמי/סדר טהרות","","","הסדר השישי מששה סדרי משנה, ובו שתים עשרה מסכתות בדיני טומאה וטהרה: כלים ואהלות, נגעים ופרה, מקוואות ונדה.","הסדר השישי מששה סדרי משנה, ובו שתים עשרה מסכתות בדיני טומאה וטהרה: כלים ואהלות, נגעים ופרה, מקוואות ונדה."
"תוספתא/דפוס וילנא/סדר טהרות","","","הסדר השישי מששה סדרי משנה, ובו שתים עשרה מסכתות בדיני טומאה וטהרה: כלים ואהלות, נגעים ופרה, מקוואות ונדה.","הסדר השישי מששה סדרי משנה, ובו שתים עשרה מסכתות בדיני טומאה וטהרה: כלים ואהלות, נגעים ופרה, מקוואות ונדה."
"משנה/ראשונים/רמב״ם/סדר טהרות","","","הסדר השישי מששה סדרי משנה, ובו שתים עשרה מסכתות בדיני טומאה וטהרה: כלים ואהלות, נגעים ופרה, מקוואות ונדה.","הסדר השישי מששה סדרי משנה, ובו שתים עשרה מסכתות בדיני טומאה וטהרה: כלים ואהלות, נגעים ופרה, מקוואות ונדה."
"משנה/ראשונים/ברטנורא/סדר טהרות","","","הסדר השישי מששה סדרי משנה, ובו שתים עשרה מסכתות בדיני טומאה וטהרה: כלים ואהלות, נגעים ופרה, מקוואות ונדה.","הסדר השישי מששה סדרי משנה, ובו שתים עשרה מסכתות בדיני טומאה וטהרה: כלים ואהלות, נגעים ופרה, מקוואות ונדה."
"משנה/מחברי זמננו/שערי תורת בבל/סדר טהרות","","","הסדר השישי מששה סדרי משנה, ובו שתים עשרה מסכתות בדיני טומאה וטהרה: כלים ואהלות, נגעים ופרה, מקוואות ונדה.","הסדר השישי מששה סדרי משנה, ובו שתים עשרה מסכתות בדיני טומאה וטהרה: כלים ואהלות, נגעים ופרה, מקוואות ונדה."
"משנה/אחרונים/רש״ש/סדר טהרות","","","הסדר השישי מששה סדרי משנה, ובו שתים עשרה מסכתות בדיני טומאה וטהרה: כלים ואהלות, נגעים ופרה, מקוואות ונדה.","הסדר השישי מששה סדרי משנה, ובו שתים עשרה מסכתות בדיני טומאה וטהרה: כלים ואהלות, נגעים ופרה, מקוואות ונדה."
"משנה/אחרונים/יכין/סדר טהרות","","","הסדר השישי מששה סדרי משנה, ובו שתים עשרה מסכתות בדיני טומאה וטהרה: כלים ואהלות, נגעים ופרה, מקוואות ונדה.","הסדר השישי מששה סדרי משנה, ובו שתים עשרה מסכתות בדיני טומאה וטהרה: כלים ואהלות, נגעים ופרה, מקוואות ונדה."
"משנה/אחרונים/תוספות רבי עקיבא איגר/סדר טהרות","","","הסדר השישי מששה סדרי משנה, ובו שתים עשרה מסכתות בדיני טומאה וטהרה: כלים ואהלות, נגעים ופרה, מקוואות ונדה.","הסדר השישי מששה סדרי משנה, ובו שתים עשרה מסכתות בדיני טומאה וטהרה: כלים ואהלות, נגעים ופרה, מקוואות ונדה."
"משנה/אחרונים/תוספות יום טוב/סדר טהרות","","","הסדר השישי מששה סדרי משנה, ובו שתים עשרה מסכתות בדיני טומאה וטהרה: כלים ואהלות, נגעים ופרה, מקוואות ונדה.","הסדר השישי מששה סדרי משנה, ובו שתים עשרה מסכתות בדיני טומאה וטהרה: כלים ואהלות, נגעים ופרה, מקוואות ונדה."
"משנה/אחרונים/פתח עינים/סדר טהרות","","","הסדר השישי מששה סדרי משנה, ובו שתים עשרה מסכתות בדיני טומאה וטהרה: כלים ואהלות, נגעים ופרה, מקוואות ונדה.","הסדר השישי מששה סדרי משנה, ובו שתים עשרה מסכתות בדיני טומאה וטהרה: כלים ואהלות, נגעים ופרה, מקוואות ונדה."
"משנה/אחרונים/גר״א/סדר טהרות","","","הסדר השישי מששה סדרי משנה, ובו שתים עשרה מסכתות בדיני טומאה וטהרה: כלים ואהלות, נגעים ופרה, מקוואות ונדה.","הסדר השישי מששה סדרי משנה, ובו שתים עשרה מסכתות בדיני טומאה וטהרה: כלים ואהלות, נגעים ופרה, מקוואות ונדה."
"משנה/אחרונים/עיקר תוספות יום טוב/סדר טהרות","","","הסדר השישי מששה סדרי משנה, ובו שתים עשרה מסכתות בדיני טומאה וטהרה: כלים ואהלות, נגעים ופרה, מקוואות ונדה.","הסדר השישי מששה סדרי משנה, ובו שתים עשרה מסכתות בדיני טומאה וטהרה: כלים ואהלות, נגעים ופרה, מקוואות ונדה."
"משנה/אחרונים/לחם שמים/סדר טהרות","","","הסדר השישי מששה סדרי משנה, ובו שתים עשרה מסכתות בדיני טומאה וטהרה: כלים ואהלות, נגעים ופרה, מקוואות ונדה.","הסדר השישי מששה סדרי משנה, ובו שתים עשרה מסכתות בדיני טומאה וטהרה: כלים ואהלות, נגעים ופרה, מקוואות ונדה."
"משנה/אחרונים/מלאכת שלמה/סדר טהרות","","","הסדר השישי מששה סדרי משנה, ובו שתים עשרה מסכתות בדיני טומאה וטהרה: כלים ואהלות, נגעים ופרה, מקוואות ונדה.","הסדר השישי מששה סדרי משנה, ובו שתים עשרה מסכתות בדיני טומאה וטהרה: כלים ואהלות, נגעים ופרה, מקוואות ונדה."
"משנה/אחרונים/הון עשיר/סדר טהרות","","","הסדר השישי מששה סדרי משנה, ובו שתים עשרה מסכתות בדיני טומאה וטהרה: כלים ואהלות, נגעים ופרה, מקוואות ונדה.","הסדר השישי מששה סדרי משנה, ובו שתים עשרה מסכתות בדיני טומאה וטהרה: כלים ואהלות, נגעים ופרה, מקוואות ונדה."
"משנה/אחרונים/בועז/סדר טהרות","","","הסדר השישי מששה סדרי משנה, ובו שתים עשרה מסכתות בדיני טומאה וטהרה: כלים ואהלות, נגעים ופרה, מקוואות ונדה.","הסדר השישי מששה סדרי משנה, ובו שתים עשרה מסכתות בדיני טומאה וטהרה: כלים ואהלות, נגעים ופרה, מקוואות ונדה."
"תלמוד ירושלמי/מפרשים/מראה הפנים על תלמוד ירושלמי/סדר טהרות","","","הסדר השישי מששה סדרי משנה, ובו שתים עשרה מסכתות בדיני טומאה וטהרה: כלים ואהלות, נגעים ופרה, מקוואות ונדה.","הסדר השישי מששה סדרי משנה, ובו שתים עשרה מסכתות בדיני טומאה וטהרה: כלים ואהלות, נגעים ופרה, מקוואות ונדה."
"תלמוד ירושלמי/מפרשים/עמודי ירושלים על תלמוד ירושלמי/סדר טהרות","","","הסדר השישי מששה סדרי משנה, ובו שתים עשרה מסכתות בדיני טומאה וטהרה: כלים ואהלות, נגעים ופרה, מקוואות ונדה.","הסדר השישי מששה סדרי משנה, ובו שתים עשרה מסכתות בדיני טומאה וטהרה: כלים ואהלות, נגעים ופרה, מקוואות ונדה."
"תלמוד ירושלמי/מפרשים/חידושי רידב״ז על תלמוד ירושלמי/סדר טהרות","","","הסדר השישי מששה סדרי משנה, ובו שתים עשרה מסכתות בדיני טומאה וטהרה: כלים ואהלות, נגעים ופרה, מקוואות ונדה.","הסדר השישי מששה סדרי משנה, ובו שתים עשרה מסכתות בדיני טומאה וטהרה: כלים ואהלות, נגעים ופרה, מקוואות ונדה."
"תלמוד ירושלמי/מפרשים/שערי תורת ארץ ישראל/סדר טהרות","","","הסדר השישי מששה סדרי משנה, ובו שתים עשרה מסכתות בדיני טומאה וטהרה: כלים ואהלות, נגעים ופרה, מקוואות ונדה.","הסדר השישי מששה סדרי משנה, ובו שתים עשרה מסכתות בדיני טומאה וטהרה: כלים ואהלות, נגעים ופרה, מקוואות ונדה."
"תלמוד ירושלמי/מפרשים/חידושי חתם סופר על תלמוד ירושלמי/סדר טהרות","","","הסדר השישי מששה סדרי משנה, ובו שתים עשרה מסכתות בדיני טומאה וטהרה: כלים ואהלות, נגעים ופרה, מקוואות ונדה.","הסדר השישי מששה סדרי משנה, ובו שתים עשרה מסכתות בדיני טומאה וטהרה: כלים ואהלות, נגעים ופרה, מקוואות ונדה."
"תלמוד ירושלמי/מפרשים/ככר לאדן על תלמוד ירושלמי/סדר טהרות","","","הסדר השישי מששה סדרי משנה, ובו שתים עשרה מסכתות בדיני טומאה וטהרה: כלים ואהלות, נגעים ופרה, מקוואות ונדה.","הסדר השישי מששה סדרי משנה, ובו שתים עשרה מסכתות בדיני טומאה וטהרה: כלים ואהלות, נגעים ופרה, מקוואות ונדה."
"תלמוד ירושלמי/מפרשים/נועם ירושלמי/סדר טהרות","","","הסדר השישי מששה סדרי משנה, ובו שתים עשרה מסכתות בדיני טומאה וטהרה: כלים ואהלות, נגעים ופרה, מקוואות ונדה.","הסדר השישי מששה סדרי משנה, ובו שתים עשרה מסכתות בדיני טומאה וטהרה: כלים ואהלות, נגעים ופרה, מקוואות ונדה."
"תלמוד ירושלמי/מפרשים/פני משה על תלמוד ירושלמי/סדר טהרות","","","הסדר השישי מששה סדרי משנה, ובו שתים עשרה מסכתות בדיני טומאה וטהרה: כלים ואהלות, נגעים ופרה, מקוואות ונדה.","הסדר השישי מששה סדרי משנה, ובו שתים עשרה מסכתות בדיני טומאה וטהרה: כלים ואהלות, נגעים ופרה, מקוואות ונדה."
"תלמוד בבלי/ראשונים/תוספות/סדר טהרות","","","הסדר השישי מששה סדרי משנה, ובו שתים עשרה מסכתות בדיני טומאה וטהרה: כלים ואהלות, נגעים ופרה, מקוואות ונדה.","הסדר השישי מששה סדרי משנה, ובו שתים עשרה מסכתות בדיני טומאה וטהרה: כלים ואהלות, נגעים ופרה, מקוואות ונדה."
"תלמוד בבלי/ראשונים/ריטב״א/סדר טהרות","","","הסדר השישי מששה סדרי משנה, ובו שתים עשרה מסכתות בדיני טומאה וטהרה: כלים ואהלות, נגעים ופרה, מקוואות ונדה.","הסדר השישי מששה סדרי משנה, ובו שתים עשרה מסכתות בדיני טומאה וטהרה: כלים ואהלות, נגעים ופרה, מקוואות ונדה."
"תלמוד בבלי/ראשונים/חידושי רמב״ן/סדר טהרות","","","הסדר השישי מששה סדרי משנה, ובו שתים עשרה מסכתות בדיני טומאה וטהרה: כלים ואהלות, נגעים ופרה, מקוואות ונדה.","הסדר השישי מששה סדרי משנה, ובו שתים עשרה מסכתות בדיני טומאה וטהרה: כלים ואהלות, נגעים ופרה, מקוואות ונדה."
"תלמוד בבלי/ראשונים/רא״ש/מפרשים/דברי חמודות/סדר טהרות","","","הסדר השישי מששה סדרי משנה, ובו שתים עשרה מסכתות בדיני טומאה וטהרה: כלים ואהלות, נגעים ופרה, מקוואות ונדה.","הסדר השישי מששה סדרי משנה, ובו שתים עשרה מסכתות בדיני טומאה וטהרה: כלים ואהלות, נגעים ופרה, מקוואות ונדה."
"תלמוד בבלי/ראשונים/רא״ש/מפרשים/מעדני יום טוב/סדר טהרות","","","הסדר השישי מששה סדרי משנה, ובו שתים עשרה מסכתות בדיני טומאה וטהרה: כלים ואהלות, נגעים ופרה, מקוואות ונדה.","הסדר השישי מששה סדרי משנה, ובו שתים עשרה מסכתות בדיני טומאה וטהרה: כלים ואהלות, נגעים ופרה, מקוואות ונדה."
"תלמוד בבלי/ראשונים/רא״ש/סדר טהרות","","","הסדר השישי מששה סדרי משנה, ובו שתים עשרה מסכתות בדיני טומאה וטהרה: כלים ואהלות, נגעים ופרה, מקוואות ונדה.","הסדר השישי מששה סדרי משנה, ובו שתים עשרה מסכתות בדיני טומאה וטהרה: כלים ואהלות, נגעים ופרה, מקוואות ונדה."
"תלמוד בבלי/ראשונים/פסקי תוספות/סדר טהרות","","","הסדר השישי מששה סדרי משנה, ובו שתים עשרה מסכתות בדיני טומאה וטהרה: כלים ואהלות, נגעים ופרה, מקוואות ונדה.","הסדר השישי מששה סדרי משנה, ובו שתים עשרה מסכתות בדיני טומאה וטהרה: כלים ואהלות, נגעים ופרה, מקוואות ונדה."
"תלמוד בבלי/ראשונים/רש״י/סדר טהרות","","","הסדר השישי מששה סדרי משנה, ובו שתים עשרה מסכתות בדיני טומאה וטהרה: כלים ואהלות, נגעים ופרה, מקוואות ונדה.","הסדר השישי מששה סדרי משנה, ובו שתים עשרה מסכתות בדיני טומאה וטהרה: כלים ואהלות, נגעים ופרה, מקוואות ונדה."
"תלמוד בבלי/ראשונים/מאירי/סדר טהרות","","","הסדר השישי מששה סדרי משנה, ובו שתים עשרה מסכתות בדיני טומאה וטהרה: כלים ואהלות, נגעים ופרה, מקוואות ונדה.","הסדר השישי מששה סדרי משנה, ובו שתים עשרה מסכתות בדיני טומאה וטהרה: כלים ואהלות, נגעים ופרה, מקוואות ונדה."
"תלמוד בבלי/ראשונים/רשב״א/סדר טהרות","","","הסדר השישי מששה סדרי משנה, ובו שתים עשרה מסכתות בדיני טומאה וטהרה: כלים ואהלות, נגעים ופרה, מקוואות ונדה.","הסדר השישי מששה סדרי משנה, ובו שתים עשרה מסכתות בדיני טומאה וטהרה: כלים ואהלות, נגעים ופרה, מקוואות ונדה."
"תלמוד בבלי/אחרונים/רש״ש/סדר טהרות","","","הסדר השישי מששה סדרי משנה, ובו שתים עשרה מסכתות בדיני טומאה וטהרה: כלים ואהלות, נגעים ופרה, מקוואות ונדה.","הסדר השישי מששה סדרי משנה, ובו שתים עשרה מסכתות בדיני טומאה וטהרה: כלים ואהלות, נגעים ופרה, מקוואות ונדה."
"תלמוד בבלי/אחרונים/שערי תורת בבל/סדר טהרות","","","הסדר השישי מששה סדרי משנה, ובו שתים עשרה מסכתות בדיני טומאה וטהרה: כלים ואהלות, נגעים ופרה, מקוואות ונדה.","הסדר השישי מששה סדרי משנה, ובו שתים עשרה מסכתות בדיני טומאה וטהרה: כלים ואהלות, נגעים ופרה, מקוואות ונדה."
"תלמוד בבלי/אחרונים/גליון הש״ס/סדר טהרות","","","הסדר השישי מששה סדרי משנה, ובו שתים עשרה מסכתות בדיני טומאה וטהרה: כלים ואהלות, נגעים ופרה, מקוואות ונדה.","הסדר השישי מששה סדרי משנה, ובו שתים עשרה מסכתות בדיני טומאה וטהרה: כלים ואהלות, נגעים ופרה, מקוואות ונדה."
"תלמוד בבלי/אחרונים/חכמת שלמה/סדר טהרות","","","הסדר השישי מששה סדרי משנה, ובו שתים עשרה מסכתות בדיני טומאה וטהרה: כלים ואהלות, נגעים ופרה, מקוואות ונדה.","הסדר השישי מששה סדרי משנה, ובו שתים עשרה מסכתות בדיני טומאה וטהרה: כלים ואהלות, נגעים ופרה, מקוואות ונדה."
"תלמוד בבלי/אחרונים/פתח עינים/סדר טהרות","","","הסדר השישי מששה סדרי משנה, ובו שתים עשרה מסכתות בדיני טומאה וטהרה: כלים ואהלות, נגעים ופרה, מקוואות ונדה.","הסדר השישי מששה סדרי משנה, ובו שתים עשרה מסכתות בדיני טומאה וטהרה: כלים ואהלות, נגעים ופרה, מקוואות ונדה."
"תלמוד בבלי/אחרונים/מראית העין/סדר טהרות","","","הסדר השישי מששה סדרי משנה, ובו שתים עשרה מסכתות בדיני טומאה וטהרה: כלים ואהלות, נגעים ופרה, מקוואות ונדה.","הסדר השישי מששה סדרי משנה, ובו שתים עשרה מסכתות בדיני טומאה וטהרה: כלים ואהלות, נגעים ופרה, מקוואות ונדה."
"תלמוד בבלי/אחרונים/מהר״ם/סדר טהרות","","","הסדר השישי מששה סדרי משנה, ובו שתים עשרה מסכתות בדיני טומאה וטהרה: כלים ואהלות, נגעים ופרה, מקוואות ונדה.","הסדר השישי מששה סדרי משנה, ובו שתים עשרה מסכתות בדיני טומאה וטהרה: כלים ואהלות, נגעים ופרה, מקוואות ונדה."
"תלמוד בבלי/אחרונים/חידושי אגדות/סדר טהרות","","","הסדר השישי מששה סדרי משנה, ובו שתים עשרה מסכתות בדיני טומאה וטהרה: כלים ואהלות, נגעים ופרה, מקוואות ונדה.","הסדר השישי מששה סדרי משנה, ובו שתים עשרה מסכתות בדיני טומאה וטהרה: כלים ואהלות, נגעים ופרה, מקוואות ונדה."
"תלמוד בבלי/אחרונים/חידושי הלכות/סדר טהרות","","","הסדר השישי מששה סדרי משנה, ובו שתים עשרה מסכתות בדיני טומאה וטהרה: כלים ואהלות, נגעים ופרה, מקוואות ונדה.","הסדר השישי מששה סדרי משנה, ובו שתים עשרה מסכתות בדיני טומאה וטהרה: כלים ואהלות, נגעים ופרה, מקוואות ונדה."
"תלמוד בבלי/אחרונים/הגהות יעב״ץ/סדר טהרות","","","הסדר השישי מששה סדרי משנה, ובו שתים עשרה מסכתות בדיני טומאה וטהרה: כלים ואהלות, נגעים ופרה, מקוואות ונדה.","הסדר השישי מששה סדרי משנה, ובו שתים עשרה מסכתות בדיני טומאה וטהרה: כלים ואהלות, נגעים ופרה, מקוואות ונדה."
"תלמוד בבלי/אחרונים/בית מאיר/סדר טהרות","","","הסדר השישי מששה סדרי משנה, ובו שתים עשרה מסכתות בדיני טומאה וטהרה: כלים ואהלות, נגעים ופרה, מקוואות ונדה.","הסדר השישי מששה סדרי משנה, ובו שתים עשרה מסכתות בדיני טומאה וטהרה: כלים ואהלות, נגעים ופרה, מקוואות ונדה."
"תלמוד בבלי/אחרונים/אור הישר/סדר טהרות","","","הסדר השישי מששה סדרי משנה, ובו שתים עשרה מסכתות בדיני טומאה וטהרה: כלים ואהלות, נגעים ופרה, מקוואות ונדה.","הסדר השישי מששה סדרי משנה, ובו שתים עשרה מסכתות בדיני טומאה וטהרה: כלים ואהלות, נגעים ופרה, מקוואות ונדה."
"משנה/ראשונים/רמב״ם/סדר מועד","","","הסדר השני מששה סדרי משנה, ובו שתים עשרה מסכתות בדיני השבת והמועדים: שבת ועירובין, פסחים ויומא, סוכה וביצה.","הסדר השני מששה סדרי משנה, ובו שתים עשרה מסכתות בדיני השבת והמועדים: שבת ועירובין, פסחים ויומא, סוכה וביצה."
"משנה/ראשונים/ברטנורא/סדר מועד","","","הסדר השני מששה סדרי משנה, ובו שתים עשרה מסכתות בדיני השבת והמועדים: שבת ועירובין, פסחים ויומא, סוכה וביצה.","הסדר השני מששה סדרי משנה, ובו שתים עשרה מסכתות בדיני השבת והמועדים: שבת ועירובין, פסחים ויומא, סוכה וביצה."
"משנה/אחרונים/רש״ש/סדר מועד","","","הסדר השני מששה סדרי משנה, ובו שתים עשרה מסכתות בדיני השבת והמועדים: שבת ועירובין, פסחים ויומא, סוכה וביצה.","הסדר השני מששה סדרי משנה, ובו שתים עשרה מסכתות בדיני השבת והמועדים: שבת ועירובין, פסחים ויומא, סוכה וביצה."
"משנה/אחרונים/יכין/סדר מועד","","","הסדר השני מששה סדרי משנה, ובו שתים עשרה מסכתות בדיני השבת והמועדים: שבת ועירובין, פסחים ויומא, סוכה וביצה.","הסדר השני מששה סדרי משנה, ובו שתים עשרה מסכתות בדיני השבת והמועדים: שבת ועירובין, פסחים ויומא, סוכה וביצה."
"משנה/אחרונים/תוספות רבי עקיבא איגר/סדר מועד","","","הסדר השני מששה סדרי משנה, ובו שתים עשרה מסכתות בדיני השבת והמועדים: שבת ועירובין, פסחים ויומא, סוכה וביצה.","הסדר השני מששה סדרי משנה, ובו שתים עשרה מסכתות בדיני השבת והמועדים: שבת ועירובין, פסחים ויומא, סוכה וביצה."
"משנה/אחרונים/תוספות יום טוב/סדר מועד","","","הסדר השני מששה סדרי משנה, ובו שתים עשרה מסכתות בדיני השבת והמועדים: שבת ועירובין, פסחים ויומא, סוכה וביצה.","הסדר השני מששה סדרי משנה, ובו שתים עשרה מסכתות בדיני השבת והמועדים: שבת ועירובין, פסחים ויומא, סוכה וביצה."
"משנה/אחרונים/יש סדר למשנה/סדר מועד","","","הסדר השני מששה סדרי משנה, ובו שתים עשרה מסכתות בדיני השבת והמועדים: שבת ועירובין, פסחים ויומא, סוכה וביצה.","הסדר השני מששה סדרי משנה, ובו שתים עשרה מסכתות בדיני השבת והמועדים: שבת ועירובין, פסחים ויומא, סוכה וביצה."
"משנה/אחרונים/פתח עינים/סדר מועד","","","הסדר השני מששה סדרי משנה, ובו שתים עשרה מסכתות בדיני השבת והמועדים: שבת ועירובין, פסחים ויומא, סוכה וביצה.","הסדר השני מששה סדרי משנה, ובו שתים עשרה מסכתות בדיני השבת והמועדים: שבת ועירובין, פסחים ויומא, סוכה וביצה."
"משנה/אחרונים/עיקר תוספות יום טוב/סדר מועד","","","הסדר השני מששה סדרי משנה, ובו שתים עשרה מסכתות בדיני השבת והמועדים: שבת ועירובין, פסחים ויומא, סוכה וביצה.","הסדר השני מששה סדרי משנה, ובו שתים עשרה מסכתות בדיני השבת והמועדים: שבת ועירובין, פסחים ויומא, סוכה וביצה."
"משנה/אחרונים/מראית העין/סדר מועד","","","הסדר השני מששה סדרי משנה, ובו שתים עשרה מסכתות בדיני השבת והמועדים: שבת ועירובין, פסחים ויומא, סוכה וביצה.","הסדר השני מששה סדרי משנה, ובו שתים עשרה מסכתות בדיני השבת והמועדים: שבת ועירובין, פסחים ויומא, סוכה וביצה."
"משנה/אחרונים/לחם שמים/סדר מועד","","","הסדר השני מששה סדרי משנה, ובו שתים עשרה מסכתות בדיני השבת והמועדים: שבת ועירובין, פסחים ויומא, סוכה וביצה.","הסדר השני מששה סדרי משנה, ובו שתים עשרה מסכתות בדיני השבת והמועדים: שבת ועירובין, פסחים ויומא, סוכה וביצה."
"משנה/אחרונים/מלאכת שלמה/סדר מועד","","","הסדר השני מששה סדרי משנה, ובו שתים עשרה מסכתות בדיני השבת והמועדים: שבת ועירובין, פסחים ויומא, סוכה וביצה.","הסדר השני מששה סדרי משנה, ובו שתים עשרה מסכתות בדיני השבת והמועדים: שבת ועירובין, פסחים ויומא, סוכה וביצה."
"משנה/אחרונים/הון עשיר/סדר מועד","","","הסדר השני מששה סדרי משנה, ובו שתים עשרה מסכתות בדיני השבת והמועדים: שבת ועירובין, פסחים ויומא, סוכה וביצה.","הסדר השני מששה סדרי משנה, ובו שתים עשרה מסכתות בדיני השבת והמועדים: שבת ועירובין, פסחים ויומא, סוכה וביצה."
"משנה/אחרונים/בועז/סדר מועד","","","הסדר השני מששה סדרי משנה, ובו שתים עשרה מסכתות בדיני השבת והמועדים: שבת ועירובין, פסחים ויומא, סוכה וביצה.","הסדר השני מששה סדרי משנה, ובו שתים עשרה מסכתות בדיני השבת והמועדים: שבת ועירובין, פסחים ויומא, סוכה וביצה."
"תלמוד ירושלמי/מפרשים/תוספות הרי״ד על תלמוד ירושלמי/סדר מועד","","","הסדר השני מששה סדרי משנה, ובו שתים עשרה מסכתות בדיני השבת והמועדים: שבת ועירובין, פסחים ויומא, סוכה וביצה.","הסדר השני מששה סדרי משנה, ובו שתים עשרה מסכתות בדיני השבת והמועדים: שבת ועירובין, פסחים ויומא, סוכה וביצה."
"תלמוד ירושלמי/מפרשים/קרבן העדה על תלמוד ירושלמי/סדר מועד","","","הסדר השני מששה סדרי משנה, ובו שתים עשרה מסכתות בדיני השבת והמועדים: שבת ועירובין, פסחים ויומא, סוכה וביצה.","הסדר השני מששה סדרי משנה, ובו שתים עשרה מסכתות בדיני השבת והמועדים: שבת ועירובין, פסחים ויומא, סוכה וביצה."
"תלמוד ירושלמי/מפרשים/מראה הפנים על תלמוד ירושלמי/סדר מועד","","","הסדר השני מששה סדרי משנה, ובו שתים עשרה מסכתות בדיני השבת והמועדים: שבת ועירובין, פסחים ויומא, סוכה וביצה.","הסדר השני מששה סדרי משנה, ובו שתים עשרה מסכתות בדיני השבת והמועדים: שבת ועירובין, פסחים ויומא, סוכה וביצה."
"תלמוד ירושלמי/מפרשים/הגהות מהר״ם די לונזאנו על תלמוד ירושלמי/סדר מועד","","","הסדר השני מששה סדרי משנה, ובו שתים עשרה מסכתות בדיני השבת והמועדים: שבת ועירובין, פסחים ויומא, סוכה וביצה.","הסדר השני מששה סדרי משנה, ובו שתים עשרה מסכתות בדיני השבת והמועדים: שבת ועירובין, פסחים ויומא, סוכה וביצה."
"תלמוד ירושלמי/מפרשים/עמודי ירושלים על תלמוד ירושלמי/סדר מועד","","","הסדר השני מששה סדרי משנה, ובו שתים עשרה מסכתות בדיני השבת והמועדים: שבת ועירובין, פסחים ויומא, סוכה וביצה.","הסדר השני מששה סדרי משנה, ובו שתים עשרה מסכתות בדיני השבת והמועדים: שבת ועירובין, פסחים ויומא, סוכה וביצה."
"תלמוד ירושלמי/מפרשים/שיירי קרבן על תלמוד ירושלמי/סדר מועד","","","הסדר השני מששה סדרי משנה, ובו שתים עשרה מסכתות בדיני השבת והמועדים: שבת ועירובין, פסחים ויומא, סוכה וביצה.","הסדר השני מששה סדרי משנה, ובו שתים עשרה מסכתות בדיני השבת והמועדים: שבת ועירובין, פסחים ויומא, סוכה וביצה."
"תלמוד ירושלמי/מפרשים/חידושי רידב״ז על תלמוד ירושלמי/סדר מועד","","","הסדר השני מששה סדרי משנה, ובו שתים עשרה מסכתות בדיני השבת והמועדים: שבת ועירובין, פסחים ויומא, סוכה וביצה.","הסדר השני מששה סדרי משנה, ובו שתים עשרה מסכתות בדיני השבת והמועדים: שבת ועירובין, פסחים ויומא, סוכה וביצה."
"תלמוד ירושלמי/מפרשים/שערי תורת ארץ ישראל/סדר מועד","","","הסדר השני מששה סדרי משנה, ובו שתים עשרה מסכתות בדיני השבת והמועדים: שבת ועירובין, פסחים ויומא, סוכה וביצה.","הסדר השני מששה סדרי משנה, ובו שתים עשרה מסכתות בדיני השבת והמועדים: שבת ועירובין, פסחים ויומא, סוכה וביצה."
"תלמוד ירושלמי/מפרשים/חידושי חתם סופר על תלמוד ירושלמי/סדר מועד","","","הסדר השני מששה סדרי משנה, ובו שתים עשרה מסכתות בדיני השבת והמועדים: שבת ועירובין, פסחים ויומא, סוכה וביצה.","הסדר השני מששה סדרי משנה, ובו שתים עשרה מסכתות בדיני השבת והמועדים: שבת ועירובין, פסחים ויומא, סוכה וביצה."
"תלמוד ירושלמי/מפרשים/הגהות רד״א על תלמוד ירושלמי/סדר מועד","","","הסדר השני מששה סדרי משנה, ובו שתים עשרה מסכתות בדיני השבת והמועדים: שבת ועירובין, פסחים ויומא, סוכה וביצה.","הסדר השני מששה סדרי משנה, ובו שתים עשרה מסכתות בדיני השבת והמועדים: שבת ועירובין, פסחים ויומא, סוכה וביצה."
"תלמוד ירושלמי/מפרשים/הגהות יפ״מ על תלמוד ירושלמי/סדר מועד","","","הסדר השני מששה סדרי משנה, ובו שתים עשרה מסכתות בדיני השבת והמועדים: שבת ועירובין, פסחים ויומא, סוכה וביצה.","הסדר השני מששה סדרי משנה, ובו שתים עשרה מסכתות בדיני השבת והמועדים: שבת ועירובין, פסחים ויומא, סוכה וביצה."
"תלמוד ירושלמי/מפרשים/ככר לאדן על תלמוד ירושלמי/סדר מועד","","","הסדר השני מששה סדרי משנה, ובו שתים עשרה מסכתות בדיני השבת והמועדים: שבת ועירובין, פסחים ויומא, סוכה וביצה.","הסדר השני מששה סדרי משנה, ובו שתים עשרה מסכתות בדיני השבת והמועדים: שבת ועירובין, פסחים ויומא, סוכה וביצה."
"תלמוד ירושלמי/מפרשים/חידושי מהר״א גריידץ על תלמוד ירושלמי/סדר מועד","","","הסדר השני מששה סדרי משנה, ובו שתים עשרה מסכתות בדיני השבת והמועדים: שבת ועירובין, פסחים ויומא, סוכה וביצה.","הסדר השני מששה סדרי משנה, ובו שתים עשרה מסכתות בדיני השבת והמועדים: שבת ועירובין, פסחים ויומא, סוכה וביצה."
"תלמוד ירושלמי/מפרשים/נועם ירושלמי/סדר מועד","","","הסדר השני מששה סדרי משנה, ובו שתים עשרה מסכתות בדיני השבת והמועדים: שבת ועירובין, פסחים ויומא, סוכה וביצה.","הסדר השני מששה סדרי משנה, ובו שתים עשרה מסכתות בדיני השבת והמועדים: שבת ועירובין, פסחים ויומא, סוכה וביצה."
"תלמוד ירושלמי/מפרשים/פני משה על תלמוד ירושלמי/סדר מועד","","","הסדר השני מששה סדרי משנה, ובו שתים עשרה מסכתות בדיני השבת והמועדים: שבת ועירובין, פסחים ויומא, סוכה וביצה.","הסדר השני מששה סדרי משנה, ובו שתים עשרה מסכתות בדיני השבת והמועדים: שבת ועירובין, פסחים ויומא, סוכה וביצה."
"תלמוד בבלי/ראשונים/תוספות/סדר מועד","","","הסדר השני מששה סדרי משנה, ובו שתים עשרה מסכתות בדיני השבת והמועדים: שבת ועירובין, פסחים ויומא, סוכה וביצה.","הסדר השני מששה סדרי משנה, ובו שתים עשרה מסכתות בדיני השבת והמועדים: שבת ועירובין, פסחים ויומא, סוכה וביצה."
"תלמוד בבלי/ראשונים/ריטב״א/סדר מועד","","","הסדר השני מששה סדרי משנה, ובו שתים עשרה מסכתות בדיני השבת והמועדים: שבת ועירובין, פסחים ויומא, סוכה וביצה.","הסדר השני מששה סדרי משנה, ובו שתים עשרה מסכתות בדיני השבת והמועדים: שבת ועירובין, פסחים ויומא, סוכה וביצה."
"תלמוד בבלי/ראשונים/רשב״ם/סדר מועד","","","הסדר השני מששה סדרי משנה, ובו שתים עשרה מסכתות בדיני השבת והמועדים: שבת ועירובין, פסחים ויומא, סוכה וביצה.","הסדר השני מששה סדרי משנה, ובו שתים עשרה מסכתות בדיני השבת והמועדים: שבת ועירובין, פסחים ויומא, סוכה וביצה."
"תלמוד בבלי/ראשונים/חידושי רמב״ן/סדר מועד","","","הסדר השני מששה סדרי משנה, ובו שתים עשרה מסכתות בדיני השבת והמועדים: שבת ועירובין, פסחים ויומא, סוכה וביצה.","הסדר השני מששה סדרי משנה, ובו שתים עשרה מסכתות בדיני השבת והמועדים: שבת ועירובין, פסחים ויומא, סוכה וביצה."
"תלמוד בבלי/ראשונים/תוספות ישנים/סדר מועד","","","הסדר השני מששה סדרי משנה, ובו שתים עשרה מסכתות בדיני השבת והמועדים: שבת ועירובין, פסחים ויומא, סוכה וביצה.","הסדר השני מששה סדרי משנה, ובו שתים עשרה מסכתות בדיני השבת והמועדים: שבת ועירובין, פסחים ויומא, סוכה וביצה."
"תלמוד בבלי/ראשונים/רא״ש/מפרשים/תפארת שמואל/סדר מועד","","","הסדר השני מששה סדרי משנה, ובו שתים עשרה מסכתות בדיני השבת והמועדים: שבת ועירובין, פסחים ויומא, סוכה וביצה.","הסדר השני מששה סדרי משנה, ובו שתים עשרה מסכתות בדיני השבת והמועדים: שבת ועירובין, פסחים ויומא, סוכה וביצה."
"תלמוד בבלי/ראשונים/רא״ש/מפרשים/קרבן נתנאל/סדר מועד","","","הסדר השני מששה סדרי משנה, ובו שתים עשרה מסכתות בדיני השבת והמועדים: שבת ועירובין, פסחים ויומא, סוכה וביצה.","הסדר השני מששה סדרי משנה, ובו שתים עשרה מסכתות בדיני השבת והמועדים: שבת ועירובין, פסחים ויומא, סוכה וביצה."
"תלמוד בבלי/ראשונים/רא״ש/סדר מועד","","","הסדר השני מששה סדרי משנה, ובו שתים עשרה מסכתות בדיני השבת והמועדים: שבת ועירובין, פסחים ויומא, סוכה וביצה.","הסדר השני מששה סדרי משנה, ובו שתים עשרה מסכתות בדיני השבת והמועדים: שבת ועירובין, פסחים ויומא, סוכה וביצה."
"תלמוד בבלי/ראשונים/פסקי תוספות/סדר מועד","","","הסדר השני מששה סדרי משנה, ובו שתים עשרה מסכתות בדיני השבת והמועדים: שבת ועירובין, פסחים ויומא, סוכה וביצה.","הסדר השני מששה סדרי משנה, ובו שתים עשרה מסכתות בדיני השבת והמועדים: שבת ועירובין, פסחים ויומא, סוכה וביצה."
"תלמוד בבלי/ראשונים/רבינו גרשום/סדר מועד","","","הסדר השני מששה סדרי משנה, ובו שתים עשרה מסכתות בדיני השבת והמועדים: שבת ועירובין, פסחים ויומא, סוכה וביצה.","הסדר השני מששה סדרי משנה, ובו שתים עשרה מסכתות בדיני השבת והמועדים: שבת ועירובין, פסחים ויומא, סוכה וביצה."
"תלמוד בבלי/ראשונים/רבינו חננאל/סדר מועד","","","הסדר השני מששה סדרי משנה, ובו שתים עשרה מסכתות בדיני השבת והמועדים: שבת ועירובין, פסחים ויומא, סוכה וביצה.","הסדר השני מששה סדרי משנה, ובו שתים עשרה מסכתות בדיני השבת והמועדים: שבת ועירובין, פסחים ויומא, סוכה וביצה."
"תלמוד בבלי/ראשונים/רש״י/סדר מועד","","","הסדר השני מששה סדרי משנה, ובו שתים עשרה מסכתות בדיני השבת והמועדים: שבת ועירובין, פסחים ויומא, סוכה וביצה.","הסדר השני מששה סדרי משנה, ובו שתים עשרה מסכתות בדיני השבת והמועדים: שבת ועירובין, פסחים ויומא, סוכה וביצה."
"תלמוד בבלי/ראשונים/מאירי/סדר מועד","","","הסדר השני מששה סדרי משנה, ובו שתים עשרה מסכתות בדיני השבת והמועדים: שבת ועירובין, פסחים ויומא, סוכה וביצה.","הסדר השני מששה סדרי משנה, ובו שתים עשרה מסכתות בדיני השבת והמועדים: שבת ועירובין, פסחים ויומא, סוכה וביצה."
"תלמוד בבלי/ראשונים/רי״ף/סדר מועד","","","הסדר השני מששה סדרי משנה, ובו שתים עשרה מסכתות בדיני השבת והמועדים: שבת ועירובין, פסחים ויומא, סוכה וביצה.","הסדר השני מששה סדרי משנה, ובו שתים עשרה מסכתות בדיני השבת והמועדים: שבת ועירובין, פסחים ויומא, סוכה וביצה."
"תלמוד בבלי/ראשונים/רשב״א/סדר מועד","","","הסדר השני מששה סדרי משנה, ובו שתים עשרה מסכתות בדיני השבת והמועדים: שבת ועירובין, פסחים ויומא, סוכה וביצה.","הסדר השני מששה סדרי משנה, ובו שתים עשרה מסכתות בדיני השבת והמועדים: שבת ועירובין, פסחים ויומא, סוכה וביצה."
"תלמוד בבלי/אחרונים/רש״ש/סדר מועד","","","הסדר השני מששה סדרי משנה, ובו שתים עשרה מסכתות בדיני השבת והמועדים: שבת ועירובין, פסחים ויומא, סוכה וביצה.","הסדר השני מששה סדרי משנה, ובו שתים עשרה מסכתות בדיני השבת והמועדים: שבת ועירובין, פסחים ויומא, סוכה וביצה."
"תלמוד בבלי/אחרונים/שערי תורת בבל/סדר מועד","","","הסדר השני מששה סדרי משנה, ובו שתים עשרה מסכתות בדיני השבת והמועדים: שבת ועירובין, פסחים ויומא, סוכה וביצה.","הסדר השני מששה סדרי משנה, ובו שתים עשרה מסכתות בדיני השבת והמועדים: שבת ועירובין, פסחים ויומא, סוכה וביצה."
"תלמוד בבלי/אחרונים/גליון הש״ס/סדר מועד","","","הסדר השני מששה סדרי משנה, ובו שתים עשרה מסכתות בדיני השבת והמועדים: שבת ועירובין, פסחים ויומא, סוכה וביצה.","הסדר השני מששה סדרי משנה, ובו שתים עשרה מסכתות בדיני השבת והמועדים: שבת ועירובין, פסחים ויומא, סוכה וביצה."
"תלמוד בבלי/אחרונים/חכמת שלמה/סדר מועד","","","הסדר השני מששה סדרי משנה, ובו שתים עשרה מסכתות בדיני השבת והמועדים: שבת ועירובין, פסחים ויומא, סוכה וביצה.","הסדר השני מששה סדרי משנה, ובו שתים עשרה מסכתות בדיני השבת והמועדים: שבת ועירובין, פסחים ויומא, סוכה וביצה."
"תלמוד בבלי/אחרונים/חידושי רבי עקיבא איגר/סדר מועד","","","הסדר השני מששה סדרי משנה, ובו שתים עשרה מסכתות בדיני השבת והמועדים: שבת ועירובין, פסחים ויומא, סוכה וביצה.","הסדר השני מששה סדרי משנה, ובו שתים עשרה מסכתות בדיני השבת והמועדים: שבת ועירובין, פסחים ויומא, סוכה וביצה."
"תלמוד בבלי/אחרונים/פתח עינים/סדר מועד","","","הסדר השני מששה סדרי משנה, ובו שתים עשרה מסכתות בדיני השבת והמועדים: שבת ועירובין, פסחים ויומא, סוכה וביצה.","הסדר השני מששה סדרי משנה, ובו שתים עשרה מסכתות בדיני השבת והמועדים: שבת ועירובין, פסחים ויומא, סוכה וביצה."
"תלמוד בבלי/אחרונים/מהר״ם שיף/סדר מועד","","","הסדר השני מששה סדרי משנה, ובו שתים עשרה מסכתות בדיני השבת והמועדים: שבת ועירובין, פסחים ויומא, סוכה וביצה.","הסדר השני מששה סדרי משנה, ובו שתים עשרה מסכתות בדיני השבת והמועדים: שבת ועירובין, פסחים ויומא, סוכה וביצה."
"תלמוד בבלי/אחרונים/מראית העין/סדר מועד","","","הסדר השני מששה סדרי משנה, ובו שתים עשרה מסכתות בדיני השבת והמועדים: שבת ועירובין, פסחים ויומא, סוכה וביצה.","הסדר השני מששה סדרי משנה, ובו שתים עשרה מסכתות בדיני השבת והמועדים: שבת ועירובין, פסחים ויומא, סוכה וביצה."
"תלמוד בבלי/אחרונים/מהר״ם/סדר מועד","","","הסדר השני מששה סדרי משנה, ובו שתים עשרה מסכתות בדיני השבת והמועדים: שבת ועירובין, פסחים ויומא, סוכה וביצה.","הסדר השני מששה סדרי משנה, ובו שתים עשרה מסכתות בדיני השבת והמועדים: שבת ועירובין, פסחים ויומא, סוכה וביצה."
"תלמוד בבלי/אחרונים/שיטה מקובצת/סדר מועד","","","הסדר השני מששה סדרי משנה, ובו שתים עשרה מסכתות בדיני השבת והמועדים: שבת ועירובין, פסחים ויומא, סוכה וביצה.","הסדר השני מששה סדרי משנה, ובו שתים עשרה מסכתות בדיני השבת והמועדים: שבת ועירובין, פסחים ויומא, סוכה וביצה."
"תלמוד בבלי/אחרונים/חידושי אגדות/סדר מועד","","","הסדר השני מששה סדרי משנה, ובו שתים עשרה מסכתות בדיני השבת והמועדים: שבת ועירובין, פסחים ויומא, סוכה וביצה.","הסדר השני מששה סדרי משנה, ובו שתים עשרה מסכתות בדיני השבת והמועדים: שבת ועירובין, פסחים ויומא, סוכה וביצה."
"תלמוד בבלי/אחרונים/חידושי הלכות/סדר מועד","","","הסדר השני מששה סדרי משנה, ובו שתים עשרה מסכתות בדיני השבת והמועדים: שבת ועירובין, פסחים ויומא, סוכה וביצה.","הסדר השני מששה סדרי משנה, ובו שתים עשרה מסכתות בדיני השבת והמועדים: שבת ועירובין, פסחים ויומא, סוכה וביצה."
"תלמוד בבלי/אחרונים/הגהות יעב״ץ/סדר מועד","","","הסדר השני מששה סדרי משנה, ובו שתים עשרה מסכתות בדיני השבת והמועדים: שבת ועירובין, פסחים ויומא, סוכה וביצה.","הסדר השני מששה סדרי משנה, ובו שתים עשרה מסכתות בדיני השבת והמועדים: שבת ועירובין, פסחים ויומא, סוכה וביצה."
"תלמוד בבלי/מחברי זמננו/רשימות שיעורים/סדר מועד","","","הסדר השני מששה סדרי משנה, ובו שתים עשרה מסכתות בדיני השבת והמועדים: שבת ועירובין, פסחים ויומא, סוכה וביצה.","הסדר השני מששה סדרי משנה, ובו שתים עשרה מסכתות בדיני השבת והמועדים: שבת ועירובין, פסחים ויומא, סוכה וביצה."
"תלמוד בבלי/אחרונים/בית מאיר/סדר מועד","","","הסדר השני מששה סדרי משנה, ובו שתים עשרה מסכתות בדיני השבת והמועדים: שבת ועירובין, פסחים ויומא, סוכה וביצה.","הסדר השני מששה סדרי משנה, ובו שתים עשרה מסכתות בדיני השבת והמועדים: שבת ועירובין, פסחים ויומא, סוכה וביצה."
"תלמוד בבלי/אחרונים/קרן אורה/סדר מועד","","","הסדר השני מששה סדרי משנה, ובו שתים עשרה מסכתות בדיני השבת והמועדים: שבת ועירובין, פסחים ויומא, סוכה וביצה.","הסדר השני מששה סדרי משנה, ובו שתים עשרה מסכתות בדיני השבת והמועדים: שבת ועירובין, פסחים ויומא, סוכה וביצה."
"תלמוד בבלי/אחרונים/ראשון לציון/סדר מועד","","","הסדר השני מששה סדרי משנה, ובו שתים עשרה מסכתות בדיני השבת והמועדים: שבת ועירובין, פסחים ויומא, סוכה וביצה.","הסדר השני מששה סדרי משנה, ובו שתים עשרה מסכתות בדיני השבת והמועדים: שבת ועירובין, פסחים ויומא, סוכה וביצה."
"תלמוד בבלי/אחרונים/שפת אמת/סדר מועד","","","הסדר השני מששה סדרי משנה, ובו שתים עשרה מסכתות בדיני השבת והמועדים: שבת ועירובין, פסחים ויומא, סוכה וביצה.","הסדר השני מששה סדרי משנה, ובו שתים עשרה מסכתות בדיני השבת והמועדים: שבת ועירובין, פסחים ויומא, סוכה וביצה."
"הלכה/משנה תורה/מפרשים/סדר משנה","","","ביאור על משנה תורה להרמב""ם מאת רבי בנימין זאב וולף בוסקוביץ זצ""ל, מרבני מוראביה והונגריה. חובר בערך ה'תקמ""ב.","ביאור על משנה תורה להרמב""ם מאת רבי בנימין זאב וולף בוסקוביץ זצ""ל, מרבני מוראביה והונגריה. חובר בערך ה'תקמ""ב."
"משנה/סדר נזיקין","","","הסדר הרביעי מששה סדרי משנה — דיני ממונות והלכות בי""ד, ומסכת אבות בכללן.","הסדר הרביעי מששה סדרי משנה — דיני ממונות והלכות בי""ד, ומסכת אבות בכללן."
"תלמוד בבלי/סדר נזיקין","","","הסדר הרביעי מששה סדרי משנה — דיני ממונות והלכות בי""ד, ומסכת אבות בכללן.","הסדר הרביעי מששה סדרי משנה — דיני ממונות והלכות בי""ד, ומסכת אבות בכללן."
"תלמוד ירושלמי/סדר נזיקין","","","הסדר הרביעי מששה סדרי משנה — דיני ממונות והלכות בי""ד, ומסכת אבות בכללן.","הסדר הרביעי מששה סדרי משנה — דיני ממונות והלכות בי""ד, ומסכת אבות בכללן."
"תוספתא/דפוס וילנא/סדר נזיקין","","","הסדר הרביעי מששה סדרי משנה — דיני ממונות והלכות בי""ד, ומסכת אבות בכללן.","הסדר הרביעי מששה סדרי משנה — דיני ממונות והלכות בי""ד, ומסכת אבות בכללן."
"תוספתא/מהדורת ליברמן/סדר נזיקין","","","הסדר הרביעי מששה סדרי משנה — דיני ממונות והלכות בי""ד, ומסכת אבות בכללן.","הסדר הרביעי מששה סדרי משנה — דיני ממונות והלכות בי""ד, ומסכת אבות בכללן."
"משנה/ראשונים/רמב״ם/סדר נזיקין","","","הסדר הרביעי מששה סדרי משנה — דיני ממונות והלכות בי""ד, ומסכת אבות בכללן.","הסדר הרביעי מששה סדרי משנה — דיני ממונות והלכות בי""ד, ומסכת אבות בכללן."
"משנה/ראשונים/ברטנורא/סדר נזיקין","","","הסדר הרביעי מששה סדרי משנה — דיני ממונות והלכות בי""ד, ומסכת אבות בכללן.","הסדר הרביעי מששה סדרי משנה — דיני ממונות והלכות בי""ד, ומסכת אבות בכללן."
"משנה/ראשונים/רבינו יונה/סדר נזיקין","","","הסדר הרביעי מששה סדרי משנה — דיני ממונות והלכות בי""ד, ומסכת אבות בכללן.","הסדר הרביעי מששה סדרי משנה — דיני ממונות והלכות בי""ד, ומסכת אבות בכללן."
"משנה/ראשונים/רש״י/סדר נזיקין","","","הסדר הרביעי מששה סדרי משנה — דיני ממונות והלכות בי""ד, ומסכת אבות בכללן.","הסדר הרביעי מששה סדרי משנה — דיני ממונות והלכות בי""ד, ומסכת אבות בכללן."
"משנה/מחברי זמננו/שערי תורת בבל/סדר נזיקין","","","הסדר הרביעי מששה סדרי משנה — דיני ממונות והלכות בי""ד, ומסכת אבות בכללן.","הסדר הרביעי מששה סדרי משנה — דיני ממונות והלכות בי""ד, ומסכת אבות בכללן."
"משנה/אחרונים/רש״ש/סדר נזיקין","","","הסדר הרביעי מששה סדרי משנה — דיני ממונות והלכות בי""ד, ומסכת אבות בכללן.","הסדר הרביעי מששה סדרי משנה — דיני ממונות והלכות בי""ד, ומסכת אבות בכללן."
"משנה/אחרונים/יכין/סדר נזיקין","","","הסדר הרביעי מששה סדרי משנה — דיני ממונות והלכות בי""ד, ומסכת אבות בכללן.","הסדר הרביעי מששה סדרי משנה — דיני ממונות והלכות בי""ד, ומסכת אבות בכללן."
"משנה/אחרונים/תוספות רבי עקיבא איגר/סדר נזיקין","","","הסדר הרביעי מששה סדרי משנה — דיני ממונות והלכות בי""ד, ומסכת אבות בכללן.","הסדר הרביעי מששה סדרי משנה — דיני ממונות והלכות בי""ד, ומסכת אבות בכללן."
"משנה/אחרונים/תוספות יום טוב/סדר נזיקין","","","הסדר הרביעי מששה סדרי משנה — דיני ממונות והלכות בי""ד, ומסכת אבות בכללן.","הסדר הרביעי מששה סדרי משנה — דיני ממונות והלכות בי""ד, ומסכת אבות בכללן."
"משנה/אחרונים/פתח עינים/סדר נזיקין","","","הסדר הרביעי מששה סדרי משנה — דיני ממונות והלכות בי""ד, ומסכת אבות בכללן.","הסדר הרביעי מששה סדרי משנה — דיני ממונות והלכות בי""ד, ומסכת אבות בכללן."
"משנה/אחרונים/גר״א/סדר נזיקין","","","הסדר הרביעי מששה סדרי משנה — דיני ממונות והלכות בי""ד, ומסכת אבות בכללן.","הסדר הרביעי מששה סדרי משנה — דיני ממונות והלכות בי""ד, ומסכת אבות בכללן."
"משנה/אחרונים/עיקר תוספות יום טוב/סדר נזיקין","","","הסדר הרביעי מששה סדרי משנה — דיני ממונות והלכות בי""ד, ומסכת אבות בכללן.","הסדר הרביעי מששה סדרי משנה — דיני ממונות והלכות בי""ד, ומסכת אבות בכללן."
"משנה/אחרונים/מראית העין/סדר נזיקין","","","הסדר הרביעי מששה סדרי משנה — דיני ממונות והלכות בי""ד, ומסכת אבות בכללן.","הסדר הרביעי מששה סדרי משנה — דיני ממונות והלכות בי""ד, ומסכת אבות בכללן."
"משנה/אחרונים/לחם שמים/סדר נזיקין","","","הסדר הרביעי מששה סדרי משנה — דיני ממונות והלכות בי""ד, ומסכת אבות בכללן.","הסדר הרביעי מששה סדרי משנה — דיני ממונות והלכות בי""ד, ומסכת אבות בכללן."
"משנה/אחרונים/מלאכת שלמה/סדר נזיקין","","","הסדר הרביעי מששה סדרי משנה — דיני ממונות והלכות בי""ד, ומסכת אבות בכללן.","הסדר הרביעי מששה סדרי משנה — דיני ממונות והלכות בי""ד, ומסכת אבות בכללן."
"משנה/אחרונים/הון עשיר/סדר נזיקין","","","הסדר הרביעי מששה סדרי משנה — דיני ממונות והלכות בי""ד, ומסכת אבות בכללן.","הסדר הרביעי מששה סדרי משנה — דיני ממונות והלכות בי""ד, ומסכת אבות בכללן."
"משנה/אחרונים/בועז/סדר נזיקין","","","הסדר הרביעי מששה סדרי משנה — דיני ממונות והלכות בי""ד, ומסכת אבות בכללן.","הסדר הרביעי מששה סדרי משנה — דיני ממונות והלכות בי""ד, ומסכת אבות בכללן."
"תלמוד ירושלמי/מפרשים/תוספות הרי״ד על תלמוד ירושלמי/סדר נזיקין","","","הסדר הרביעי מששה סדרי משנה — דיני ממונות והלכות בי""ד, ומסכת אבות בכללן.","הסדר הרביעי מששה סדרי משנה — דיני ממונות והלכות בי""ד, ומסכת אבות בכללן."
"תלמוד ירושלמי/מפרשים/קרבן העדה על תלמוד ירושלמי/סדר נזיקין","","","הסדר הרביעי מששה סדרי משנה — דיני ממונות והלכות בי""ד, ומסכת אבות בכללן.","הסדר הרביעי מששה סדרי משנה — דיני ממונות והלכות בי""ד, ומסכת אבות בכללן."
"תלמוד ירושלמי/מפרשים/מראה הפנים על תלמוד ירושלמי/סדר נזיקין","","","הסדר הרביעי מששה סדרי משנה — דיני ממונות והלכות בי""ד, ומסכת אבות בכללן.","הסדר הרביעי מששה סדרי משנה — דיני ממונות והלכות בי""ד, ומסכת אבות בכללן."
"תלמוד ירושלמי/מפרשים/הגהות מהר״ם די לונזאנו על תלמוד ירושלמי/סדר נזיקין","","","הסדר הרביעי מששה סדרי משנה — דיני ממונות והלכות בי""ד, ומסכת אבות בכללן.","הסדר הרביעי מששה סדרי משנה — דיני ממונות והלכות בי""ד, ומסכת אבות בכללן."
"תלמוד ירושלמי/מפרשים/עמודי ירושלים על תלמוד ירושלמי/סדר נזיקין","","","הסדר הרביעי מששה סדרי משנה — דיני ממונות והלכות בי""ד, ומסכת אבות בכללן.","הסדר הרביעי מששה סדרי משנה — דיני ממונות והלכות בי""ד, ומסכת אבות בכללן."
"תלמוד ירושלמי/מפרשים/שיירי קרבן על תלמוד ירושלמי/סדר נזיקין","","","הסדר הרביעי מששה סדרי משנה — דיני ממונות והלכות בי""ד, ומסכת אבות בכללן.","הסדר הרביעי מששה סדרי משנה — דיני ממונות והלכות בי""ד, ומסכת אבות בכללן."
"תלמוד ירושלמי/מפרשים/חידושי רידב״ז על תלמוד ירושלמי/סדר נזיקין","","","הסדר הרביעי מששה סדרי משנה — דיני ממונות והלכות בי""ד, ומסכת אבות בכללן.","הסדר הרביעי מששה סדרי משנה — דיני ממונות והלכות בי""ד, ומסכת אבות בכללן."
"תלמוד ירושלמי/מפרשים/שערי תורת ארץ ישראל/סדר נזיקין","","","הסדר הרביעי מששה סדרי משנה — דיני ממונות והלכות בי""ד, ומסכת אבות בכללן.","הסדר הרביעי מששה סדרי משנה — דיני ממונות והלכות בי""ד, ומסכת אבות בכללן."
"תלמוד ירושלמי/מפרשים/חידושי חתם סופר על תלמוד ירושלמי/סדר נזיקין","","","הסדר הרביעי מששה סדרי משנה — דיני ממונות והלכות בי""ד, ומסכת אבות בכללן.","הסדר הרביעי מששה סדרי משנה — דיני ממונות והלכות בי""ד, ומסכת אבות בכללן."
"תלמוד ירושלמי/מפרשים/ככר לאדן על תלמוד ירושלמי/סדר נזיקין","","","הסדר הרביעי מששה סדרי משנה — דיני ממונות והלכות בי""ד, ומסכת אבות בכללן.","הסדר הרביעי מששה סדרי משנה — דיני ממונות והלכות בי""ד, ומסכת אבות בכללן."
"תלמוד ירושלמי/מפרשים/חידושי מהר״א גריידץ על תלמוד ירושלמי/סדר נזיקין","","","הסדר הרביעי מששה סדרי משנה — דיני ממונות והלכות בי""ד, ומסכת אבות בכללן.","הסדר הרביעי מששה סדרי משנה — דיני ממונות והלכות בי""ד, ומסכת אבות בכללן."
"תלמוד ירושלמי/מפרשים/נועם ירושלמי/סדר נזיקין","","","הסדר הרביעי מששה סדרי משנה — דיני ממונות והלכות בי""ד, ומסכת אבות בכללן.","הסדר הרביעי מששה סדרי משנה — דיני ממונות והלכות בי""ד, ומסכת אבות בכללן."
"תלמוד ירושלמי/מפרשים/פני משה על תלמוד ירושלמי/סדר נזיקין","","","הסדר הרביעי מששה סדרי משנה — דיני ממונות והלכות בי""ד, ומסכת אבות בכללן.","הסדר הרביעי מששה סדרי משנה — דיני ממונות והלכות בי""ד, ומסכת אבות בכללן."
"תלמוד בבלי/ראשונים/תוספות/סדר נזיקין","","","הסדר הרביעי מששה סדרי משנה — דיני ממונות והלכות בי""ד, ומסכת אבות בכללן.","הסדר הרביעי מששה סדרי משנה — דיני ממונות והלכות בי""ד, ומסכת אבות בכללן."
"תלמוד בבלי/ראשונים/ריטב״א/סדר נזיקין","","","הסדר הרביעי מששה סדרי משנה — דיני ממונות והלכות בי""ד, ומסכת אבות בכללן.","הסדר הרביעי מששה סדרי משנה — דיני ממונות והלכות בי""ד, ומסכת אבות בכללן."
"תלמוד בבלי/ראשונים/רשב״ם/סדר נזיקין","","","הסדר הרביעי מששה סדרי משנה — דיני ממונות והלכות בי""ד, ומסכת אבות בכללן.","הסדר הרביעי מששה סדרי משנה — דיני ממונות והלכות בי""ד, ומסכת אבות בכללן."
"תלמוד בבלי/ראשונים/חידושי רמב״ן/סדר נזיקין","","","הסדר הרביעי מששה סדרי משנה — דיני ממונות והלכות בי""ד, ומסכת אבות בכללן.","הסדר הרביעי מששה סדרי משנה — דיני ממונות והלכות בי""ד, ומסכת אבות בכללן."
"תלמוד בבלי/ראשונים/רא״ש/מפרשים/פילפולא חריפתא/סדר נזיקין","","","הסדר הרביעי מששה סדרי משנה — דיני ממונות והלכות בי""ד, ומסכת אבות בכללן.","הסדר הרביעי מששה סדרי משנה — דיני ממונות והלכות בי""ד, ומסכת אבות בכללן."
"תלמוד בבלי/ראשונים/רא״ש/מפרשים/תפארת שמואל/סדר נזיקין","","","הסדר הרביעי מששה סדרי משנה — דיני ממונות והלכות בי""ד, ומסכת אבות בכללן.","הסדר הרביעי מששה סדרי משנה — דיני ממונות והלכות בי""ד, ומסכת אבות בכללן."
"תלמוד בבלי/ראשונים/רא״ש/סדר נזיקין","","","הסדר הרביעי מששה סדרי משנה — דיני ממונות והלכות בי""ד, ומסכת אבות בכללן.","הסדר הרביעי מששה סדרי משנה — דיני ממונות והלכות בי""ד, ומסכת אבות בכללן."
"תלמוד בבלי/ראשונים/פסקי תוספות/סדר נזיקין","","","הסדר הרביעי מששה סדרי משנה — דיני ממונות והלכות בי""ד, ומסכת אבות בכללן.","הסדר הרביעי מששה סדרי משנה — דיני ממונות והלכות בי""ד, ומסכת אבות בכללן."
"תלמוד בבלי/ראשונים/רבינו גרשום/סדר נזיקין","","","הסדר הרביעי מששה סדרי משנה — דיני ממונות והלכות בי""ד, ומסכת אבות בכללן.","הסדר הרביעי מששה סדרי משנה — דיני ממונות והלכות בי""ד, ומסכת אבות בכללן."
"תלמוד בבלי/ראשונים/רבינו חננאל/סדר נזיקין","","","הסדר הרביעי מששה סדרי משנה — דיני ממונות והלכות בי""ד, ומסכת אבות בכללן.","הסדר הרביעי מששה סדרי משנה — דיני ממונות והלכות בי""ד, ומסכת אבות בכללן."
"תלמוד בבלי/ראשונים/רש״י/סדר נזיקין","","","הסדר הרביעי מששה סדרי משנה — דיני ממונות והלכות בי""ד, ומסכת אבות בכללן.","הסדר הרביעי מששה סדרי משנה — דיני ממונות והלכות בי""ד, ומסכת אבות בכללן."
"תלמוד בבלי/ראשונים/מאירי/סדר נזיקין","","","הסדר הרביעי מששה סדרי משנה — דיני ממונות והלכות בי""ד, ומסכת אבות בכללן.","הסדר הרביעי מששה סדרי משנה — דיני ממונות והלכות בי""ד, ומסכת אבות בכללן."
"תלמוד בבלי/ראשונים/רי״ף/סדר נזיקין","","","הסדר הרביעי מששה סדרי משנה — דיני ממונות והלכות בי""ד, ומסכת אבות בכללן.","הסדר הרביעי מששה סדרי משנה — דיני ממונות והלכות בי""ד, ומסכת אבות בכללן."
"תלמוד בבלי/ראשונים/רשב״א/סדר נזיקין","","","הסדר הרביעי מששה סדרי משנה — דיני ממונות והלכות בי""ד, ומסכת אבות בכללן.","הסדר הרביעי מששה סדרי משנה — דיני ממונות והלכות בי""ד, ומסכת אבות בכללן."
"תלמוד בבלי/אחרונים/רש״ש/סדר נזיקין","","","הסדר הרביעי מששה סדרי משנה — דיני ממונות והלכות בי""ד, ומסכת אבות בכללן.","הסדר הרביעי מששה סדרי משנה — דיני ממונות והלכות בי""ד, ומסכת אבות בכללן."
"תלמוד בבלי/אחרונים/שערי תורת בבל/סדר נזיקין","","","הסדר הרביעי מששה סדרי משנה — דיני ממונות והלכות בי""ד, ומסכת אבות בכללן.","הסדר הרביעי מששה סדרי משנה — דיני ממונות והלכות בי""ד, ומסכת אבות בכללן."
"תלמוד בבלי/אחרונים/גליון הש״ס/סדר נזיקין","","","הסדר הרביעי מששה סדרי משנה — דיני ממונות והלכות בי""ד, ומסכת אבות בכללן.","הסדר הרביעי מששה סדרי משנה — דיני ממונות והלכות בי""ד, ומסכת אבות בכללן."
"תלמוד בבלי/אחרונים/חכמת שלמה/סדר נזיקין","","","הסדר הרביעי מששה סדרי משנה — דיני ממונות והלכות בי""ד, ומסכת אבות בכללן.","הסדר הרביעי מששה סדרי משנה — דיני ממונות והלכות בי""ד, ומסכת אבות בכללן."
"תלמוד בבלי/אחרונים/חידושי רבי עקיבא איגר/סדר נזיקין","","","הסדר הרביעי מששה סדרי משנה — דיני ממונות והלכות בי""ד, ומסכת אבות בכללן.","הסדר הרביעי מששה סדרי משנה — דיני ממונות והלכות בי""ד, ומסכת אבות בכללן."
"תלמוד בבלי/אחרונים/פתח עינים/סדר נזיקין","","","הסדר הרביעי מששה סדרי משנה — דיני ממונות והלכות בי""ד, ומסכת אבות בכללן.","הסדר הרביעי מששה סדרי משנה — דיני ממונות והלכות בי""ד, ומסכת אבות בכללן."
"תלמוד בבלי/אחרונים/מהר״ם שיף/סדר נזיקין","","","הסדר הרביעי מששה סדרי משנה — דיני ממונות והלכות בי""ד, ומסכת אבות בכללן.","הסדר הרביעי מששה סדרי משנה — דיני ממונות והלכות בי""ד, ומסכת אבות בכללן."
"תלמוד בבלי/אחרונים/מראית העין/סדר נזיקין","","","הסדר הרביעי מששה סדרי משנה — דיני ממונות והלכות בי""ד, ומסכת אבות בכללן.","הסדר הרביעי מששה סדרי משנה — דיני ממונות והלכות בי""ד, ומסכת אבות בכללן."
"תלמוד בבלי/אחרונים/מהר״ם/סדר נזיקין","","","הסדר הרביעי מששה סדרי משנה — דיני ממונות והלכות בי""ד, ומסכת אבות בכללן.","הסדר הרביעי מששה סדרי משנה — דיני ממונות והלכות בי""ד, ומסכת אבות בכללן."
"תלמוד בבלי/אחרונים/שיטה מקובצת/סדר נזיקין","","","הסדר הרביעי מששה סדרי משנה — דיני ממונות והלכות בי""ד, ומסכת אבות בכללן.","הסדר הרביעי מששה סדרי משנה — דיני ממונות והלכות בי""ד, ומסכת אבות בכללן."
"תלמוד בבלי/אחרונים/חידושי אגדות/סדר נזיקין","","","הסדר הרביעי מששה סדרי משנה — דיני ממונות והלכות בי""ד, ומסכת אבות בכללן.","הסדר הרביעי מששה סדרי משנה — דיני ממונות והלכות בי""ד, ומסכת אבות בכללן."
"תלמוד בבלי/אחרונים/חידושי הלכות/סדר נזיקין","","","הסדר הרביעי מששה סדרי משנה — דיני ממונות והלכות בי""ד, ומסכת אבות בכללן.","הסדר הרביעי מששה סדרי משנה — דיני ממונות והלכות בי""ד, ומסכת אבות בכללן."
"תלמוד בבלי/אחרונים/הגהות יעב״ץ/סדר נזיקין","","","הסדר הרביעי מששה סדרי משנה — דיני ממונות והלכות בי""ד, ומסכת אבות בכללן.","הסדר הרביעי מששה סדרי משנה — דיני ממונות והלכות בי""ד, ומסכת אבות בכללן."
"תלמוד בבלי/מחברי זמננו/רשימות שיעורים/סדר נזיקין","","","הסדר הרביעי מששה סדרי משנה — דיני ממונות והלכות בי""ד, ומסכת אבות בכללן.","הסדר הרביעי מששה סדרי משנה — דיני ממונות והלכות בי""ד, ומסכת אבות בכללן."
"תלמוד בבלי/אחרונים/בית מאיר/סדר נזיקין","","","הסדר הרביעי מששה סדרי משנה — דיני ממונות והלכות בי""ד, ומסכת אבות בכללן.","הסדר הרביעי מששה סדרי משנה — דיני ממונות והלכות בי""ד, ומסכת אבות בכללן."
"תלמוד בבלי/אחרונים/לבוש מרדכי/סדר נזיקין","","","הסדר הרביעי מששה סדרי משנה — דיני ממונות והלכות בי""ד, ומסכת אבות בכללן.","הסדר הרביעי מששה סדרי משנה — דיני ממונות והלכות בי""ד, ומסכת אבות בכללן."
"תלמוד בבלי/אחרונים/קרן אורה/סדר נזיקין","","","הסדר הרביעי מששה סדרי משנה — דיני ממונות והלכות בי""ד, ומסכת אבות בכללן.","הסדר הרביעי מששה סדרי משנה — דיני ממונות והלכות בי""ד, ומסכת אבות בכללן."
"תלמוד בבלי/אחרונים/אור הישר/סדר נזיקין","","","הסדר הרביעי מששה סדרי משנה — דיני ממונות והלכות בי""ד, ומסכת אבות בכללן.","הסדר הרביעי מששה סדרי משנה — דיני ממונות והלכות בי""ד, ומסכת אבות בכללן."
"משנה/ראשונים/רמב״ם/סדר נשים","","","הסדר השלישי מששה סדרי משנה, ובו שבע מסכתות בדיני אישות: יבמות וכתובות, נדרים ונזיר, סוטה, גיטין וקידושין.","הסדר השלישי מששה סדרי משנה, ובו שבע מסכתות בדיני אישות: יבמות וכתובות, נדרים ונזיר, סוטה, גיטין וקידושין."
"משנה/ראשונים/ברטנורא/סדר נשים","","","הסדר השלישי מששה סדרי משנה, ובו שבע מסכתות בדיני אישות: יבמות וכתובות, נדרים ונזיר, סוטה, גיטין וקידושין.","הסדר השלישי מששה סדרי משנה, ובו שבע מסכתות בדיני אישות: יבמות וכתובות, נדרים ונזיר, סוטה, גיטין וקידושין."
"משנה/אחרונים/רש״ש/סדר נשים","","","הסדר השלישי מששה סדרי משנה, ובו שבע מסכתות בדיני אישות: יבמות וכתובות, נדרים ונזיר, סוטה, גיטין וקידושין.","הסדר השלישי מששה סדרי משנה, ובו שבע מסכתות בדיני אישות: יבמות וכתובות, נדרים ונזיר, סוטה, גיטין וקידושין."
"משנה/אחרונים/יכין/סדר נשים","","","הסדר השלישי מששה סדרי משנה, ובו שבע מסכתות בדיני אישות: יבמות וכתובות, נדרים ונזיר, סוטה, גיטין וקידושין.","הסדר השלישי מששה סדרי משנה, ובו שבע מסכתות בדיני אישות: יבמות וכתובות, נדרים ונזיר, סוטה, גיטין וקידושין."
"משנה/אחרונים/תוספות רבי עקיבא איגר/סדר נשים","","","הסדר השלישי מששה סדרי משנה, ובו שבע מסכתות בדיני אישות: יבמות וכתובות, נדרים ונזיר, סוטה, גיטין וקידושין.","הסדר השלישי מששה סדרי משנה, ובו שבע מסכתות בדיני אישות: יבמות וכתובות, נדרים ונזיר, סוטה, גיטין וקידושין."
"משנה/אחרונים/תוספות יום טוב/סדר נשים","","","הסדר השלישי מששה סדרי משנה, ובו שבע מסכתות בדיני אישות: יבמות וכתובות, נדרים ונזיר, סוטה, גיטין וקידושין.","הסדר השלישי מששה סדרי משנה, ובו שבע מסכתות בדיני אישות: יבמות וכתובות, נדרים ונזיר, סוטה, גיטין וקידושין."
"משנה/אחרונים/עיקר תוספות יום טוב/סדר נשים","","","הסדר השלישי מששה סדרי משנה, ובו שבע מסכתות בדיני אישות: יבמות וכתובות, נדרים ונזיר, סוטה, גיטין וקידושין.","הסדר השלישי מששה סדרי משנה, ובו שבע מסכתות בדיני אישות: יבמות וכתובות, נדרים ונזיר, סוטה, גיטין וקידושין."
"משנה/אחרונים/לחם שמים/סדר נשים","","","הסדר השלישי מששה סדרי משנה, ובו שבע מסכתות בדיני אישות: יבמות וכתובות, נדרים ונזיר, סוטה, גיטין וקידושין.","הסדר השלישי מששה סדרי משנה, ובו שבע מסכתות בדיני אישות: יבמות וכתובות, נדרים ונזיר, סוטה, גיטין וקידושין."
"משנה/אחרונים/מלאכת שלמה/סדר נשים","","","הסדר השלישי מששה סדרי משנה, ובו שבע מסכתות בדיני אישות: יבמות וכתובות, נדרים ונזיר, סוטה, גיטין וקידושין.","הסדר השלישי מששה סדרי משנה, ובו שבע מסכתות בדיני אישות: יבמות וכתובות, נדרים ונזיר, סוטה, גיטין וקידושין."
"משנה/אחרונים/הון עשיר/סדר נשים","","","הסדר השלישי מששה סדרי משנה, ובו שבע מסכתות בדיני אישות: יבמות וכתובות, נדרים ונזיר, סוטה, גיטין וקידושין.","הסדר השלישי מששה סדרי משנה, ובו שבע מסכתות בדיני אישות: יבמות וכתובות, נדרים ונזיר, סוטה, גיטין וקידושין."
"משנה/אחרונים/בועז/סדר נשים","","","הסדר השלישי מששה סדרי משנה, ובו שבע מסכתות בדיני אישות: יבמות וכתובות, נדרים ונזיר, סוטה, גיטין וקידושין.","הסדר השלישי מששה סדרי משנה, ובו שבע מסכתות בדיני אישות: יבמות וכתובות, נדרים ונזיר, סוטה, גיטין וקידושין."
"תלמוד ירושלמי/מפרשים/תוספות הרי״ד על תלמוד ירושלמי/סדר נשים","","","הסדר השלישי מששה סדרי משנה, ובו שבע מסכתות בדיני אישות: יבמות וכתובות, נדרים ונזיר, סוטה, גיטין וקידושין.","הסדר השלישי מששה סדרי משנה, ובו שבע מסכתות בדיני אישות: יבמות וכתובות, נדרים ונזיר, סוטה, גיטין וקידושין."
"תלמוד ירושלמי/מפרשים/קרבן העדה על תלמוד ירושלמי/סדר נשים","","","הסדר השלישי מששה סדרי משנה, ובו שבע מסכתות בדיני אישות: יבמות וכתובות, נדרים ונזיר, סוטה, גיטין וקידושין.","הסדר השלישי מששה סדרי משנה, ובו שבע מסכתות בדיני אישות: יבמות וכתובות, נדרים ונזיר, סוטה, גיטין וקידושין."
"תלמוד ירושלמי/מפרשים/מראה הפנים על תלמוד ירושלמי/סדר נשים","","","הסדר השלישי מששה סדרי משנה, ובו שבע מסכתות בדיני אישות: יבמות וכתובות, נדרים ונזיר, סוטה, גיטין וקידושין.","הסדר השלישי מששה סדרי משנה, ובו שבע מסכתות בדיני אישות: יבמות וכתובות, נדרים ונזיר, סוטה, גיטין וקידושין."
"תלמוד ירושלמי/מפרשים/הגהות מהר״ם די לונזאנו על תלמוד ירושלמי/סדר נשים","","","הסדר השלישי מששה סדרי משנה, ובו שבע מסכתות בדיני אישות: יבמות וכתובות, נדרים ונזיר, סוטה, גיטין וקידושין.","הסדר השלישי מששה סדרי משנה, ובו שבע מסכתות בדיני אישות: יבמות וכתובות, נדרים ונזיר, סוטה, גיטין וקידושין."
"תלמוד ירושלמי/מפרשים/עמודי ירושלים על תלמוד ירושלמי/סדר נשים","","","הסדר השלישי מששה סדרי משנה, ובו שבע מסכתות בדיני אישות: יבמות וכתובות, נדרים ונזיר, סוטה, גיטין וקידושין.","הסדר השלישי מששה סדרי משנה, ובו שבע מסכתות בדיני אישות: יבמות וכתובות, נדרים ונזיר, סוטה, גיטין וקידושין."
"תלמוד ירושלמי/מפרשים/שיירי קרבן על תלמוד ירושלמי/סדר נשים","","","הסדר השלישי מששה סדרי משנה, ובו שבע מסכתות בדיני אישות: יבמות וכתובות, נדרים ונזיר, סוטה, גיטין וקידושין.","הסדר השלישי מששה סדרי משנה, ובו שבע מסכתות בדיני אישות: יבמות וכתובות, נדרים ונזיר, סוטה, גיטין וקידושין."
"תלמוד ירושלמי/מפרשים/חידושי רידב״ז על תלמוד ירושלמי/סדר נשים","","","הסדר השלישי מששה סדרי משנה, ובו שבע מסכתות בדיני אישות: יבמות וכתובות, נדרים ונזיר, סוטה, גיטין וקידושין.","הסדר השלישי מששה סדרי משנה, ובו שבע מסכתות בדיני אישות: יבמות וכתובות, נדרים ונזיר, סוטה, גיטין וקידושין."
"תלמוד ירושלמי/מפרשים/שערי תורת ארץ ישראל/סדר נשים","","","הסדר השלישי מששה סדרי משנה, ובו שבע מסכתות בדיני אישות: יבמות וכתובות, נדרים ונזיר, סוטה, גיטין וקידושין.","הסדר השלישי מששה סדרי משנה, ובו שבע מסכתות בדיני אישות: יבמות וכתובות, נדרים ונזיר, סוטה, גיטין וקידושין."
"תלמוד ירושלמי/מפרשים/חידושי חתם סופר על תלמוד ירושלמי/סדר נשים","","","הסדר השלישי מששה סדרי משנה, ובו שבע מסכתות בדיני אישות: יבמות וכתובות, נדרים ונזיר, סוטה, גיטין וקידושין.","הסדר השלישי מששה סדרי משנה, ובו שבע מסכתות בדיני אישות: יבמות וכתובות, נדרים ונזיר, סוטה, גיטין וקידושין."
"תלמוד ירושלמי/מפרשים/חידושי מהר״א גריידץ על תלמוד ירושלמי/סדר נשים","","","הסדר השלישי מששה סדרי משנה, ובו שבע מסכתות בדיני אישות: יבמות וכתובות, נדרים ונזיר, סוטה, גיטין וקידושין.","הסדר השלישי מששה סדרי משנה, ובו שבע מסכתות בדיני אישות: יבמות וכתובות, נדרים ונזיר, סוטה, גיטין וקידושין."
"תלמוד ירושלמי/מפרשים/נועם ירושלמי/סדר נשים","","","הסדר השלישי מששה סדרי משנה, ובו שבע מסכתות בדיני אישות: יבמות וכתובות, נדרים ונזיר, סוטה, גיטין וקידושין.","הסדר השלישי מששה סדרי משנה, ובו שבע מסכתות בדיני אישות: יבמות וכתובות, נדרים ונזיר, סוטה, גיטין וקידושין."
"תלמוד ירושלמי/מפרשים/פני משה על תלמוד ירושלמי/סדר נשים","","","הסדר השלישי מששה סדרי משנה, ובו שבע מסכתות בדיני אישות: יבמות וכתובות, נדרים ונזיר, סוטה, גיטין וקידושין.","הסדר השלישי מששה סדרי משנה, ובו שבע מסכתות בדיני אישות: יבמות וכתובות, נדרים ונזיר, סוטה, גיטין וקידושין."
"תלמוד בבלי/ראשונים/תוספות/סדר נשים","","","הסדר השלישי מששה סדרי משנה, ובו שבע מסכתות בדיני אישות: יבמות וכתובות, נדרים ונזיר, סוטה, גיטין וקידושין.","הסדר השלישי מששה סדרי משנה, ובו שבע מסכתות בדיני אישות: יבמות וכתובות, נדרים ונזיר, סוטה, גיטין וקידושין."
"תלמוד בבלי/ראשונים/ריטב״א/סדר נשים","","","הסדר השלישי מששה סדרי משנה, ובו שבע מסכתות בדיני אישות: יבמות וכתובות, נדרים ונזיר, סוטה, גיטין וקידושין.","הסדר השלישי מששה סדרי משנה, ובו שבע מסכתות בדיני אישות: יבמות וכתובות, נדרים ונזיר, סוטה, גיטין וקידושין."
"תלמוד בבלי/ראשונים/ר״ן/סדר נשים","","","הסדר השלישי מששה סדרי משנה, ובו שבע מסכתות בדיני אישות: יבמות וכתובות, נדרים ונזיר, סוטה, גיטין וקידושין.","הסדר השלישי מששה סדרי משנה, ובו שבע מסכתות בדיני אישות: יבמות וכתובות, נדרים ונזיר, סוטה, גיטין וקידושין."
"תלמוד בבלי/ראשונים/חידושי רמב״ן/סדר נשים","","","הסדר השלישי מששה סדרי משנה, ובו שבע מסכתות בדיני אישות: יבמות וכתובות, נדרים ונזיר, סוטה, גיטין וקידושין.","הסדר השלישי מששה סדרי משנה, ובו שבע מסכתות בדיני אישות: יבמות וכתובות, נדרים ונזיר, סוטה, גיטין וקידושין."
"תלמוד בבלי/ראשונים/תוספות ישנים/סדר נשים","","","הסדר השלישי מששה סדרי משנה, ובו שבע מסכתות בדיני אישות: יבמות וכתובות, נדרים ונזיר, סוטה, גיטין וקידושין.","הסדר השלישי מששה סדרי משנה, ובו שבע מסכתות בדיני אישות: יבמות וכתובות, נדרים ונזיר, סוטה, גיטין וקידושין."
"תלמוד בבלי/ראשונים/תוספות שאנץ/סדר נשים","","","הסדר השלישי מששה סדרי משנה, ובו שבע מסכתות בדיני אישות: יבמות וכתובות, נדרים ונזיר, סוטה, גיטין וקידושין.","הסדר השלישי מששה סדרי משנה, ובו שבע מסכתות בדיני אישות: יבמות וכתובות, נדרים ונזיר, סוטה, גיטין וקידושין."
"תלמוד בבלי/ראשונים/רא״ש/מפרשים/תפארת שמואל/סדר נשים","","","הסדר השלישי מששה סדרי משנה, ובו שבע מסכתות בדיני אישות: יבמות וכתובות, נדרים ונזיר, סוטה, גיטין וקידושין.","הסדר השלישי מששה סדרי משנה, ובו שבע מסכתות בדיני אישות: יבמות וכתובות, נדרים ונזיר, סוטה, גיטין וקידושין."
"תלמוד בבלי/ראשונים/רא״ש/מפרשים/קרבן נתנאל/סדר נשים","","","הסדר השלישי מששה סדרי משנה, ובו שבע מסכתות בדיני אישות: יבמות וכתובות, נדרים ונזיר, סוטה, גיטין וקידושין.","הסדר השלישי מששה סדרי משנה, ובו שבע מסכתות בדיני אישות: יבמות וכתובות, נדרים ונזיר, סוטה, גיטין וקידושין."
"תלמוד בבלי/ראשונים/רא״ש/סדר נשים","","","הסדר השלישי מששה סדרי משנה, ובו שבע מסכתות בדיני אישות: יבמות וכתובות, נדרים ונזיר, סוטה, גיטין וקידושין.","הסדר השלישי מששה סדרי משנה, ובו שבע מסכתות בדיני אישות: יבמות וכתובות, נדרים ונזיר, סוטה, גיטין וקידושין."
"תלמוד בבלי/ראשונים/פסקי תוספות/סדר נשים","","","הסדר השלישי מששה סדרי משנה, ובו שבע מסכתות בדיני אישות: יבמות וכתובות, נדרים ונזיר, סוטה, גיטין וקידושין.","הסדר השלישי מששה סדרי משנה, ובו שבע מסכתות בדיני אישות: יבמות וכתובות, נדרים ונזיר, סוטה, גיטין וקידושין."
"תלמוד בבלי/ראשונים/תוספות ר״י הזקן/סדר נשים","","","הסדר השלישי מששה סדרי משנה, ובו שבע מסכתות בדיני אישות: יבמות וכתובות, נדרים ונזיר, סוטה, גיטין וקידושין.","הסדר השלישי מששה סדרי משנה, ובו שבע מסכתות בדיני אישות: יבמות וכתובות, נדרים ונזיר, סוטה, גיטין וקידושין."
"תלמוד בבלי/ראשונים/רש״י/סדר נשים","","","הסדר השלישי מששה סדרי משנה, ובו שבע מסכתות בדיני אישות: יבמות וכתובות, נדרים ונזיר, סוטה, גיטין וקידושין.","הסדר השלישי מששה סדרי משנה, ובו שבע מסכתות בדיני אישות: יבמות וכתובות, נדרים ונזיר, סוטה, גיטין וקידושין."
"תלמוד בבלי/ראשונים/מאירי/סדר נשים","","","הסדר השלישי מששה סדרי משנה, ובו שבע מסכתות בדיני אישות: יבמות וכתובות, נדרים ונזיר, סוטה, גיטין וקידושין.","הסדר השלישי מששה סדרי משנה, ובו שבע מסכתות בדיני אישות: יבמות וכתובות, נדרים ונזיר, סוטה, גיטין וקידושין."
"תלמוד בבלי/ראשונים/פירוש הרא״ש/סדר נשים","","","הסדר השלישי מששה סדרי משנה, ובו שבע מסכתות בדיני אישות: יבמות וכתובות, נדרים ונזיר, סוטה, גיטין וקידושין.","הסדר השלישי מששה סדרי משנה, ובו שבע מסכתות בדיני אישות: יבמות וכתובות, נדרים ונזיר, סוטה, גיטין וקידושין."
"תלמוד בבלי/ראשונים/רי״ף/סדר נשים","","","הסדר השלישי מששה סדרי משנה, ובו שבע מסכתות בדיני אישות: יבמות וכתובות, נדרים ונזיר, סוטה, גיטין וקידושין.","הסדר השלישי מששה סדרי משנה, ובו שבע מסכתות בדיני אישות: יבמות וכתובות, נדרים ונזיר, סוטה, גיטין וקידושין."
"תלמוד בבלי/ראשונים/רשב״א/סדר נשים","","","הסדר השלישי מששה סדרי משנה, ובו שבע מסכתות בדיני אישות: יבמות וכתובות, נדרים ונזיר, סוטה, גיטין וקידושין.","הסדר השלישי מששה סדרי משנה, ובו שבע מסכתות בדיני אישות: יבמות וכתובות, נדרים ונזיר, סוטה, גיטין וקידושין."
"תלמוד בבלי/אחרונים/רש״ש/סדר נשים","","","הסדר השלישי מששה סדרי משנה, ובו שבע מסכתות בדיני אישות: יבמות וכתובות, נדרים ונזיר, סוטה, גיטין וקידושין.","הסדר השלישי מששה סדרי משנה, ובו שבע מסכתות בדיני אישות: יבמות וכתובות, נדרים ונזיר, סוטה, גיטין וקידושין."
"תלמוד בבלי/אחרונים/שערי תורת בבל/סדר נשים","","","הסדר השלישי מששה סדרי משנה, ובו שבע מסכתות בדיני אישות: יבמות וכתובות, נדרים ונזיר, סוטה, גיטין וקידושין.","הסדר השלישי מששה סדרי משנה, ובו שבע מסכתות בדיני אישות: יבמות וכתובות, נדרים ונזיר, סוטה, גיטין וקידושין."
"תלמוד בבלי/אחרונים/גליון הש״ס/סדר נשים","","","הסדר השלישי מששה סדרי משנה, ובו שבע מסכתות בדיני אישות: יבמות וכתובות, נדרים ונזיר, סוטה, גיטין וקידושין.","הסדר השלישי מששה סדרי משנה, ובו שבע מסכתות בדיני אישות: יבמות וכתובות, נדרים ונזיר, סוטה, גיטין וקידושין."
"תלמוד בבלי/אחרונים/חכמת שלמה/סדר נשים","","","הסדר השלישי מששה סדרי משנה, ובו שבע מסכתות בדיני אישות: יבמות וכתובות, נדרים ונזיר, סוטה, גיטין וקידושין.","הסדר השלישי מששה סדרי משנה, ובו שבע מסכתות בדיני אישות: יבמות וכתובות, נדרים ונזיר, סוטה, גיטין וקידושין."
"תלמוד בבלי/אחרונים/חידושי רבי עקיבא איגר/סדר נשים","","","הסדר השלישי מששה סדרי משנה, ובו שבע מסכתות בדיני אישות: יבמות וכתובות, נדרים ונזיר, סוטה, גיטין וקידושין.","הסדר השלישי מששה סדרי משנה, ובו שבע מסכתות בדיני אישות: יבמות וכתובות, נדרים ונזיר, סוטה, גיטין וקידושין."
"תלמוד בבלי/אחרונים/פתח עינים/סדר נשים","","","הסדר השלישי מששה סדרי משנה, ובו שבע מסכתות בדיני אישות: יבמות וכתובות, נדרים ונזיר, סוטה, גיטין וקידושין.","הסדר השלישי מששה סדרי משנה, ובו שבע מסכתות בדיני אישות: יבמות וכתובות, נדרים ונזיר, סוטה, גיטין וקידושין."
"תלמוד בבלי/אחרונים/מהר״ם שיף/סדר נשים","","","הסדר השלישי מששה סדרי משנה, ובו שבע מסכתות בדיני אישות: יבמות וכתובות, נדרים ונזיר, סוטה, גיטין וקידושין.","הסדר השלישי מששה סדרי משנה, ובו שבע מסכתות בדיני אישות: יבמות וכתובות, נדרים ונזיר, סוטה, גיטין וקידושין."
"תלמוד בבלי/אחרונים/מראית העין/סדר נשים","","","הסדר השלישי מששה סדרי משנה, ובו שבע מסכתות בדיני אישות: יבמות וכתובות, נדרים ונזיר, סוטה, גיטין וקידושין.","הסדר השלישי מששה סדרי משנה, ובו שבע מסכתות בדיני אישות: יבמות וכתובות, נדרים ונזיר, סוטה, גיטין וקידושין."
"תלמוד בבלי/אחרונים/מהר״ם/סדר נשים","","","הסדר השלישי מששה סדרי משנה, ובו שבע מסכתות בדיני אישות: יבמות וכתובות, נדרים ונזיר, סוטה, גיטין וקידושין.","הסדר השלישי מששה סדרי משנה, ובו שבע מסכתות בדיני אישות: יבמות וכתובות, נדרים ונזיר, סוטה, גיטין וקידושין."
"תלמוד בבלי/אחרונים/שיטה מקובצת/סדר נשים","","","הסדר השלישי מששה סדרי משנה, ובו שבע מסכתות בדיני אישות: יבמות וכתובות, נדרים ונזיר, סוטה, גיטין וקידושין.","הסדר השלישי מששה סדרי משנה, ובו שבע מסכתות בדיני אישות: יבמות וכתובות, נדרים ונזיר, סוטה, גיטין וקידושין."
"תלמוד בבלי/אחרונים/חידושי אגדות/סדר נשים","","","הסדר השלישי מששה סדרי משנה, ובו שבע מסכתות בדיני אישות: יבמות וכתובות, נדרים ונזיר, סוטה, גיטין וקידושין.","הסדר השלישי מששה סדרי משנה, ובו שבע מסכתות בדיני אישות: יבמות וכתובות, נדרים ונזיר, סוטה, גיטין וקידושין."
"תלמוד בבלי/אחרונים/חידושי הלכות/סדר נשים","","","הסדר השלישי מששה סדרי משנה, ובו שבע מסכתות בדיני אישות: יבמות וכתובות, נדרים ונזיר, סוטה, גיטין וקידושין.","הסדר השלישי מששה סדרי משנה, ובו שבע מסכתות בדיני אישות: יבמות וכתובות, נדרים ונזיר, סוטה, גיטין וקידושין."
"תלמוד בבלי/אחרונים/הגהות יעב״ץ/סדר נשים","","","הסדר השלישי מששה סדרי משנה, ובו שבע מסכתות בדיני אישות: יבמות וכתובות, נדרים ונזיר, סוטה, גיטין וקידושין.","הסדר השלישי מששה סדרי משנה, ובו שבע מסכתות בדיני אישות: יבמות וכתובות, נדרים ונזיר, סוטה, גיטין וקידושין."
"תלמוד בבלי/מחברי זמננו/רשימות שיעורים/סדר נשים","","","הסדר השלישי מששה סדרי משנה, ובו שבע מסכתות בדיני אישות: יבמות וכתובות, נדרים ונזיר, סוטה, גיטין וקידושין.","הסדר השלישי מששה סדרי משנה, ובו שבע מסכתות בדיני אישות: יבמות וכתובות, נדרים ונזיר, סוטה, גיטין וקידושין."
"תלמוד בבלי/אחרונים/בית מאיר/סדר נשים","","","הסדר השלישי מששה סדרי משנה, ובו שבע מסכתות בדיני אישות: יבמות וכתובות, נדרים ונזיר, סוטה, גיטין וקידושין.","הסדר השלישי מששה סדרי משנה, ובו שבע מסכתות בדיני אישות: יבמות וכתובות, נדרים ונזיר, סוטה, גיטין וקידושין."
"תלמוד בבלי/אחרונים/לבוש מרדכי/סדר נשים","","","הסדר השלישי מששה סדרי משנה, ובו שבע מסכתות בדיני אישות: יבמות וכתובות, נדרים ונזיר, סוטה, גיטין וקידושין.","הסדר השלישי מששה סדרי משנה, ובו שבע מסכתות בדיני אישות: יבמות וכתובות, נדרים ונזיר, סוטה, גיטין וקידושין."
"תלמוד בבלי/אחרונים/ליקוטי מהריל/סדר נשים","","","הסדר השלישי מששה סדרי משנה, ובו שבע מסכתות בדיני אישות: יבמות וכתובות, נדרים ונזיר, סוטה, גיטין וקידושין.","הסדר השלישי מששה סדרי משנה, ובו שבע מסכתות בדיני אישות: יבמות וכתובות, נדרים ונזיר, סוטה, גיטין וקידושין."
"תלמוד בבלי/אחרונים/ערוך לנר/סדר נשים","","","הסדר השלישי מששה סדרי משנה, ובו שבע מסכתות בדיני אישות: יבמות וכתובות, נדרים ונזיר, סוטה, גיטין וקידושין.","הסדר השלישי מששה סדרי משנה, ובו שבע מסכתות בדיני אישות: יבמות וכתובות, נדרים ונזיר, סוטה, גיטין וקידושין."
"תלמוד בבלי/אחרונים/קרן אורה/סדר נשים","","","הסדר השלישי מששה סדרי משנה, ובו שבע מסכתות בדיני אישות: יבמות וכתובות, נדרים ונזיר, סוטה, גיטין וקידושין.","הסדר השלישי מששה סדרי משנה, ובו שבע מסכתות בדיני אישות: יבמות וכתובות, נדרים ונזיר, סוטה, גיטין וקידושין."
"תלמוד בבלי/אחרונים/אור הישר/סדר נשים","","","הסדר השלישי מששה סדרי משנה, ובו שבע מסכתות בדיני אישות: יבמות וכתובות, נדרים ונזיר, סוטה, גיטין וקידושין.","הסדר השלישי מששה סדרי משנה, ובו שבע מסכתות בדיני אישות: יבמות וכתובות, נדרים ונזיר, סוטה, גיטין וקידושין."
"משנה/ראשונים/רמב״ם/סדר קדשים","","","הסדר החמישי מששה סדרי משנה, ובו אחת עשרה מסכתות בדיני הקרבנות והמקדש: זבחים, מנחות, חולין, בכורות, ערכין, תמורה, כריתות, מעילה, תמיד, מדות וקינים.","הסדר החמישי מששה סדרי משנה, ובו אחת עשרה מסכתות בדיני הקרבנות והמקדש: זבחים, מנחות, חולין, בכורות, ערכין, תמורה, כריתות, מעילה, תמיד, מדות וקינים."
"משנה/ראשונים/ברטנורא/סדר קדשים","","","הסדר החמישי מששה סדרי משנה, ובו אחת עשרה מסכתות בדיני הקרבנות והמקדש: זבחים, מנחות, חולין, בכורות, ערכין, תמורה, כריתות, מעילה, תמיד, מדות וקינים.","הסדר החמישי מששה סדרי משנה, ובו אחת עשרה מסכתות בדיני הקרבנות והמקדש: זבחים, מנחות, חולין, בכורות, ערכין, תמורה, כריתות, מעילה, תמיד, מדות וקינים."
"משנה/מחברי זמננו/שערי תורת בבל/סדר קדשים","","","הסדר החמישי מששה סדרי משנה, ובו אחת עשרה מסכתות בדיני הקרבנות והמקדש: זבחים, מנחות, חולין, בכורות, ערכין, תמורה, כריתות, מעילה, תמיד, מדות וקינים.","הסדר החמישי מששה סדרי משנה, ובו אחת עשרה מסכתות בדיני הקרבנות והמקדש: זבחים, מנחות, חולין, בכורות, ערכין, תמורה, כריתות, מעילה, תמיד, מדות וקינים."
"משנה/אחרונים/רש״ש/סדר קדשים","","","הסדר החמישי מששה סדרי משנה, ובו אחת עשרה מסכתות בדיני הקרבנות והמקדש: זבחים, מנחות, חולין, בכורות, ערכין, תמורה, כריתות, מעילה, תמיד, מדות וקינים.","הסדר החמישי מששה סדרי משנה, ובו אחת עשרה מסכתות בדיני הקרבנות והמקדש: זבחים, מנחות, חולין, בכורות, ערכין, תמורה, כריתות, מעילה, תמיד, מדות וקינים."
"משנה/אחרונים/יכין/סדר קדשים","","","הסדר החמישי מששה סדרי משנה, ובו אחת עשרה מסכתות בדיני הקרבנות והמקדש: זבחים, מנחות, חולין, בכורות, ערכין, תמורה, כריתות, מעילה, תמיד, מדות וקינים.","הסדר החמישי מששה סדרי משנה, ובו אחת עשרה מסכתות בדיני הקרבנות והמקדש: זבחים, מנחות, חולין, בכורות, ערכין, תמורה, כריתות, מעילה, תמיד, מדות וקינים."
"משנה/אחרונים/תוספות רבי עקיבא איגר/סדר קדשים","","","הסדר החמישי מששה סדרי משנה, ובו אחת עשרה מסכתות בדיני הקרבנות והמקדש: זבחים, מנחות, חולין, בכורות, ערכין, תמורה, כריתות, מעילה, תמיד, מדות וקינים.","הסדר החמישי מששה סדרי משנה, ובו אחת עשרה מסכתות בדיני הקרבנות והמקדש: זבחים, מנחות, חולין, בכורות, ערכין, תמורה, כריתות, מעילה, תמיד, מדות וקינים."
"משנה/אחרונים/תוספות יום טוב/סדר קדשים","","","הסדר החמישי מששה סדרי משנה, ובו אחת עשרה מסכתות בדיני הקרבנות והמקדש: זבחים, מנחות, חולין, בכורות, ערכין, תמורה, כריתות, מעילה, תמיד, מדות וקינים.","הסדר החמישי מששה סדרי משנה, ובו אחת עשרה מסכתות בדיני הקרבנות והמקדש: זבחים, מנחות, חולין, בכורות, ערכין, תמורה, כריתות, מעילה, תמיד, מדות וקינים."
"משנה/אחרונים/פתח עינים/סדר קדשים","","","הסדר החמישי מששה סדרי משנה, ובו אחת עשרה מסכתות בדיני הקרבנות והמקדש: זבחים, מנחות, חולין, בכורות, ערכין, תמורה, כריתות, מעילה, תמיד, מדות וקינים.","הסדר החמישי מששה סדרי משנה, ובו אחת עשרה מסכתות בדיני הקרבנות והמקדש: זבחים, מנחות, חולין, בכורות, ערכין, תמורה, כריתות, מעילה, תמיד, מדות וקינים."
"משנה/אחרונים/עיקר תוספות יום טוב/סדר קדשים","","","הסדר החמישי מששה סדרי משנה, ובו אחת עשרה מסכתות בדיני הקרבנות והמקדש: זבחים, מנחות, חולין, בכורות, ערכין, תמורה, כריתות, מעילה, תמיד, מדות וקינים.","הסדר החמישי מששה סדרי משנה, ובו אחת עשרה מסכתות בדיני הקרבנות והמקדש: זבחים, מנחות, חולין, בכורות, ערכין, תמורה, כריתות, מעילה, תמיד, מדות וקינים."
"משנה/אחרונים/מראית העין/סדר קדשים","","","הסדר החמישי מששה סדרי משנה, ובו אחת עשרה מסכתות בדיני הקרבנות והמקדש: זבחים, מנחות, חולין, בכורות, ערכין, תמורה, כריתות, מעילה, תמיד, מדות וקינים.","הסדר החמישי מששה סדרי משנה, ובו אחת עשרה מסכתות בדיני הקרבנות והמקדש: זבחים, מנחות, חולין, בכורות, ערכין, תמורה, כריתות, מעילה, תמיד, מדות וקינים."
"משנה/אחרונים/לחם שמים/סדר קדשים","","","הסדר החמישי מששה סדרי משנה, ובו אחת עשרה מסכתות בדיני הקרבנות והמקדש: זבחים, מנחות, חולין, בכורות, ערכין, תמורה, כריתות, מעילה, תמיד, מדות וקינים.","הסדר החמישי מששה סדרי משנה, ובו אחת עשרה מסכתות בדיני הקרבנות והמקדש: זבחים, מנחות, חולין, בכורות, ערכין, תמורה, כריתות, מעילה, תמיד, מדות וקינים."
"משנה/אחרונים/מלאכת שלמה/סדר קדשים","","","הסדר החמישי מששה סדרי משנה, ובו אחת עשרה מסכתות בדיני הקרבנות והמקדש: זבחים, מנחות, חולין, בכורות, ערכין, תמורה, כריתות, מעילה, תמיד, מדות וקינים.","הסדר החמישי מששה סדרי משנה, ובו אחת עשרה מסכתות בדיני הקרבנות והמקדש: זבחים, מנחות, חולין, בכורות, ערכין, תמורה, כריתות, מעילה, תמיד, מדות וקינים."
"משנה/אחרונים/הון עשיר/סדר קדשים","","","הסדר החמישי מששה סדרי משנה, ובו אחת עשרה מסכתות בדיני הקרבנות והמקדש: זבחים, מנחות, חולין, בכורות, ערכין, תמורה, כריתות, מעילה, תמיד, מדות וקינים.","הסדר החמישי מששה סדרי משנה, ובו אחת עשרה מסכתות בדיני הקרבנות והמקדש: זבחים, מנחות, חולין, בכורות, ערכין, תמורה, כריתות, מעילה, תמיד, מדות וקינים."
"משנה/אחרונים/בועז/סדר קדשים","","","הסדר החמישי מששה סדרי משנה, ובו אחת עשרה מסכתות בדיני הקרבנות והמקדש: זבחים, מנחות, חולין, בכורות, ערכין, תמורה, כריתות, מעילה, תמיד, מדות וקינים.","הסדר החמישי מששה סדרי משנה, ובו אחת עשרה מסכתות בדיני הקרבנות והמקדש: זבחים, מנחות, חולין, בכורות, ערכין, תמורה, כריתות, מעילה, תמיד, מדות וקינים."
"משנה/אחרונים/הגהות יעב״ץ/סדר קדשים","","","הסדר החמישי מששה סדרי משנה, ובו אחת עשרה מסכתות בדיני הקרבנות והמקדש: זבחים, מנחות, חולין, בכורות, ערכין, תמורה, כריתות, מעילה, תמיד, מדות וקינים.","הסדר החמישי מששה סדרי משנה, ובו אחת עשרה מסכתות בדיני הקרבנות והמקדש: זבחים, מנחות, חולין, בכורות, ערכין, תמורה, כריתות, מעילה, תמיד, מדות וקינים."
"תלמוד בבלי/ראשונים/תוספות/סדר קדשים","","","הסדר החמישי מששה סדרי משנה, ובו אחת עשרה מסכתות בדיני הקרבנות והמקדש: זבחים, מנחות, חולין, בכורות, ערכין, תמורה, כריתות, מעילה, תמיד, מדות וקינים.","הסדר החמישי מששה סדרי משנה, ובו אחת עשרה מסכתות בדיני הקרבנות והמקדש: זבחים, מנחות, חולין, בכורות, ערכין, תמורה, כריתות, מעילה, תמיד, מדות וקינים."
"תלמוד בבלי/ראשונים/ריטב״א/סדר קדשים","","","הסדר החמישי מששה סדרי משנה, ובו אחת עשרה מסכתות בדיני הקרבנות והמקדש: זבחים, מנחות, חולין, בכורות, ערכין, תמורה, כריתות, מעילה, תמיד, מדות וקינים.","הסדר החמישי מששה סדרי משנה, ובו אחת עשרה מסכתות בדיני הקרבנות והמקדש: זבחים, מנחות, חולין, בכורות, ערכין, תמורה, כריתות, מעילה, תמיד, מדות וקינים."
"תלמוד בבלי/ראשונים/רשב״ם/סדר קדשים","","","הסדר החמישי מששה סדרי משנה, ובו אחת עשרה מסכתות בדיני הקרבנות והמקדש: זבחים, מנחות, חולין, בכורות, ערכין, תמורה, כריתות, מעילה, תמיד, מדות וקינים.","הסדר החמישי מששה סדרי משנה, ובו אחת עשרה מסכתות בדיני הקרבנות והמקדש: זבחים, מנחות, חולין, בכורות, ערכין, תמורה, כריתות, מעילה, תמיד, מדות וקינים."
"תלמוד בבלי/ראשונים/חידושי רמב״ן/סדר קדשים","","","הסדר החמישי מששה סדרי משנה, ובו אחת עשרה מסכתות בדיני הקרבנות והמקדש: זבחים, מנחות, חולין, בכורות, ערכין, תמורה, כריתות, מעילה, תמיד, מדות וקינים.","הסדר החמישי מששה סדרי משנה, ובו אחת עשרה מסכתות בדיני הקרבנות והמקדש: זבחים, מנחות, חולין, בכורות, ערכין, תמורה, כריתות, מעילה, תמיד, מדות וקינים."
"תלמוד בבלי/ראשונים/תוספות ישנים/סדר קדשים","","","הסדר החמישי מששה סדרי משנה, ובו אחת עשרה מסכתות בדיני הקרבנות והמקדש: זבחים, מנחות, חולין, בכורות, ערכין, תמורה, כריתות, מעילה, תמיד, מדות וקינים.","הסדר החמישי מששה סדרי משנה, ובו אחת עשרה מסכתות בדיני הקרבנות והמקדש: זבחים, מנחות, חולין, בכורות, ערכין, תמורה, כריתות, מעילה, תמיד, מדות וקינים."
"תלמוד בבלי/ראשונים/רא״ש/מפרשים/דברי חמודות/סדר קדשים","","","הסדר החמישי מששה סדרי משנה, ובו אחת עשרה מסכתות בדיני הקרבנות והמקדש: זבחים, מנחות, חולין, בכורות, ערכין, תמורה, כריתות, מעילה, תמיד, מדות וקינים.","הסדר החמישי מששה סדרי משנה, ובו אחת עשרה מסכתות בדיני הקרבנות והמקדש: זבחים, מנחות, חולין, בכורות, ערכין, תמורה, כריתות, מעילה, תמיד, מדות וקינים."
"תלמוד בבלי/ראשונים/רא״ש/מפרשים/מעדני יום טוב/סדר קדשים","","","הסדר החמישי מששה סדרי משנה, ובו אחת עשרה מסכתות בדיני הקרבנות והמקדש: זבחים, מנחות, חולין, בכורות, ערכין, תמורה, כריתות, מעילה, תמיד, מדות וקינים.","הסדר החמישי מששה סדרי משנה, ובו אחת עשרה מסכתות בדיני הקרבנות והמקדש: זבחים, מנחות, חולין, בכורות, ערכין, תמורה, כריתות, מעילה, תמיד, מדות וקינים."
"תלמוד בבלי/ראשונים/רא״ש/סדר קדשים","","","הסדר החמישי מששה סדרי משנה, ובו אחת עשרה מסכתות בדיני הקרבנות והמקדש: זבחים, מנחות, חולין, בכורות, ערכין, תמורה, כריתות, מעילה, תמיד, מדות וקינים.","הסדר החמישי מששה סדרי משנה, ובו אחת עשרה מסכתות בדיני הקרבנות והמקדש: זבחים, מנחות, חולין, בכורות, ערכין, תמורה, כריתות, מעילה, תמיד, מדות וקינים."
"תלמוד בבלי/ראשונים/פסקי תוספות/סדר קדשים","","","הסדר החמישי מששה סדרי משנה, ובו אחת עשרה מסכתות בדיני הקרבנות והמקדש: זבחים, מנחות, חולין, בכורות, ערכין, תמורה, כריתות, מעילה, תמיד, מדות וקינים.","הסדר החמישי מששה סדרי משנה, ובו אחת עשרה מסכתות בדיני הקרבנות והמקדש: זבחים, מנחות, חולין, בכורות, ערכין, תמורה, כריתות, מעילה, תמיד, מדות וקינים."
"תלמוד בבלי/ראשונים/רבינו גרשום/סדר קדשים","","","הסדר החמישי מששה סדרי משנה, ובו אחת עשרה מסכתות בדיני הקרבנות והמקדש: זבחים, מנחות, חולין, בכורות, ערכין, תמורה, כריתות, מעילה, תמיד, מדות וקינים.","הסדר החמישי מששה סדרי משנה, ובו אחת עשרה מסכתות בדיני הקרבנות והמקדש: זבחים, מנחות, חולין, בכורות, ערכין, תמורה, כריתות, מעילה, תמיד, מדות וקינים."
"תלמוד בבלי/ראשונים/רש״י/סדר קדשים","","","הסדר החמישי מששה סדרי משנה, ובו אחת עשרה מסכתות בדיני הקרבנות והמקדש: זבחים, מנחות, חולין, בכורות, ערכין, תמורה, כריתות, מעילה, תמיד, מדות וקינים.","הסדר החמישי מששה סדרי משנה, ובו אחת עשרה מסכתות בדיני הקרבנות והמקדש: זבחים, מנחות, חולין, בכורות, ערכין, תמורה, כריתות, מעילה, תמיד, מדות וקינים."
"תלמוד בבלי/ראשונים/מאירי/סדר קדשים","","","הסדר החמישי מששה סדרי משנה, ובו אחת עשרה מסכתות בדיני הקרבנות והמקדש: זבחים, מנחות, חולין, בכורות, ערכין, תמורה, כריתות, מעילה, תמיד, מדות וקינים.","הסדר החמישי מששה סדרי משנה, ובו אחת עשרה מסכתות בדיני הקרבנות והמקדש: זבחים, מנחות, חולין, בכורות, ערכין, תמורה, כריתות, מעילה, תמיד, מדות וקינים."
"תלמוד בבלי/ראשונים/פירוש הרא״ש/סדר קדשים","","","הסדר החמישי מששה סדרי משנה, ובו אחת עשרה מסכתות בדיני הקרבנות והמקדש: זבחים, מנחות, חולין, בכורות, ערכין, תמורה, כריתות, מעילה, תמיד, מדות וקינים.","הסדר החמישי מששה סדרי משנה, ובו אחת עשרה מסכתות בדיני הקרבנות והמקדש: זבחים, מנחות, חולין, בכורות, ערכין, תמורה, כריתות, מעילה, תמיד, מדות וקינים."
"תלמוד בבלי/ראשונים/כתב יד רש״י/סדר קדשים","","","הסדר החמישי מששה סדרי משנה, ובו אחת עשרה מסכתות בדיני הקרבנות והמקדש: זבחים, מנחות, חולין, בכורות, ערכין, תמורה, כריתות, מעילה, תמיד, מדות וקינים.","הסדר החמישי מששה סדרי משנה, ובו אחת עשרה מסכתות בדיני הקרבנות והמקדש: זבחים, מנחות, חולין, בכורות, ערכין, תמורה, כריתות, מעילה, תמיד, מדות וקינים."
"תלמוד בבלי/ראשונים/רי״ף/סדר קדשים","","","הסדר החמישי מששה סדרי משנה, ובו אחת עשרה מסכתות בדיני הקרבנות והמקדש: זבחים, מנחות, חולין, בכורות, ערכין, תמורה, כריתות, מעילה, תמיד, מדות וקינים.","הסדר החמישי מששה סדרי משנה, ובו אחת עשרה מסכתות בדיני הקרבנות והמקדש: זבחים, מנחות, חולין, בכורות, ערכין, תמורה, כריתות, מעילה, תמיד, מדות וקינים."
"תלמוד בבלי/ראשונים/רשב״א/סדר קדשים","","","הסדר החמישי מששה סדרי משנה, ובו אחת עשרה מסכתות בדיני הקרבנות והמקדש: זבחים, מנחות, חולין, בכורות, ערכין, תמורה, כריתות, מעילה, תמיד, מדות וקינים.","הסדר החמישי מששה סדרי משנה, ובו אחת עשרה מסכתות בדיני הקרבנות והמקדש: זבחים, מנחות, חולין, בכורות, ערכין, תמורה, כריתות, מעילה, תמיד, מדות וקינים."
"תלמוד בבלי/אחרונים/רש״ש/סדר קדשים","","","הסדר החמישי מששה סדרי משנה, ובו אחת עשרה מסכתות בדיני הקרבנות והמקדש: זבחים, מנחות, חולין, בכורות, ערכין, תמורה, כריתות, מעילה, תמיד, מדות וקינים.","הסדר החמישי מששה סדרי משנה, ובו אחת עשרה מסכתות בדיני הקרבנות והמקדש: זבחים, מנחות, חולין, בכורות, ערכין, תמורה, כריתות, מעילה, תמיד, מדות וקינים."
"תלמוד בבלי/אחרונים/שערי תורת בבל/סדר קדשים","","","הסדר החמישי מששה סדרי משנה, ובו אחת עשרה מסכתות בדיני הקרבנות והמקדש: זבחים, מנחות, חולין, בכורות, ערכין, תמורה, כריתות, מעילה, תמיד, מדות וקינים.","הסדר החמישי מששה סדרי משנה, ובו אחת עשרה מסכתות בדיני הקרבנות והמקדש: זבחים, מנחות, חולין, בכורות, ערכין, תמורה, כריתות, מעילה, תמיד, מדות וקינים."
"תלמוד בבלי/אחרונים/גליון הש״ס/סדר קדשים","","","הסדר החמישי מששה סדרי משנה, ובו אחת עשרה מסכתות בדיני הקרבנות והמקדש: זבחים, מנחות, חולין, בכורות, ערכין, תמורה, כריתות, מעילה, תמיד, מדות וקינים.","הסדר החמישי מששה סדרי משנה, ובו אחת עשרה מסכתות בדיני הקרבנות והמקדש: זבחים, מנחות, חולין, בכורות, ערכין, תמורה, כריתות, מעילה, תמיד, מדות וקינים."
"תלמוד בבלי/אחרונים/חכמת שלמה/סדר קדשים","","","הסדר החמישי מששה סדרי משנה, ובו אחת עשרה מסכתות בדיני הקרבנות והמקדש: זבחים, מנחות, חולין, בכורות, ערכין, תמורה, כריתות, מעילה, תמיד, מדות וקינים.","הסדר החמישי מששה סדרי משנה, ובו אחת עשרה מסכתות בדיני הקרבנות והמקדש: זבחים, מנחות, חולין, בכורות, ערכין, תמורה, כריתות, מעילה, תמיד, מדות וקינים."
"תלמוד בבלי/אחרונים/חידושי רבי עקיבא איגר/סדר קדשים","","","הסדר החמישי מששה סדרי משנה, ובו אחת עשרה מסכתות בדיני הקרבנות והמקדש: זבחים, מנחות, חולין, בכורות, ערכין, תמורה, כריתות, מעילה, תמיד, מדות וקינים.","הסדר החמישי מששה סדרי משנה, ובו אחת עשרה מסכתות בדיני הקרבנות והמקדש: זבחים, מנחות, חולין, בכורות, ערכין, תמורה, כריתות, מעילה, תמיד, מדות וקינים."
"תלמוד בבלי/אחרונים/פתח עינים/סדר קדשים","","","הסדר החמישי מששה סדרי משנה, ובו אחת עשרה מסכתות בדיני הקרבנות והמקדש: זבחים, מנחות, חולין, בכורות, ערכין, תמורה, כריתות, מעילה, תמיד, מדות וקינים.","הסדר החמישי מששה סדרי משנה, ובו אחת עשרה מסכתות בדיני הקרבנות והמקדש: זבחים, מנחות, חולין, בכורות, ערכין, תמורה, כריתות, מעילה, תמיד, מדות וקינים."
"תלמוד בבלי/אחרונים/מהר״ם שיף/סדר קדשים","","","הסדר החמישי מששה סדרי משנה, ובו אחת עשרה מסכתות בדיני הקרבנות והמקדש: זבחים, מנחות, חולין, בכורות, ערכין, תמורה, כריתות, מעילה, תמיד, מדות וקינים.","הסדר החמישי מששה סדרי משנה, ובו אחת עשרה מסכתות בדיני הקרבנות והמקדש: זבחים, מנחות, חולין, בכורות, ערכין, תמורה, כריתות, מעילה, תמיד, מדות וקינים."
"תלמוד בבלי/אחרונים/מראית העין/סדר קדשים","","","הסדר החמישי מששה סדרי משנה, ובו אחת עשרה מסכתות בדיני הקרבנות והמקדש: זבחים, מנחות, חולין, בכורות, ערכין, תמורה, כריתות, מעילה, תמיד, מדות וקינים.","הסדר החמישי מששה סדרי משנה, ובו אחת עשרה מסכתות בדיני הקרבנות והמקדש: זבחים, מנחות, חולין, בכורות, ערכין, תמורה, כריתות, מעילה, תמיד, מדות וקינים."
"תלמוד בבלי/אחרונים/מהר״ם/סדר קדשים","","","הסדר החמישי מששה סדרי משנה, ובו אחת עשרה מסכתות בדיני הקרבנות והמקדש: זבחים, מנחות, חולין, בכורות, ערכין, תמורה, כריתות, מעילה, תמיד, מדות וקינים.","הסדר החמישי מששה סדרי משנה, ובו אחת עשרה מסכתות בדיני הקרבנות והמקדש: זבחים, מנחות, חולין, בכורות, ערכין, תמורה, כריתות, מעילה, תמיד, מדות וקינים."
"תלמוד בבלי/אחרונים/חידושי אגדות/סדר קדשים","","","הסדר החמישי מששה סדרי משנה, ובו אחת עשרה מסכתות בדיני הקרבנות והמקדש: זבחים, מנחות, חולין, בכורות, ערכין, תמורה, כריתות, מעילה, תמיד, מדות וקינים.","הסדר החמישי מששה סדרי משנה, ובו אחת עשרה מסכתות בדיני הקרבנות והמקדש: זבחים, מנחות, חולין, בכורות, ערכין, תמורה, כריתות, מעילה, תמיד, מדות וקינים."
"תלמוד בבלי/אחרונים/חידושי הלכות/סדר קדשים","","","הסדר החמישי מששה סדרי משנה, ובו אחת עשרה מסכתות בדיני הקרבנות והמקדש: זבחים, מנחות, חולין, בכורות, ערכין, תמורה, כריתות, מעילה, תמיד, מדות וקינים.","הסדר החמישי מששה סדרי משנה, ובו אחת עשרה מסכתות בדיני הקרבנות והמקדש: זבחים, מנחות, חולין, בכורות, ערכין, תמורה, כריתות, מעילה, תמיד, מדות וקינים."
"תלמוד בבלי/אחרונים/הגהות יעב״ץ/סדר קדשים","","","הסדר החמישי מששה סדרי משנה, ובו אחת עשרה מסכתות בדיני הקרבנות והמקדש: זבחים, מנחות, חולין, בכורות, ערכין, תמורה, כריתות, מעילה, תמיד, מדות וקינים.","הסדר החמישי מששה סדרי משנה, ובו אחת עשרה מסכתות בדיני הקרבנות והמקדש: זבחים, מנחות, חולין, בכורות, ערכין, תמורה, כריתות, מעילה, תמיד, מדות וקינים."
"תלמוד בבלי/אחרונים/אור הישר/סדר קדשים","","","הסדר החמישי מששה סדרי משנה, ובו אחת עשרה מסכתות בדיני הקרבנות והמקדש: זבחים, מנחות, חולין, בכורות, ערכין, תמורה, כריתות, מעילה, תמיד, מדות וקינים.","הסדר החמישי מששה סדרי משנה, ובו אחת עשרה מסכתות בדיני הקרבנות והמקדש: זבחים, מנחות, חולין, בכורות, ערכין, תמורה, כריתות, מעילה, תמיד, מדות וקינים."
"תלמוד בבלי/אחרונים/בית מאיר/סדר קדשים","","","הסדר החמישי מששה סדרי משנה, ובו אחת עשרה מסכתות בדיני הקרבנות והמקדש: זבחים, מנחות, חולין, בכורות, ערכין, תמורה, כריתות, מעילה, תמיד, מדות וקינים.","הסדר החמישי מששה סדרי משנה, ובו אחת עשרה מסכתות בדיני הקרבנות והמקדש: זבחים, מנחות, חולין, בכורות, ערכין, תמורה, כריתות, מעילה, תמיד, מדות וקינים."
"תלמוד בבלי/אחרונים/לבוש מרדכי/סדר קדשים","","","הסדר החמישי מששה סדרי משנה, ובו אחת עשרה מסכתות בדיני הקרבנות והמקדש: זבחים, מנחות, חולין, בכורות, ערכין, תמורה, כריתות, מעילה, תמיד, מדות וקינים.","הסדר החמישי מששה סדרי משנה, ובו אחת עשרה מסכתות בדיני הקרבנות והמקדש: זבחים, מנחות, חולין, בכורות, ערכין, תמורה, כריתות, מעילה, תמיד, מדות וקינים."
"תלמוד בבלי/אחרונים/קרן אורה/סדר קדשים","","","הסדר החמישי מששה סדרי משנה, ובו אחת עשרה מסכתות בדיני הקרבנות והמקדש: זבחים, מנחות, חולין, בכורות, ערכין, תמורה, כריתות, מעילה, תמיד, מדות וקינים.","הסדר החמישי מששה סדרי משנה, ובו אחת עשרה מסכתות בדיני הקרבנות והמקדש: זבחים, מנחות, חולין, בכורות, ערכין, תמורה, כריתות, מעילה, תמיד, מדות וקינים."
"תלמוד בבלי/אחרונים/שפת אמת/סדר קדשים","","","הסדר החמישי מששה סדרי משנה, ובו אחת עשרה מסכתות בדיני הקרבנות והמקדש: זבחים, מנחות, חולין, בכורות, ערכין, תמורה, כריתות, מעילה, תמיד, מדות וקינים.","הסדר החמישי מששה סדרי משנה, ובו אחת עשרה מסכתות בדיני הקרבנות והמקדש: זבחים, מנחות, חולין, בכורות, ערכין, תמורה, כריתות, מעילה, תמיד, מדות וקינים."
"הלכה/משנה תורה/ספר אהבה","","","השני שבארבעה עשר: המצוות שחיובן תמידי — קריאת שמע, תפילה, תפילין, ציצית, ברכות ומילה.","השני שבארבעה עשר: המצוות שחיובן תמידי — קריאת שמע, תפילה, תפילין, ציצית, ברכות ומילה."
"הלכה/משנה תורה/מפרשים/חידושים ומקורים מבעל מנחת חינוך/ספר אהבה","","","השני שבארבעה עשר: המצוות שחיובן תמידי — קריאת שמע, תפילה, תפילין, ציצית, ברכות ומילה.","השני שבארבעה עשר: המצוות שחיובן תמידי — קריאת שמע, תפילה, תפילין, ציצית, ברכות ומילה."
"הלכה/משנה תורה/מפרשים/לחם משנה/ספר אהבה","","","השני שבארבעה עשר: המצוות שחיובן תמידי — קריאת שמע, תפילה, תפילין, ציצית, ברכות ומילה.","השני שבארבעה עשר: המצוות שחיובן תמידי — קריאת שמע, תפילה, תפילין, ציצית, ברכות ומילה."
"הלכה/משנה תורה/מפרשים/מעשה רקח/ספר אהבה","","","השני שבארבעה עשר: המצוות שחיובן תמידי — קריאת שמע, תפילה, תפילין, ציצית, ברכות ומילה.","השני שבארבעה עשר: המצוות שחיובן תמידי — קריאת שמע, תפילה, תפילין, ציצית, ברכות ומילה."
"הלכה/משנה תורה/מפרשים/אור שמח/ספר אהבה","","","השני שבארבעה עשר: המצוות שחיובן תמידי — קריאת שמע, תפילה, תפילין, ציצית, ברכות ומילה.","השני שבארבעה עשר: המצוות שחיובן תמידי — קריאת שמע, תפילה, תפילין, ציצית, ברכות ומילה."
"הלכה/משנה תורה/מפרשים/כסף משנה/ספר אהבה","","","השני שבארבעה עשר: המצוות שחיובן תמידי — קריאת שמע, תפילה, תפילין, ציצית, ברכות ומילה.","השני שבארבעה עשר: המצוות שחיובן תמידי — קריאת שמע, תפילה, תפילין, ציצית, ברכות ומילה."
"הלכה/משנה תורה/מפרשים/שורשי הים/ספר אהבה","","","השני שבארבעה עשר: המצוות שחיובן תמידי — קריאת שמע, תפילה, תפילין, ציצית, ברכות ומילה.","השני שבארבעה עשר: המצוות שחיובן תמידי — קריאת שמע, תפילה, תפילין, ציצית, ברכות ומילה."
"הלכה/משנה תורה/מפרשים/חידושי רבי עקיבא איגר/ספר אהבה","","","השני שבארבעה עשר: המצוות שחיובן תמידי — קריאת שמע, תפילה, תפילין, ציצית, ברכות ומילה.","השני שבארבעה עשר: המצוות שחיובן תמידי — קריאת שמע, תפילה, תפילין, ציצית, ברכות ומילה."
"הלכה/משנה תורה/מפרשים/אבן האזל/ספר אהבה","","","השני שבארבעה עשר: המצוות שחיובן תמידי — קריאת שמע, תפילה, תפילין, ציצית, ברכות ומילה.","השני שבארבעה עשר: המצוות שחיובן תמידי — קריאת שמע, תפילה, תפילין, ציצית, ברכות ומילה."
"הלכה/משנה תורה/מפרשים/נחל איתן/ספר אהבה","","","השני שבארבעה עשר: המצוות שחיובן תמידי — קריאת שמע, תפילה, תפילין, ציצית, ברכות ומילה.","השני שבארבעה עשר: המצוות שחיובן תמידי — קריאת שמע, תפילה, תפילין, ציצית, ברכות ומילה."
"הלכה/משנה תורה/מפרשים/צפנת פענח/ספר אהבה","","","השני שבארבעה עשר: המצוות שחיובן תמידי — קריאת שמע, תפילה, תפילין, ציצית, ברכות ומילה.","השני שבארבעה עשר: המצוות שחיובן תמידי — קריאת שמע, תפילה, תפילין, ציצית, ברכות ומילה."
"הלכה/משנה תורה/מפרשים/משנה למלך/ספר אהבה","","","השני שבארבעה עשר: המצוות שחיובן תמידי — קריאת שמע, תפילה, תפילין, ציצית, ברכות ומילה.","השני שבארבעה עשר: המצוות שחיובן תמידי — קריאת שמע, תפילה, תפילין, ציצית, ברכות ומילה."
"הלכה/משנה תורה/מפרשים/יצחק ירנן/ספר אהבה","","","השני שבארבעה עשר: המצוות שחיובן תמידי — קריאת שמע, תפילה, תפילין, ציצית, ברכות ומילה.","השני שבארבעה עשר: המצוות שחיובן תמידי — קריאת שמע, תפילה, תפילין, ציצית, ברכות ומילה."
"הלכה/משנה תורה/מפרשים/ציוני מהר״ן/ספר אהבה","","","השני שבארבעה עשר: המצוות שחיובן תמידי — קריאת שמע, תפילה, תפילין, ציצית, ברכות ומילה.","השני שבארבעה עשר: המצוות שחיובן תמידי — קריאת שמע, תפילה, תפילין, ציצית, ברכות ומילה."
"הלכה/משנה תורה/מפרשים/שער המלך/ספר אהבה","","","השני שבארבעה עשר: המצוות שחיובן תמידי — קריאת שמע, תפילה, תפילין, ציצית, ברכות ומילה.","השני שבארבעה עשר: המצוות שחיובן תמידי — קריאת שמע, תפילה, תפילין, ציצית, ברכות ומילה."
"הלכה/משנה תורה/מפרשים/הגהות מהר״ם פדווא/ספר אהבה","","","השני שבארבעה עשר: המצוות שחיובן תמידי — קריאת שמע, תפילה, תפילין, ציצית, ברכות ומילה.","השני שבארבעה עשר: המצוות שחיובן תמידי — קריאת שמע, תפילה, תפילין, ציצית, ברכות ומילה."
"הלכה/משנה תורה/מפרשים/מקורי הרמב״ם לרש״ש/ספר אהבה","","","השני שבארבעה עשר: המצוות שחיובן תמידי — קריאת שמע, תפילה, תפילין, ציצית, ברכות ומילה.","השני שבארבעה עשר: המצוות שחיובן תמידי — קריאת שמע, תפילה, תפילין, ציצית, ברכות ומילה."
"הלכה/משנה תורה/מפרשים/קרית ספר/ספר אהבה","","","השני שבארבעה עשר: המצוות שחיובן תמידי — קריאת שמע, תפילה, תפילין, ציצית, ברכות ומילה.","השני שבארבעה עשר: המצוות שחיובן תמידי — קריאת שמע, תפילה, תפילין, ציצית, ברכות ומילה."
"הלכה/משנה תורה/מפרשים/מלאכת שלמה/ספר אהבה","","","השני שבארבעה עשר: המצוות שחיובן תמידי — קריאת שמע, תפילה, תפילין, ציצית, ברכות ומילה.","השני שבארבעה עשר: המצוות שחיובן תמידי — קריאת שמע, תפילה, תפילין, ציצית, ברכות ומילה."
"הלכה/משנה תורה/מפרשים/חידושים ומקורים מהר״ץ חיות/ספר אהבה","","","השני שבארבעה עשר: המצוות שחיובן תמידי — קריאת שמע, תפילה, תפילין, ציצית, ברכות ומילה.","השני שבארבעה עשר: המצוות שחיובן תמידי — קריאת שמע, תפילה, תפילין, ציצית, ברכות ומילה."
"הלכה/משנה תורה/מפרשים/ברכת אברהם/ספר אהבה","","","השני שבארבעה עשר: המצוות שחיובן תמידי — קריאת שמע, תפילה, תפילין, ציצית, ברכות ומילה.","השני שבארבעה עשר: המצוות שחיובן תמידי — קריאת שמע, תפילה, תפילין, ציצית, ברכות ומילה."
"הלכה/משנה תורה/מפרשים/חידושים והגהות הגרי״ב/ספר אהבה","","","השני שבארבעה עשר: המצוות שחיובן תמידי — קריאת שמע, תפילה, תפילין, ציצית, ברכות ומילה.","השני שבארבעה עשר: המצוות שחיובן תמידי — קריאת שמע, תפילה, תפילין, ציצית, ברכות ומילה."
"הלכה/משנה תורה/מפרשים/השגות הראב״ד/ספר אהבה","","","השני שבארבעה עשר: המצוות שחיובן תמידי — קריאת שמע, תפילה, תפילין, ציצית, ברכות ומילה.","השני שבארבעה עשר: המצוות שחיובן תמידי — קריאת שמע, תפילה, תפילין, ציצית, ברכות ומילה."
"הלכה/משנה תורה/מפרשים/דברי ירמיהו/ספר אהבה","","","השני שבארבעה עשר: המצוות שחיובן תמידי — קריאת שמע, תפילה, תפילין, ציצית, ברכות ומילה.","השני שבארבעה עשר: המצוות שחיובן תמידי — קריאת שמע, תפילה, תפילין, ציצית, ברכות ומילה."
"הלכה/משנה תורה/מפרשים/לב שלם/ספר אהבה","","","השני שבארבעה עשר: המצוות שחיובן תמידי — קריאת שמע, תפילה, תפילין, ציצית, ברכות ומילה.","השני שבארבעה עשר: המצוות שחיובן תמידי — קריאת שמע, תפילה, תפילין, ציצית, ברכות ומילה."
"הלכה/משנה תורה/מפרשים/קובץ על היד החזקה/ספר אהבה","","","השני שבארבעה עשר: המצוות שחיובן תמידי — קריאת שמע, תפילה, תפילין, ציצית, ברכות ומילה.","השני שבארבעה עשר: המצוות שחיובן תמידי — קריאת שמע, תפילה, תפילין, ציצית, ברכות ומילה."
"הלכה/משנה תורה/מפרשים/מגדל עוז/ספר אהבה","","","השני שבארבעה עשר: המצוות שחיובן תמידי — קריאת שמע, תפילה, תפילין, ציצית, ברכות ומילה.","השני שבארבעה עשר: המצוות שחיובן תמידי — קריאת שמע, תפילה, תפילין, ציצית, ברכות ומילה."
"הלכה/משנה תורה/מפרשים/יד דוד/ספר אהבה","","","השני שבארבעה עשר: המצוות שחיובן תמידי — קריאת שמע, תפילה, תפילין, ציצית, ברכות ומילה.","השני שבארבעה עשר: המצוות שחיובן תמידי — קריאת שמע, תפילה, תפילין, ציצית, ברכות ומילה."
"הלכה/משנה תורה/מפרשים/קונטרס תשובה מיראה/ספר אהבה","","","השני שבארבעה עשר: המצוות שחיובן תמידי — קריאת שמע, תפילה, תפילין, ציצית, ברכות ומילה.","השני שבארבעה עשר: המצוות שחיובן תמידי — קריאת שמע, תפילה, תפילין, ציצית, ברכות ומילה."
"הלכה/משנה תורה/מפרשים/בני בנימין/ספר אהבה","","","השני שבארבעה עשר: המצוות שחיובן תמידי — קריאת שמע, תפילה, תפילין, ציצית, ברכות ומילה.","השני שבארבעה עשר: המצוות שחיובן תמידי — קריאת שמע, תפילה, תפילין, ציצית, ברכות ומילה."
"הלכה/משנה תורה/מפרשים/בן אריה/ספר אהבה","","","השני שבארבעה עשר: המצוות שחיובן תמידי — קריאת שמע, תפילה, תפילין, ציצית, ברכות ומילה.","השני שבארבעה עשר: המצוות שחיובן תמידי — קריאת שמע, תפילה, תפילין, ציצית, ברכות ומילה."
"הלכה/משנה תורה/מפרשים/יד איתן/ספר אהבה","","","השני שבארבעה עשר: המצוות שחיובן תמידי — קריאת שמע, תפילה, תפילין, ציצית, ברכות ומילה.","השני שבארבעה עשר: המצוות שחיובן תמידי — קריאת שמע, תפילה, תפילין, ציצית, ברכות ומילה."
"תלמוד בבלי/ראשונים/רי״ף/מפרשים/ספר הזכות","","","פירוש והערות מאת רבנו משה בן נחמן [הרמב""ן] ז""ל על מסכת גיטין. חובר בערך ד'תתקמ""ה. מרבותיו: רבי יהודה בר יקר · רבי עזרא בן שלמה (חכמת הקבלה), ותלמידיו הרא""ה · הרשב""א · רבי נתן בר יוסף · רבי שמואל בר יצחק הסרדי.","פירוש והערות מאת רבנו משה בן נחמן [הרמב""ן] ז""ל על מסכת גיטין. חובר בערך ד'תתקמ""ה. מרבותיו: רבי יהודה בר יקר · רבי עזרא בן שלמה (חכמת הקבלה), ותלמידיו הרא""ה · הרשב""א · רבי נתן בר יוסף · רבי שמואל בר יצחק הסרדי."
"הלכה/משנה תורה/מפרשים/ספר המנוחה","","","פירוש על משנה תורה להרמב""ם מאת רבנו מנוח בן יעקב ז""ל, מחכמי פרובנס. חובר בערך ה'נ'.","פירוש על משנה תורה להרמב""ם מאת רבנו מנוח בן יעקב ז""ל, מחכמי פרובנס. חובר בערך ה'נ'."
"הלכה/משנה תורה/ספר הפלאה","","","השישי שבארבעה עשר: דברים שאדם אוסר על עצמו בפיו — שבועות, נדרים, נזירות וערכין.","השישי שבארבעה עשר: דברים שאדם אוסר על עצמו בפיו — שבועות, נדרים, נזירות וערכין."
"הלכה/משנה תורה/מפרשים/חידושים ומקורים מבעל מנחת חינוך/ספר הפלאה","","","השישי שבארבעה עשר: דברים שאדם אוסר על עצמו בפיו — שבועות, נדרים, נזירות וערכין.","השישי שבארבעה עשר: דברים שאדם אוסר על עצמו בפיו — שבועות, נדרים, נזירות וערכין."
"הלכה/משנה תורה/מפרשים/לחם משנה/ספר הפלאה","","","השישי שבארבעה עשר: דברים שאדם אוסר על עצמו בפיו — שבועות, נדרים, נזירות וערכין.","השישי שבארבעה עשר: דברים שאדם אוסר על עצמו בפיו — שבועות, נדרים, נזירות וערכין."
"הלכה/משנה תורה/מפרשים/מעשה רקח/ספר הפלאה","","","השישי שבארבעה עשר: דברים שאדם אוסר על עצמו בפיו — שבועות, נדרים, נזירות וערכין.","השישי שבארבעה עשר: דברים שאדם אוסר על עצמו בפיו — שבועות, נדרים, נזירות וערכין."
"הלכה/משנה תורה/מפרשים/אור שמח/ספר הפלאה","","","השישי שבארבעה עשר: דברים שאדם אוסר על עצמו בפיו — שבועות, נדרים, נזירות וערכין.","השישי שבארבעה עשר: דברים שאדם אוסר על עצמו בפיו — שבועות, נדרים, נזירות וערכין."
"הלכה/משנה תורה/מפרשים/כסף משנה/ספר הפלאה","","","השישי שבארבעה עשר: דברים שאדם אוסר על עצמו בפיו — שבועות, נדרים, נזירות וערכין.","השישי שבארבעה עשר: דברים שאדם אוסר על עצמו בפיו — שבועות, נדרים, נזירות וערכין."
"הלכה/משנה תורה/מפרשים/שורשי הים/ספר הפלאה","","","השישי שבארבעה עשר: דברים שאדם אוסר על עצמו בפיו — שבועות, נדרים, נזירות וערכין.","השישי שבארבעה עשר: דברים שאדם אוסר על עצמו בפיו — שבועות, נדרים, נזירות וערכין."
"הלכה/משנה תורה/מפרשים/צפנת פענח/ספר הפלאה","","","השישי שבארבעה עשר: דברים שאדם אוסר על עצמו בפיו — שבועות, נדרים, נזירות וערכין.","השישי שבארבעה עשר: דברים שאדם אוסר על עצמו בפיו — שבועות, נדרים, נזירות וערכין."
"הלכה/משנה תורה/מפרשים/משנה למלך/ספר הפלאה","","","השישי שבארבעה עשר: דברים שאדם אוסר על עצמו בפיו — שבועות, נדרים, נזירות וערכין.","השישי שבארבעה עשר: דברים שאדם אוסר על עצמו בפיו — שבועות, נדרים, נזירות וערכין."
"הלכה/משנה תורה/מפרשים/יצחק ירנן/ספר הפלאה","","","השישי שבארבעה עשר: דברים שאדם אוסר על עצמו בפיו — שבועות, נדרים, נזירות וערכין.","השישי שבארבעה עשר: דברים שאדם אוסר על עצמו בפיו — שבועות, נדרים, נזירות וערכין."
"הלכה/משנה תורה/מפרשים/ציוני מהר״ן/ספר הפלאה","","","השישי שבארבעה עשר: דברים שאדם אוסר על עצמו בפיו — שבועות, נדרים, נזירות וערכין.","השישי שבארבעה עשר: דברים שאדם אוסר על עצמו בפיו — שבועות, נדרים, נזירות וערכין."
"הלכה/משנה תורה/מפרשים/שער המלך/ספר הפלאה","","","השישי שבארבעה עשר: דברים שאדם אוסר על עצמו בפיו — שבועות, נדרים, נזירות וערכין.","השישי שבארבעה עשר: דברים שאדם אוסר על עצמו בפיו — שבועות, נדרים, נזירות וערכין."
"הלכה/משנה תורה/מפרשים/הגהות מהר״ם פדווא/ספר הפלאה","","","השישי שבארבעה עשר: דברים שאדם אוסר על עצמו בפיו — שבועות, נדרים, נזירות וערכין.","השישי שבארבעה עשר: דברים שאדם אוסר על עצמו בפיו — שבועות, נדרים, נזירות וערכין."
"הלכה/משנה תורה/מפרשים/מקורי הרמב״ם לרש״ש/ספר הפלאה","","","השישי שבארבעה עשר: דברים שאדם אוסר על עצמו בפיו — שבועות, נדרים, נזירות וערכין.","השישי שבארבעה עשר: דברים שאדם אוסר על עצמו בפיו — שבועות, נדרים, נזירות וערכין."
"הלכה/משנה תורה/מפרשים/חשק שלמה/ספר הפלאה","","","השישי שבארבעה עשר: דברים שאדם אוסר על עצמו בפיו — שבועות, נדרים, נזירות וערכין.","השישי שבארבעה עשר: דברים שאדם אוסר על עצמו בפיו — שבועות, נדרים, נזירות וערכין."
"הלכה/משנה תורה/מפרשים/קרית ספר/ספר הפלאה","","","השישי שבארבעה עשר: דברים שאדם אוסר על עצמו בפיו — שבועות, נדרים, נזירות וערכין.","השישי שבארבעה עשר: דברים שאדם אוסר על עצמו בפיו — שבועות, נדרים, נזירות וערכין."
"הלכה/משנה תורה/מפרשים/מלאכת שלמה/ספר הפלאה","","","השישי שבארבעה עשר: דברים שאדם אוסר על עצמו בפיו — שבועות, נדרים, נזירות וערכין.","השישי שבארבעה עשר: דברים שאדם אוסר על עצמו בפיו — שבועות, נדרים, נזירות וערכין."
"הלכה/משנה תורה/מפרשים/ברכת אברהם/ספר הפלאה","","","השישי שבארבעה עשר: דברים שאדם אוסר על עצמו בפיו — שבועות, נדרים, נזירות וערכין.","השישי שבארבעה עשר: דברים שאדם אוסר על עצמו בפיו — שבועות, נדרים, נזירות וערכין."
"הלכה/משנה תורה/מפרשים/חידושים מהגאון בעל מחנה אפרים/ספר הפלאה","","","השישי שבארבעה עשר: דברים שאדם אוסר על עצמו בפיו — שבועות, נדרים, נזירות וערכין.","השישי שבארבעה עשר: דברים שאדם אוסר על עצמו בפיו — שבועות, נדרים, נזירות וערכין."
"הלכה/משנה תורה/מפרשים/השגות הראב״ד/ספר הפלאה","","","השישי שבארבעה עשר: דברים שאדם אוסר על עצמו בפיו — שבועות, נדרים, נזירות וערכין.","השישי שבארבעה עשר: דברים שאדם אוסר על עצמו בפיו — שבועות, נדרים, נזירות וערכין."
"הלכה/משנה תורה/מפרשים/מגדל עוז/ספר הפלאה","","","השישי שבארבעה עשר: דברים שאדם אוסר על עצמו בפיו — שבועות, נדרים, נזירות וערכין.","השישי שבארבעה עשר: דברים שאדם אוסר על עצמו בפיו — שבועות, נדרים, נזירות וערכין."
"הלכה/משנה תורה/מפרשים/יד דוד/ספר הפלאה","","","השישי שבארבעה עשר: דברים שאדם אוסר על עצמו בפיו — שבועות, נדרים, נזירות וערכין.","השישי שבארבעה עשר: דברים שאדם אוסר על עצמו בפיו — שבועות, נדרים, נזירות וערכין."
"הלכה/משנה תורה/מפרשים/קונטרס תשובה מיראה/ספר הפלאה","","","השישי שבארבעה עשר: דברים שאדם אוסר על עצמו בפיו — שבועות, נדרים, נזירות וערכין.","השישי שבארבעה עשר: דברים שאדם אוסר על עצמו בפיו — שבועות, נדרים, נזירות וערכין."
"הלכה/משנה תורה/מפרשים/בן אריה/ספר הפלאה","","","השישי שבארבעה עשר: דברים שאדם אוסר על עצמו בפיו — שבועות, נדרים, נזירות וערכין.","השישי שבארבעה עשר: דברים שאדם אוסר על עצמו בפיו — שבועות, נדרים, נזירות וערכין."
"הלכה/משנה תורה/מפרשים/יד איתן/ספר הפלאה","","","השישי שבארבעה עשר: דברים שאדם אוסר על עצמו בפיו — שבועות, נדרים, נזירות וערכין.","השישי שבארבעה עשר: דברים שאדם אוסר על עצמו בפיו — שבועות, נדרים, נזירות וערכין."
"הלכה/משנה תורה/ספר זמנים","","","השלישי שבארבעה עשר: מצוות התלויות בזמנים — שבת ועירובין, יום טוב, חמץ ומצה, שופר סוכה ולולב, קידוש החודש, תעניות ומגילה.","השלישי שבארבעה עשר: מצוות התלויות בזמנים — שבת ועירובין, יום טוב, חמץ ומצה, שופר סוכה ולולב, קידוש החודש, תעניות ומגילה."
"הלכה/משנה תורה/מפרשים/חידושים ומקורים מבעל מנחת חינוך/ספר זמנים","","","השלישי שבארבעה עשר: מצוות התלויות בזמנים — שבת ועירובין, יום טוב, חמץ ומצה, שופר סוכה ולולב, קידוש החודש, תעניות ומגילה.","השלישי שבארבעה עשר: מצוות התלויות בזמנים — שבת ועירובין, יום טוב, חמץ ומצה, שופר סוכה ולולב, קידוש החודש, תעניות ומגילה."
"הלכה/משנה תורה/מפרשים/לחם משנה/ספר זמנים","","","השלישי שבארבעה עשר: מצוות התלויות בזמנים — שבת ועירובין, יום טוב, חמץ ומצה, שופר סוכה ולולב, קידוש החודש, תעניות ומגילה.","השלישי שבארבעה עשר: מצוות התלויות בזמנים — שבת ועירובין, יום טוב, חמץ ומצה, שופר סוכה ולולב, קידוש החודש, תעניות ומגילה."
"הלכה/משנה תורה/מפרשים/מעשה רקח/ספר זמנים","","","השלישי שבארבעה עשר: מצוות התלויות בזמנים — שבת ועירובין, יום טוב, חמץ ומצה, שופר סוכה ולולב, קידוש החודש, תעניות ומגילה.","השלישי שבארבעה עשר: מצוות התלויות בזמנים — שבת ועירובין, יום טוב, חמץ ומצה, שופר סוכה ולולב, קידוש החודש, תעניות ומגילה."
"הלכה/משנה תורה/מפרשים/אור שמח/ספר זמנים","","","השלישי שבארבעה עשר: מצוות התלויות בזמנים — שבת ועירובין, יום טוב, חמץ ומצה, שופר סוכה ולולב, קידוש החודש, תעניות ומגילה.","השלישי שבארבעה עשר: מצוות התלויות בזמנים — שבת ועירובין, יום טוב, חמץ ומצה, שופר סוכה ולולב, קידוש החודש, תעניות ומגילה."
"הלכה/משנה תורה/מפרשים/כסף משנה/ספר זמנים","","","השלישי שבארבעה עשר: מצוות התלויות בזמנים — שבת ועירובין, יום טוב, חמץ ומצה, שופר סוכה ולולב, קידוש החודש, תעניות ומגילה.","השלישי שבארבעה עשר: מצוות התלויות בזמנים — שבת ועירובין, יום טוב, חמץ ומצה, שופר סוכה ולולב, קידוש החודש, תעניות ומגילה."
"הלכה/משנה תורה/מפרשים/מגיד משנה/ספר זמנים","","","השלישי שבארבעה עשר: מצוות התלויות בזמנים — שבת ועירובין, יום טוב, חמץ ומצה, שופר סוכה ולולב, קידוש החודש, תעניות ומגילה.","השלישי שבארבעה עשר: מצוות התלויות בזמנים — שבת ועירובין, יום טוב, חמץ ומצה, שופר סוכה ולולב, קידוש החודש, תעניות ומגילה."
"הלכה/משנה תורה/מפרשים/חידושים ומקורים מהרב זלמן מווילנא/ספר זמנים","","","השלישי שבארבעה עשר: מצוות התלויות בזמנים — שבת ועירובין, יום טוב, חמץ ומצה, שופר סוכה ולולב, קידוש החודש, תעניות ומגילה.","השלישי שבארבעה עשר: מצוות התלויות בזמנים — שבת ועירובין, יום טוב, חמץ ומצה, שופר סוכה ולולב, קידוש החודש, תעניות ומגילה."
"הלכה/משנה תורה/מפרשים/בינה לעתים/ספר זמנים","","","השלישי שבארבעה עשר: מצוות התלויות בזמנים — שבת ועירובין, יום טוב, חמץ ומצה, שופר סוכה ולולב, קידוש החודש, תעניות ומגילה.","השלישי שבארבעה עשר: מצוות התלויות בזמנים — שבת ועירובין, יום טוב, חמץ ומצה, שופר סוכה ולולב, קידוש החודש, תעניות ומגילה."
"הלכה/משנה תורה/מפרשים/שורשי הים/ספר זמנים","","","השלישי שבארבעה עשר: מצוות התלויות בזמנים — שבת ועירובין, יום טוב, חמץ ומצה, שופר סוכה ולולב, קידוש החודש, תעניות ומגילה.","השלישי שבארבעה עשר: מצוות התלויות בזמנים — שבת ועירובין, יום טוב, חמץ ומצה, שופר סוכה ולולב, קידוש החודש, תעניות ומגילה."
"הלכה/משנה תורה/מפרשים/חידושי רבי עקיבא איגר/ספר זמנים","","","השלישי שבארבעה עשר: מצוות התלויות בזמנים — שבת ועירובין, יום טוב, חמץ ומצה, שופר סוכה ולולב, קידוש החודש, תעניות ומגילה.","השלישי שבארבעה עשר: מצוות התלויות בזמנים — שבת ועירובין, יום טוב, חמץ ומצה, שופר סוכה ולולב, קידוש החודש, תעניות ומגילה."
"הלכה/משנה תורה/מפרשים/אבן האזל/ספר זמנים","","","השלישי שבארבעה עשר: מצוות התלויות בזמנים — שבת ועירובין, יום טוב, חמץ ומצה, שופר סוכה ולולב, קידוש החודש, תעניות ומגילה.","השלישי שבארבעה עשר: מצוות התלויות בזמנים — שבת ועירובין, יום טוב, חמץ ומצה, שופר סוכה ולולב, קידוש החודש, תעניות ומגילה."
"הלכה/משנה תורה/מפרשים/נחל איתן/ספר זמנים","","","השלישי שבארבעה עשר: מצוות התלויות בזמנים — שבת ועירובין, יום טוב, חמץ ומצה, שופר סוכה ולולב, קידוש החודש, תעניות ומגילה.","השלישי שבארבעה עשר: מצוות התלויות בזמנים — שבת ועירובין, יום טוב, חמץ ומצה, שופר סוכה ולולב, קידוש החודש, תעניות ומגילה."
"הלכה/משנה תורה/מפרשים/ספר המנוחה/ספר זמנים","","","השלישי שבארבעה עשר: מצוות התלויות בזמנים — שבת ועירובין, יום טוב, חמץ ומצה, שופר סוכה ולולב, קידוש החודש, תעניות ומגילה.","השלישי שבארבעה עשר: מצוות התלויות בזמנים — שבת ועירובין, יום טוב, חמץ ומצה, שופר סוכה ולולב, קידוש החודש, תעניות ומגילה."
"הלכה/משנה תורה/מפרשים/צפנת פענח/ספר זמנים","","","השלישי שבארבעה עשר: מצוות התלויות בזמנים — שבת ועירובין, יום טוב, חמץ ומצה, שופר סוכה ולולב, קידוש החודש, תעניות ומגילה.","השלישי שבארבעה עשר: מצוות התלויות בזמנים — שבת ועירובין, יום טוב, חמץ ומצה, שופר סוכה ולולב, קידוש החודש, תעניות ומגילה."
"הלכה/משנה תורה/מפרשים/משנה למלך/ספר זמנים","","","השלישי שבארבעה עשר: מצוות התלויות בזמנים — שבת ועירובין, יום טוב, חמץ ומצה, שופר סוכה ולולב, קידוש החודש, תעניות ומגילה.","השלישי שבארבעה עשר: מצוות התלויות בזמנים — שבת ועירובין, יום טוב, חמץ ומצה, שופר סוכה ולולב, קידוש החודש, תעניות ומגילה."
"הלכה/משנה תורה/מפרשים/יצחק ירנן/ספר זמנים","","","השלישי שבארבעה עשר: מצוות התלויות בזמנים — שבת ועירובין, יום טוב, חמץ ומצה, שופר סוכה ולולב, קידוש החודש, תעניות ומגילה.","השלישי שבארבעה עשר: מצוות התלויות בזמנים — שבת ועירובין, יום טוב, חמץ ומצה, שופר סוכה ולולב, קידוש החודש, תעניות ומגילה."
"הלכה/משנה תורה/מפרשים/ציוני מהר״ן/ספר זמנים","","","השלישי שבארבעה עשר: מצוות התלויות בזמנים — שבת ועירובין, יום טוב, חמץ ומצה, שופר סוכה ולולב, קידוש החודש, תעניות ומגילה.","השלישי שבארבעה עשר: מצוות התלויות בזמנים — שבת ועירובין, יום טוב, חמץ ומצה, שופר סוכה ולולב, קידוש החודש, תעניות ומגילה."
"הלכה/משנה תורה/מפרשים/שער המלך/ספר זמנים","","","השלישי שבארבעה עשר: מצוות התלויות בזמנים — שבת ועירובין, יום טוב, חמץ ומצה, שופר סוכה ולולב, קידוש החודש, תעניות ומגילה.","השלישי שבארבעה עשר: מצוות התלויות בזמנים — שבת ועירובין, יום טוב, חמץ ומצה, שופר סוכה ולולב, קידוש החודש, תעניות ומגילה."
"הלכה/משנה תורה/מפרשים/הגהות מהר״ם פדווא/ספר זמנים","","","השלישי שבארבעה עשר: מצוות התלויות בזמנים — שבת ועירובין, יום טוב, חמץ ומצה, שופר סוכה ולולב, קידוש החודש, תעניות ומגילה.","השלישי שבארבעה עשר: מצוות התלויות בזמנים — שבת ועירובין, יום טוב, חמץ ומצה, שופר סוכה ולולב, קידוש החודש, תעניות ומגילה."
"הלכה/משנה תורה/מפרשים/מקורי הרמב״ם לרש״ש/ספר זמנים","","","השלישי שבארבעה עשר: מצוות התלויות בזמנים — שבת ועירובין, יום טוב, חמץ ומצה, שופר סוכה ולולב, קידוש החודש, תעניות ומגילה.","השלישי שבארבעה עשר: מצוות התלויות בזמנים — שבת ועירובין, יום טוב, חמץ ומצה, שופר סוכה ולולב, קידוש החודש, תעניות ומגילה."
"הלכה/משנה תורה/מפרשים/קרית ספר/ספר זמנים","","","השלישי שבארבעה עשר: מצוות התלויות בזמנים — שבת ועירובין, יום טוב, חמץ ומצה, שופר סוכה ולולב, קידוש החודש, תעניות ומגילה.","השלישי שבארבעה עשר: מצוות התלויות בזמנים — שבת ועירובין, יום טוב, חמץ ומצה, שופר סוכה ולולב, קידוש החודש, תעניות ומגילה."
"הלכה/משנה תורה/מפרשים/מלאכת שלמה/ספר זמנים","","","השלישי שבארבעה עשר: מצוות התלויות בזמנים — שבת ועירובין, יום טוב, חמץ ומצה, שופר סוכה ולולב, קידוש החודש, תעניות ומגילה.","השלישי שבארבעה עשר: מצוות התלויות בזמנים — שבת ועירובין, יום טוב, חמץ ומצה, שופר סוכה ולולב, קידוש החודש, תעניות ומגילה."
"הלכה/משנה תורה/מפרשים/חידושים ומקורים מהר״ץ חיות/ספר זמנים","","","השלישי שבארבעה עשר: מצוות התלויות בזמנים — שבת ועירובין, יום טוב, חמץ ומצה, שופר סוכה ולולב, קידוש החודש, תעניות ומגילה.","השלישי שבארבעה עשר: מצוות התלויות בזמנים — שבת ועירובין, יום טוב, חמץ ומצה, שופר סוכה ולולב, קידוש החודש, תעניות ומגילה."
"הלכה/משנה תורה/מפרשים/ברכת אברהם/ספר זמנים","","","השלישי שבארבעה עשר: מצוות התלויות בזמנים — שבת ועירובין, יום טוב, חמץ ומצה, שופר סוכה ולולב, קידוש החודש, תעניות ומגילה.","השלישי שבארבעה עשר: מצוות התלויות בזמנים — שבת ועירובין, יום טוב, חמץ ומצה, שופר סוכה ולולב, קידוש החודש, תעניות ומגילה."
"הלכה/משנה תורה/מפרשים/חידושים מהגאון בעל מחנה אפרים/ספר זמנים","","","השלישי שבארבעה עשר: מצוות התלויות בזמנים — שבת ועירובין, יום טוב, חמץ ומצה, שופר סוכה ולולב, קידוש החודש, תעניות ומגילה.","השלישי שבארבעה עשר: מצוות התלויות בזמנים — שבת ועירובין, יום טוב, חמץ ומצה, שופר סוכה ולולב, קידוש החודש, תעניות ומגילה."
"הלכה/משנה תורה/מפרשים/חידושים והגהות הגרי״ב/ספר זמנים","","","השלישי שבארבעה עשר: מצוות התלויות בזמנים — שבת ועירובין, יום טוב, חמץ ומצה, שופר סוכה ולולב, קידוש החודש, תעניות ומגילה.","השלישי שבארבעה עשר: מצוות התלויות בזמנים — שבת ועירובין, יום טוב, חמץ ומצה, שופר סוכה ולולב, קידוש החודש, תעניות ומגילה."
"הלכה/משנה תורה/מפרשים/השגות הראב״ד/ספר זמנים","","","השלישי שבארבעה עשר: מצוות התלויות בזמנים — שבת ועירובין, יום טוב, חמץ ומצה, שופר סוכה ולולב, קידוש החודש, תעניות ומגילה.","השלישי שבארבעה עשר: מצוות התלויות בזמנים — שבת ועירובין, יום טוב, חמץ ומצה, שופר סוכה ולולב, קידוש החודש, תעניות ומגילה."
"הלכה/משנה תורה/מפרשים/סדר משנה/ספר זמנים","","","השלישי שבארבעה עשר: מצוות התלויות בזמנים — שבת ועירובין, יום טוב, חמץ ומצה, שופר סוכה ולולב, קידוש החודש, תעניות ומגילה.","השלישי שבארבעה עשר: מצוות התלויות בזמנים — שבת ועירובין, יום טוב, חמץ ומצה, שופר סוכה ולולב, קידוש החודש, תעניות ומגילה."
"הלכה/משנה תורה/מפרשים/דברי ירמיהו/ספר זמנים","","","השלישי שבארבעה עשר: מצוות התלויות בזמנים — שבת ועירובין, יום טוב, חמץ ומצה, שופר סוכה ולולב, קידוש החודש, תעניות ומגילה.","השלישי שבארבעה עשר: מצוות התלויות בזמנים — שבת ועירובין, יום טוב, חמץ ומצה, שופר סוכה ולולב, קידוש החודש, תעניות ומגילה."
"הלכה/משנה תורה/מפרשים/לב שלם/ספר זמנים","","","השלישי שבארבעה עשר: מצוות התלויות בזמנים — שבת ועירובין, יום טוב, חמץ ומצה, שופר סוכה ולולב, קידוש החודש, תעניות ומגילה.","השלישי שבארבעה עשר: מצוות התלויות בזמנים — שבת ועירובין, יום טוב, חמץ ומצה, שופר סוכה ולולב, קידוש החודש, תעניות ומגילה."
"הלכה/משנה תורה/מפרשים/קובץ על היד החזקה/ספר זמנים","","","השלישי שבארבעה עשר: מצוות התלויות בזמנים — שבת ועירובין, יום טוב, חמץ ומצה, שופר סוכה ולולב, קידוש החודש, תעניות ומגילה.","השלישי שבארבעה עשר: מצוות התלויות בזמנים — שבת ועירובין, יום טוב, חמץ ומצה, שופר סוכה ולולב, קידוש החודש, תעניות ומגילה."
"הלכה/משנה תורה/מפרשים/מגדל עוז/ספר זמנים","","","השלישי שבארבעה עשר: מצוות התלויות בזמנים — שבת ועירובין, יום טוב, חמץ ומצה, שופר סוכה ולולב, קידוש החודש, תעניות ומגילה.","השלישי שבארבעה עשר: מצוות התלויות בזמנים — שבת ועירובין, יום טוב, חמץ ומצה, שופר סוכה ולולב, קידוש החודש, תעניות ומגילה."
"הלכה/משנה תורה/מפרשים/יד דוד/ספר זמנים","","","השלישי שבארבעה עשר: מצוות התלויות בזמנים — שבת ועירובין, יום טוב, חמץ ומצה, שופר סוכה ולולב, קידוש החודש, תעניות ומגילה.","השלישי שבארבעה עשר: מצוות התלויות בזמנים — שבת ועירובין, יום טוב, חמץ ומצה, שופר סוכה ולולב, קידוש החודש, תעניות ומגילה."
"הלכה/משנה תורה/מפרשים/קונטרס תשובה מיראה/ספר זמנים","","","השלישי שבארבעה עשר: מצוות התלויות בזמנים — שבת ועירובין, יום טוב, חמץ ומצה, שופר סוכה ולולב, קידוש החודש, תעניות ומגילה.","השלישי שבארבעה עשר: מצוות התלויות בזמנים — שבת ועירובין, יום טוב, חמץ ומצה, שופר סוכה ולולב, קידוש החודש, תעניות ומגילה."
"הלכה/משנה תורה/מפרשים/בני בנימין/ספר זמנים","","","השלישי שבארבעה עשר: מצוות התלויות בזמנים — שבת ועירובין, יום טוב, חמץ ומצה, שופר סוכה ולולב, קידוש החודש, תעניות ומגילה.","השלישי שבארבעה עשר: מצוות התלויות בזמנים — שבת ועירובין, יום טוב, חמץ ומצה, שופר סוכה ולולב, קידוש החודש, תעניות ומגילה."
"הלכה/משנה תורה/מפרשים/בן אריה/ספר זמנים","","","השלישי שבארבעה עשר: מצוות התלויות בזמנים — שבת ועירובין, יום טוב, חמץ ומצה, שופר סוכה ולולב, קידוש החודש, תעניות ומגילה.","השלישי שבארבעה עשר: מצוות התלויות בזמנים — שבת ועירובין, יום טוב, חמץ ומצה, שופר סוכה ולולב, קידוש החודש, תעניות ומגילה."
"הלכה/משנה תורה/מפרשים/יד איתן/ספר זמנים","","","השלישי שבארבעה עשר: מצוות התלויות בזמנים — שבת ועירובין, יום טוב, חמץ ומצה, שופר סוכה ולולב, קידוש החודש, תעניות ומגילה.","השלישי שבארבעה עשר: מצוות התלויות בזמנים — שבת ועירובין, יום טוב, חמץ ומצה, שופר סוכה ולולב, קידוש החודש, תעניות ומגילה."
"הלכה/משנה תורה/ספר זרעים","","","השביעי שבארבעה עשר: מצוות הארץ — כלאים, מתנות עניים, תרומות, מעשרות, מעשר שני, ביכורים, שמיטה ויובל.","השביעי שבארבעה עשר: מצוות הארץ — כלאים, מתנות עניים, תרומות, מעשרות, מעשר שני, ביכורים, שמיטה ויובל."
"הלכה/משנה תורה/מפרשים/חידושים ומקורים מבעל מנחת חינוך/ספר זרעים","","","השביעי שבארבעה עשר: מצוות הארץ — כלאים, מתנות עניים, תרומות, מעשרות, מעשר שני, ביכורים, שמיטה ויובל.","השביעי שבארבעה עשר: מצוות הארץ — כלאים, מתנות עניים, תרומות, מעשרות, מעשר שני, ביכורים, שמיטה ויובל."
"הלכה/משנה תורה/מפרשים/מעשה רקח/ספר זרעים","","","השביעי שבארבעה עשר: מצוות הארץ — כלאים, מתנות עניים, תרומות, מעשרות, מעשר שני, ביכורים, שמיטה ויובל.","השביעי שבארבעה עשר: מצוות הארץ — כלאים, מתנות עניים, תרומות, מעשרות, מעשר שני, ביכורים, שמיטה ויובל."
"הלכה/משנה תורה/מפרשים/אור שמח/ספר זרעים","","","השביעי שבארבעה עשר: מצוות הארץ — כלאים, מתנות עניים, תרומות, מעשרות, מעשר שני, ביכורים, שמיטה ויובל.","השביעי שבארבעה עשר: מצוות הארץ — כלאים, מתנות עניים, תרומות, מעשרות, מעשר שני, ביכורים, שמיטה ויובל."
"הלכה/משנה תורה/מפרשים/כסף משנה/ספר זרעים","","","השביעי שבארבעה עשר: מצוות הארץ — כלאים, מתנות עניים, תרומות, מעשרות, מעשר שני, ביכורים, שמיטה ויובל.","השביעי שבארבעה עשר: מצוות הארץ — כלאים, מתנות עניים, תרומות, מעשרות, מעשר שני, ביכורים, שמיטה ויובל."
"הלכה/משנה תורה/מפרשים/שורשי הים/ספר זרעים","","","השביעי שבארבעה עשר: מצוות הארץ — כלאים, מתנות עניים, תרומות, מעשרות, מעשר שני, ביכורים, שמיטה ויובל.","השביעי שבארבעה עשר: מצוות הארץ — כלאים, מתנות עניים, תרומות, מעשרות, מעשר שני, ביכורים, שמיטה ויובל."
"הלכה/משנה תורה/מפרשים/אבן האזל/ספר זרעים","","","השביעי שבארבעה עשר: מצוות הארץ — כלאים, מתנות עניים, תרומות, מעשרות, מעשר שני, ביכורים, שמיטה ויובל.","השביעי שבארבעה עשר: מצוות הארץ — כלאים, מתנות עניים, תרומות, מעשרות, מעשר שני, ביכורים, שמיטה ויובל."
"הלכה/משנה תורה/מפרשים/צפנת פענח/ספר זרעים","","","השביעי שבארבעה עשר: מצוות הארץ — כלאים, מתנות עניים, תרומות, מעשרות, מעשר שני, ביכורים, שמיטה ויובל.","השביעי שבארבעה עשר: מצוות הארץ — כלאים, מתנות עניים, תרומות, מעשרות, מעשר שני, ביכורים, שמיטה ויובל."
"הלכה/משנה תורה/מפרשים/משנה למלך/ספר זרעים","","","השביעי שבארבעה עשר: מצוות הארץ — כלאים, מתנות עניים, תרומות, מעשרות, מעשר שני, ביכורים, שמיטה ויובל.","השביעי שבארבעה עשר: מצוות הארץ — כלאים, מתנות עניים, תרומות, מעשרות, מעשר שני, ביכורים, שמיטה ויובל."
"הלכה/משנה תורה/מפרשים/יצחק ירנן/ספר זרעים","","","השביעי שבארבעה עשר: מצוות הארץ — כלאים, מתנות עניים, תרומות, מעשרות, מעשר שני, ביכורים, שמיטה ויובל.","השביעי שבארבעה עשר: מצוות הארץ — כלאים, מתנות עניים, תרומות, מעשרות, מעשר שני, ביכורים, שמיטה ויובל."
"הלכה/משנה תורה/מפרשים/ציוני מהר״ן/ספר זרעים","","","השביעי שבארבעה עשר: מצוות הארץ — כלאים, מתנות עניים, תרומות, מעשרות, מעשר שני, ביכורים, שמיטה ויובל.","השביעי שבארבעה עשר: מצוות הארץ — כלאים, מתנות עניים, תרומות, מעשרות, מעשר שני, ביכורים, שמיטה ויובל."
"הלכה/משנה תורה/מפרשים/שער המלך/ספר זרעים","","","השביעי שבארבעה עשר: מצוות הארץ — כלאים, מתנות עניים, תרומות, מעשרות, מעשר שני, ביכורים, שמיטה ויובל.","השביעי שבארבעה עשר: מצוות הארץ — כלאים, מתנות עניים, תרומות, מעשרות, מעשר שני, ביכורים, שמיטה ויובל."
"הלכה/משנה תורה/מפרשים/הגהות מהר״ם פדווא/ספר זרעים","","","השביעי שבארבעה עשר: מצוות הארץ — כלאים, מתנות עניים, תרומות, מעשרות, מעשר שני, ביכורים, שמיטה ויובל.","השביעי שבארבעה עשר: מצוות הארץ — כלאים, מתנות עניים, תרומות, מעשרות, מעשר שני, ביכורים, שמיטה ויובל."
"הלכה/משנה תורה/מפרשים/מקורי הרמב״ם לרש״ש/ספר זרעים","","","השביעי שבארבעה עשר: מצוות הארץ — כלאים, מתנות עניים, תרומות, מעשרות, מעשר שני, ביכורים, שמיטה ויובל.","השביעי שבארבעה עשר: מצוות הארץ — כלאים, מתנות עניים, תרומות, מעשרות, מעשר שני, ביכורים, שמיטה ויובל."
"הלכה/משנה תורה/מפרשים/חשק שלמה/ספר זרעים","","","השביעי שבארבעה עשר: מצוות הארץ — כלאים, מתנות עניים, תרומות, מעשרות, מעשר שני, ביכורים, שמיטה ויובל.","השביעי שבארבעה עשר: מצוות הארץ — כלאים, מתנות עניים, תרומות, מעשרות, מעשר שני, ביכורים, שמיטה ויובל."
"הלכה/משנה תורה/מפרשים/קרית ספר/ספר זרעים","","","השביעי שבארבעה עשר: מצוות הארץ — כלאים, מתנות עניים, תרומות, מעשרות, מעשר שני, ביכורים, שמיטה ויובל.","השביעי שבארבעה עשר: מצוות הארץ — כלאים, מתנות עניים, תרומות, מעשרות, מעשר שני, ביכורים, שמיטה ויובל."
"הלכה/משנה תורה/מפרשים/מלאכת שלמה/ספר זרעים","","","השביעי שבארבעה עשר: מצוות הארץ — כלאים, מתנות עניים, תרומות, מעשרות, מעשר שני, ביכורים, שמיטה ויובל.","השביעי שבארבעה עשר: מצוות הארץ — כלאים, מתנות עניים, תרומות, מעשרות, מעשר שני, ביכורים, שמיטה ויובל."
"הלכה/משנה תורה/מפרשים/חידושים מהגאון בעל מחנה אפרים/ספר זרעים","","","השביעי שבארבעה עשר: מצוות הארץ — כלאים, מתנות עניים, תרומות, מעשרות, מעשר שני, ביכורים, שמיטה ויובל.","השביעי שבארבעה עשר: מצוות הארץ — כלאים, מתנות עניים, תרומות, מעשרות, מעשר שני, ביכורים, שמיטה ויובל."
"הלכה/משנה תורה/מפרשים/השגות הראב״ד/ספר זרעים","","","השביעי שבארבעה עשר: מצוות הארץ — כלאים, מתנות עניים, תרומות, מעשרות, מעשר שני, ביכורים, שמיטה ויובל.","השביעי שבארבעה עשר: מצוות הארץ — כלאים, מתנות עניים, תרומות, מעשרות, מעשר שני, ביכורים, שמיטה ויובל."
"הלכה/משנה תורה/מפרשים/יד דוד/ספר זרעים","","","השביעי שבארבעה עשר: מצוות הארץ — כלאים, מתנות עניים, תרומות, מעשרות, מעשר שני, ביכורים, שמיטה ויובל.","השביעי שבארבעה עשר: מצוות הארץ — כלאים, מתנות עניים, תרומות, מעשרות, מעשר שני, ביכורים, שמיטה ויובל."
"הלכה/משנה תורה/מפרשים/קונטרס תשובה מיראה/ספר זרעים","","","השביעי שבארבעה עשר: מצוות הארץ — כלאים, מתנות עניים, תרומות, מעשרות, מעשר שני, ביכורים, שמיטה ויובל.","השביעי שבארבעה עשר: מצוות הארץ — כלאים, מתנות עניים, תרומות, מעשרות, מעשר שני, ביכורים, שמיטה ויובל."
"הלכה/משנה תורה/מפרשים/בן אריה/ספר זרעים","","","השביעי שבארבעה עשר: מצוות הארץ — כלאים, מתנות עניים, תרומות, מעשרות, מעשר שני, ביכורים, שמיטה ויובל.","השביעי שבארבעה עשר: מצוות הארץ — כלאים, מתנות עניים, תרומות, מעשרות, מעשר שני, ביכורים, שמיטה ויובל."
"הלכה/משנה תורה/מפרשים/יד איתן/ספר זרעים","","","השביעי שבארבעה עשר: מצוות הארץ — כלאים, מתנות עניים, תרומות, מעשרות, מעשר שני, ביכורים, שמיטה ויובל.","השביעי שבארבעה עשר: מצוות הארץ — כלאים, מתנות עניים, תרומות, מעשרות, מעשר שני, ביכורים, שמיטה ויובל."
"הלכה/משנה תורה/ספר טהרה","","","העשירי שבארבעה עשר: טומאת מת, פרה אדומה, צרעת, מטמאי משכב ומושב, שאר אבות הטומאה, טומאת אוכלין, כלים ומקוואות.","העשירי שבארבעה עשר: טומאת מת, פרה אדומה, צרעת, מטמאי משכב ומושב, שאר אבות הטומאה, טומאת אוכלין, כלים ומקוואות."
"הלכה/משנה תורה/מפרשים/חידושים ומקורים מבעל מנחת חינוך/ספר טהרה","","","העשירי שבארבעה עשר: טומאת מת, פרה אדומה, צרעת, מטמאי משכב ומושב, שאר אבות הטומאה, טומאת אוכלין, כלים ומקוואות.","העשירי שבארבעה עשר: טומאת מת, פרה אדומה, צרעת, מטמאי משכב ומושב, שאר אבות הטומאה, טומאת אוכלין, כלים ומקוואות."
"הלכה/משנה תורה/מפרשים/מעשה רקח/ספר טהרה","","","העשירי שבארבעה עשר: טומאת מת, פרה אדומה, צרעת, מטמאי משכב ומושב, שאר אבות הטומאה, טומאת אוכלין, כלים ומקוואות.","העשירי שבארבעה עשר: טומאת מת, פרה אדומה, צרעת, מטמאי משכב ומושב, שאר אבות הטומאה, טומאת אוכלין, כלים ומקוואות."
"הלכה/משנה תורה/מפרשים/אור שמח/ספר טהרה","","","העשירי שבארבעה עשר: טומאת מת, פרה אדומה, צרעת, מטמאי משכב ומושב, שאר אבות הטומאה, טומאת אוכלין, כלים ומקוואות.","העשירי שבארבעה עשר: טומאת מת, פרה אדומה, צרעת, מטמאי משכב ומושב, שאר אבות הטומאה, טומאת אוכלין, כלים ומקוואות."
"הלכה/משנה תורה/מפרשים/כסף משנה/ספר טהרה","","","העשירי שבארבעה עשר: טומאת מת, פרה אדומה, צרעת, מטמאי משכב ומושב, שאר אבות הטומאה, טומאת אוכלין, כלים ומקוואות.","העשירי שבארבעה עשר: טומאת מת, פרה אדומה, צרעת, מטמאי משכב ומושב, שאר אבות הטומאה, טומאת אוכלין, כלים ומקוואות."
"הלכה/משנה תורה/מפרשים/שורשי הים/ספר טהרה","","","העשירי שבארבעה עשר: טומאת מת, פרה אדומה, צרעת, מטמאי משכב ומושב, שאר אבות הטומאה, טומאת אוכלין, כלים ומקוואות.","העשירי שבארבעה עשר: טומאת מת, פרה אדומה, צרעת, מטמאי משכב ומושב, שאר אבות הטומאה, טומאת אוכלין, כלים ומקוואות."
"הלכה/משנה תורה/מפרשים/משנה למלך/ספר טהרה","","","העשירי שבארבעה עשר: טומאת מת, פרה אדומה, צרעת, מטמאי משכב ומושב, שאר אבות הטומאה, טומאת אוכלין, כלים ומקוואות.","העשירי שבארבעה עשר: טומאת מת, פרה אדומה, צרעת, מטמאי משכב ומושב, שאר אבות הטומאה, טומאת אוכלין, כלים ומקוואות."
"הלכה/משנה תורה/מפרשים/יצחק ירנן/ספר טהרה","","","העשירי שבארבעה עשר: טומאת מת, פרה אדומה, צרעת, מטמאי משכב ומושב, שאר אבות הטומאה, טומאת אוכלין, כלים ומקוואות.","העשירי שבארבעה עשר: טומאת מת, פרה אדומה, צרעת, מטמאי משכב ומושב, שאר אבות הטומאה, טומאת אוכלין, כלים ומקוואות."
"הלכה/משנה תורה/מפרשים/ציוני מהר״ן/ספר טהרה","","","העשירי שבארבעה עשר: טומאת מת, פרה אדומה, צרעת, מטמאי משכב ומושב, שאר אבות הטומאה, טומאת אוכלין, כלים ומקוואות.","העשירי שבארבעה עשר: טומאת מת, פרה אדומה, צרעת, מטמאי משכב ומושב, שאר אבות הטומאה, טומאת אוכלין, כלים ומקוואות."
"הלכה/משנה תורה/מפרשים/שער המלך/ספר טהרה","","","העשירי שבארבעה עשר: טומאת מת, פרה אדומה, צרעת, מטמאי משכב ומושב, שאר אבות הטומאה, טומאת אוכלין, כלים ומקוואות.","העשירי שבארבעה עשר: טומאת מת, פרה אדומה, צרעת, מטמאי משכב ומושב, שאר אבות הטומאה, טומאת אוכלין, כלים ומקוואות."
"הלכה/משנה תורה/מפרשים/מקורי הרמב״ם לרש״ש/ספר טהרה","","","העשירי שבארבעה עשר: טומאת מת, פרה אדומה, צרעת, מטמאי משכב ומושב, שאר אבות הטומאה, טומאת אוכלין, כלים ומקוואות.","העשירי שבארבעה עשר: טומאת מת, פרה אדומה, צרעת, מטמאי משכב ומושב, שאר אבות הטומאה, טומאת אוכלין, כלים ומקוואות."
"הלכה/משנה תורה/מפרשים/קרית ספר/ספר טהרה","","","העשירי שבארבעה עשר: טומאת מת, פרה אדומה, צרעת, מטמאי משכב ומושב, שאר אבות הטומאה, טומאת אוכלין, כלים ומקוואות.","העשירי שבארבעה עשר: טומאת מת, פרה אדומה, צרעת, מטמאי משכב ומושב, שאר אבות הטומאה, טומאת אוכלין, כלים ומקוואות."
"הלכה/משנה תורה/מפרשים/מלאכת שלמה/ספר טהרה","","","העשירי שבארבעה עשר: טומאת מת, פרה אדומה, צרעת, מטמאי משכב ומושב, שאר אבות הטומאה, טומאת אוכלין, כלים ומקוואות.","העשירי שבארבעה עשר: טומאת מת, פרה אדומה, צרעת, מטמאי משכב ומושב, שאר אבות הטומאה, טומאת אוכלין, כלים ומקוואות."
"הלכה/משנה תורה/מפרשים/ברכת אברהם/ספר טהרה","","","העשירי שבארבעה עשר: טומאת מת, פרה אדומה, צרעת, מטמאי משכב ומושב, שאר אבות הטומאה, טומאת אוכלין, כלים ומקוואות.","העשירי שבארבעה עשר: טומאת מת, פרה אדומה, צרעת, מטמאי משכב ומושב, שאר אבות הטומאה, טומאת אוכלין, כלים ומקוואות."
"הלכה/משנה תורה/מפרשים/חידושים מהגאון בעל מחנה אפרים/ספר טהרה","","","העשירי שבארבעה עשר: טומאת מת, פרה אדומה, צרעת, מטמאי משכב ומושב, שאר אבות הטומאה, טומאת אוכלין, כלים ומקוואות.","העשירי שבארבעה עשר: טומאת מת, פרה אדומה, צרעת, מטמאי משכב ומושב, שאר אבות הטומאה, טומאת אוכלין, כלים ומקוואות."
"הלכה/משנה תורה/מפרשים/השגות הראב״ד/ספר טהרה","","","העשירי שבארבעה עשר: טומאת מת, פרה אדומה, צרעת, מטמאי משכב ומושב, שאר אבות הטומאה, טומאת אוכלין, כלים ומקוואות.","העשירי שבארבעה עשר: טומאת מת, פרה אדומה, צרעת, מטמאי משכב ומושב, שאר אבות הטומאה, טומאת אוכלין, כלים ומקוואות."
"הלכה/משנה תורה/מפרשים/יד דוד/ספר טהרה","","","העשירי שבארבעה עשר: טומאת מת, פרה אדומה, צרעת, מטמאי משכב ומושב, שאר אבות הטומאה, טומאת אוכלין, כלים ומקוואות.","העשירי שבארבעה עשר: טומאת מת, פרה אדומה, צרעת, מטמאי משכב ומושב, שאר אבות הטומאה, טומאת אוכלין, כלים ומקוואות."
"הלכה/משנה תורה/מפרשים/קונטרס תשובה מיראה/ספר טהרה","","","העשירי שבארבעה עשר: טומאת מת, פרה אדומה, צרעת, מטמאי משכב ומושב, שאר אבות הטומאה, טומאת אוכלין, כלים ומקוואות.","העשירי שבארבעה עשר: טומאת מת, פרה אדומה, צרעת, מטמאי משכב ומושב, שאר אבות הטומאה, טומאת אוכלין, כלים ומקוואות."
"הלכה/משנה תורה/מפרשים/בן אריה/ספר טהרה","","","העשירי שבארבעה עשר: טומאת מת, פרה אדומה, צרעת, מטמאי משכב ומושב, שאר אבות הטומאה, טומאת אוכלין, כלים ומקוואות.","העשירי שבארבעה עשר: טומאת מת, פרה אדומה, צרעת, מטמאי משכב ומושב, שאר אבות הטומאה, טומאת אוכלין, כלים ומקוואות."
"הלכה/משנה תורה/מפרשים/יד איתן/ספר טהרה","","","העשירי שבארבעה עשר: טומאת מת, פרה אדומה, צרעת, מטמאי משכב ומושב, שאר אבות הטומאה, טומאת אוכלין, כלים ומקוואות.","העשירי שבארבעה עשר: טומאת מת, פרה אדומה, צרעת, מטמאי משכב ומושב, שאר אבות הטומאה, טומאת אוכלין, כלים ומקוואות."
"הלכה/משנה תורה/ספר מדע","","","הראשון שבארבעה עשר, ובו עיקרי האמונה והדעות: יסודי התורה, דעות, תלמוד תורה, עבודה זרה ותשובה.","הראשון שבארבעה עשר, ובו עיקרי האמונה והדעות: יסודי התורה, דעות, תלמוד תורה, עבודה זרה ותשובה."
"הלכה/משנה תורה/מפרשים/חידושים ומקורים מבעל מנחת חינוך/ספר מדע","","","הראשון שבארבעה עשר, ובו עיקרי האמונה והדעות: יסודי התורה, דעות, תלמוד תורה, עבודה זרה ותשובה.","הראשון שבארבעה עשר, ובו עיקרי האמונה והדעות: יסודי התורה, דעות, תלמוד תורה, עבודה זרה ותשובה."
"הלכה/משנה תורה/מפרשים/לחם משנה/ספר מדע","","","הראשון שבארבעה עשר, ובו עיקרי האמונה והדעות: יסודי התורה, דעות, תלמוד תורה, עבודה זרה ותשובה.","הראשון שבארבעה עשר, ובו עיקרי האמונה והדעות: יסודי התורה, דעות, תלמוד תורה, עבודה זרה ותשובה."
"הלכה/משנה תורה/מפרשים/מעשה רקח/ספר מדע","","","הראשון שבארבעה עשר, ובו עיקרי האמונה והדעות: יסודי התורה, דעות, תלמוד תורה, עבודה זרה ותשובה.","הראשון שבארבעה עשר, ובו עיקרי האמונה והדעות: יסודי התורה, דעות, תלמוד תורה, עבודה זרה ותשובה."
"הלכה/משנה תורה/מפרשים/ראשון לציון/ספר מדע","","","הראשון שבארבעה עשר, ובו עיקרי האמונה והדעות: יסודי התורה, דעות, תלמוד תורה, עבודה זרה ותשובה.","הראשון שבארבעה עשר, ובו עיקרי האמונה והדעות: יסודי התורה, דעות, תלמוד תורה, עבודה זרה ותשובה."
"הלכה/משנה תורה/מפרשים/אור שמח/ספר מדע","","","הראשון שבארבעה עשר, ובו עיקרי האמונה והדעות: יסודי התורה, דעות, תלמוד תורה, עבודה זרה ותשובה.","הראשון שבארבעה עשר, ובו עיקרי האמונה והדעות: יסודי התורה, דעות, תלמוד תורה, עבודה זרה ותשובה."
"הלכה/משנה תורה/מפרשים/כסף משנה/ספר מדע","","","הראשון שבארבעה עשר, ובו עיקרי האמונה והדעות: יסודי התורה, דעות, תלמוד תורה, עבודה זרה ותשובה.","הראשון שבארבעה עשר, ובו עיקרי האמונה והדעות: יסודי התורה, דעות, תלמוד תורה, עבודה זרה ותשובה."
"הלכה/משנה תורה/מפרשים/חידושים ומקורים מהרב זלמן מווילנא/ספר מדע","","","הראשון שבארבעה עשר, ובו עיקרי האמונה והדעות: יסודי התורה, דעות, תלמוד תורה, עבודה זרה ותשובה.","הראשון שבארבעה עשר, ובו עיקרי האמונה והדעות: יסודי התורה, דעות, תלמוד תורה, עבודה זרה ותשובה."
"הלכה/משנה תורה/מפרשים/חידושי מים חיים/ספר מדע","","","הראשון שבארבעה עשר, ובו עיקרי האמונה והדעות: יסודי התורה, דעות, תלמוד תורה, עבודה זרה ותשובה.","הראשון שבארבעה עשר, ובו עיקרי האמונה והדעות: יסודי התורה, דעות, תלמוד תורה, עבודה זרה ותשובה."
"הלכה/משנה תורה/מפרשים/שורשי הים/ספר מדע","","","הראשון שבארבעה עשר, ובו עיקרי האמונה והדעות: יסודי התורה, דעות, תלמוד תורה, עבודה זרה ותשובה.","הראשון שבארבעה עשר, ובו עיקרי האמונה והדעות: יסודי התורה, דעות, תלמוד תורה, עבודה זרה ותשובה."
"הלכה/משנה תורה/מפרשים/פרי חדש/ספר מדע","","","הראשון שבארבעה עשר, ובו עיקרי האמונה והדעות: יסודי התורה, דעות, תלמוד תורה, עבודה זרה ותשובה.","הראשון שבארבעה עשר, ובו עיקרי האמונה והדעות: יסודי התורה, דעות, תלמוד תורה, עבודה זרה ותשובה."
"הלכה/משנה תורה/מפרשים/חידושי רבי עקיבא איגר/ספר מדע","","","הראשון שבארבעה עשר, ובו עיקרי האמונה והדעות: יסודי התורה, דעות, תלמוד תורה, עבודה זרה ותשובה.","הראשון שבארבעה עשר, ובו עיקרי האמונה והדעות: יסודי התורה, דעות, תלמוד תורה, עבודה זרה ותשובה."
"הלכה/משנה תורה/מפרשים/אבן האזל/ספר מדע","","","הראשון שבארבעה עשר, ובו עיקרי האמונה והדעות: יסודי התורה, דעות, תלמוד תורה, עבודה זרה ותשובה.","הראשון שבארבעה עשר, ובו עיקרי האמונה והדעות: יסודי התורה, דעות, תלמוד תורה, עבודה זרה ותשובה."
"הלכה/משנה תורה/מפרשים/נחל איתן/ספר מדע","","","הראשון שבארבעה עשר, ובו עיקרי האמונה והדעות: יסודי התורה, דעות, תלמוד תורה, עבודה זרה ותשובה.","הראשון שבארבעה עשר, ובו עיקרי האמונה והדעות: יסודי התורה, דעות, תלמוד תורה, עבודה זרה ותשובה."
"הלכה/משנה תורה/מפרשים/פירוש/ספר מדע","","","הראשון שבארבעה עשר, ובו עיקרי האמונה והדעות: יסודי התורה, דעות, תלמוד תורה, עבודה זרה ותשובה.","הראשון שבארבעה עשר, ובו עיקרי האמונה והדעות: יסודי התורה, דעות, תלמוד תורה, עבודה זרה ותשובה."
"הלכה/משנה תורה/מפרשים/צפנת פענח/ספר מדע","","","הראשון שבארבעה עשר, ובו עיקרי האמונה והדעות: יסודי התורה, דעות, תלמוד תורה, עבודה זרה ותשובה.","הראשון שבארבעה עשר, ובו עיקרי האמונה והדעות: יסודי התורה, דעות, תלמוד תורה, עבודה זרה ותשובה."
"הלכה/משנה תורה/מפרשים/משנה למלך/ספר מדע","","","הראשון שבארבעה עשר, ובו עיקרי האמונה והדעות: יסודי התורה, דעות, תלמוד תורה, עבודה זרה ותשובה.","הראשון שבארבעה עשר, ובו עיקרי האמונה והדעות: יסודי התורה, דעות, תלמוד תורה, עבודה זרה ותשובה."
"הלכה/משנה תורה/מפרשים/יצחק ירנן/ספר מדע","","","הראשון שבארבעה עשר, ובו עיקרי האמונה והדעות: יסודי התורה, דעות, תלמוד תורה, עבודה זרה ותשובה.","הראשון שבארבעה עשר, ובו עיקרי האמונה והדעות: יסודי התורה, דעות, תלמוד תורה, עבודה זרה ותשובה."
"הלכה/משנה תורה/מפרשים/ציוני מהר״ן/ספר מדע","","","הראשון שבארבעה עשר, ובו עיקרי האמונה והדעות: יסודי התורה, דעות, תלמוד תורה, עבודה זרה ותשובה.","הראשון שבארבעה עשר, ובו עיקרי האמונה והדעות: יסודי התורה, דעות, תלמוד תורה, עבודה זרה ותשובה."
"הלכה/משנה תורה/מפרשים/שער המלך/ספר מדע","","","הראשון שבארבעה עשר, ובו עיקרי האמונה והדעות: יסודי התורה, דעות, תלמוד תורה, עבודה זרה ותשובה.","הראשון שבארבעה עשר, ובו עיקרי האמונה והדעות: יסודי התורה, דעות, תלמוד תורה, עבודה זרה ותשובה."
"הלכה/משנה תורה/מפרשים/הגהות מהר״ם פדווא/ספר מדע","","","הראשון שבארבעה עשר, ובו עיקרי האמונה והדעות: יסודי התורה, דעות, תלמוד תורה, עבודה זרה ותשובה.","הראשון שבארבעה עשר, ובו עיקרי האמונה והדעות: יסודי התורה, דעות, תלמוד תורה, עבודה זרה ותשובה."
"הלכה/משנה תורה/מפרשים/עבודת המלך/ספר מדע","","","הראשון שבארבעה עשר, ובו עיקרי האמונה והדעות: יסודי התורה, דעות, תלמוד תורה, עבודה זרה ותשובה.","הראשון שבארבעה עשר, ובו עיקרי האמונה והדעות: יסודי התורה, דעות, תלמוד תורה, עבודה זרה ותשובה."
"הלכה/משנה תורה/מפרשים/מקורי הרמב״ם לרש״ש/ספר מדע","","","הראשון שבארבעה עשר, ובו עיקרי האמונה והדעות: יסודי התורה, דעות, תלמוד תורה, עבודה זרה ותשובה.","הראשון שבארבעה עשר, ובו עיקרי האמונה והדעות: יסודי התורה, דעות, תלמוד תורה, עבודה זרה ותשובה."
"הלכה/משנה תורה/מפרשים/קרית ספר/ספר מדע","","","הראשון שבארבעה עשר, ובו עיקרי האמונה והדעות: יסודי התורה, דעות, תלמוד תורה, עבודה זרה ותשובה.","הראשון שבארבעה עשר, ובו עיקרי האמונה והדעות: יסודי התורה, דעות, תלמוד תורה, עבודה זרה ותשובה."
"הלכה/משנה תורה/מפרשים/מלאכת שלמה/ספר מדע","","","הראשון שבארבעה עשר, ובו עיקרי האמונה והדעות: יסודי התורה, דעות, תלמוד תורה, עבודה זרה ותשובה.","הראשון שבארבעה עשר, ובו עיקרי האמונה והדעות: יסודי התורה, דעות, תלמוד תורה, עבודה זרה ותשובה."
"הלכה/משנה תורה/מפרשים/חידושים ומקורים מהר״ץ חיות/ספר מדע","","","הראשון שבארבעה עשר, ובו עיקרי האמונה והדעות: יסודי התורה, דעות, תלמוד תורה, עבודה זרה ותשובה.","הראשון שבארבעה עשר, ובו עיקרי האמונה והדעות: יסודי התורה, דעות, תלמוד תורה, עבודה זרה ותשובה."
"הלכה/משנה תורה/מפרשים/חידושים והגהות הגרי״ב/ספר מדע","","","הראשון שבארבעה עשר, ובו עיקרי האמונה והדעות: יסודי התורה, דעות, תלמוד תורה, עבודה זרה ותשובה.","הראשון שבארבעה עשר, ובו עיקרי האמונה והדעות: יסודי התורה, דעות, תלמוד תורה, עבודה זרה ותשובה."
"הלכה/משנה תורה/מפרשים/השגות הראב״ד/ספר מדע","","","הראשון שבארבעה עשר, ובו עיקרי האמונה והדעות: יסודי התורה, דעות, תלמוד תורה, עבודה זרה ותשובה.","הראשון שבארבעה עשר, ובו עיקרי האמונה והדעות: יסודי התורה, דעות, תלמוד תורה, עבודה זרה ותשובה."
"הלכה/משנה תורה/מפרשים/סדר משנה/ספר מדע","","","הראשון שבארבעה עשר, ובו עיקרי האמונה והדעות: יסודי התורה, דעות, תלמוד תורה, עבודה זרה ותשובה.","הראשון שבארבעה עשר, ובו עיקרי האמונה והדעות: יסודי התורה, דעות, תלמוד תורה, עבודה זרה ותשובה."
"הלכה/משנה תורה/מפרשים/דברי ירמיהו/ספר מדע","","","הראשון שבארבעה עשר, ובו עיקרי האמונה והדעות: יסודי התורה, דעות, תלמוד תורה, עבודה זרה ותשובה.","הראשון שבארבעה עשר, ובו עיקרי האמונה והדעות: יסודי התורה, דעות, תלמוד תורה, עבודה זרה ותשובה."
"הלכה/משנה תורה/מפרשים/לב שלם/ספר מדע","","","הראשון שבארבעה עשר, ובו עיקרי האמונה והדעות: יסודי התורה, דעות, תלמוד תורה, עבודה זרה ותשובה.","הראשון שבארבעה עשר, ובו עיקרי האמונה והדעות: יסודי התורה, דעות, תלמוד תורה, עבודה זרה ותשובה."
"הלכה/משנה תורה/מפרשים/קובץ על היד החזקה/ספר מדע","","","הראשון שבארבעה עשר, ובו עיקרי האמונה והדעות: יסודי התורה, דעות, תלמוד תורה, עבודה זרה ותשובה.","הראשון שבארבעה עשר, ובו עיקרי האמונה והדעות: יסודי התורה, דעות, תלמוד תורה, עבודה זרה ותשובה."
"הלכה/משנה תורה/מפרשים/מגדל עוז/ספר מדע","","","הראשון שבארבעה עשר, ובו עיקרי האמונה והדעות: יסודי התורה, דעות, תלמוד תורה, עבודה זרה ותשובה.","הראשון שבארבעה עשר, ובו עיקרי האמונה והדעות: יסודי התורה, דעות, תלמוד תורה, עבודה זרה ותשובה."
"הלכה/משנה תורה/מפרשים/יד דוד/ספר מדע","","","הראשון שבארבעה עשר, ובו עיקרי האמונה והדעות: יסודי התורה, דעות, תלמוד תורה, עבודה זרה ותשובה.","הראשון שבארבעה עשר, ובו עיקרי האמונה והדעות: יסודי התורה, דעות, תלמוד תורה, עבודה זרה ותשובה."
"הלכה/משנה תורה/מפרשים/בני בנימין/ספר מדע","","","הראשון שבארבעה עשר, ובו עיקרי האמונה והדעות: יסודי התורה, דעות, תלמוד תורה, עבודה זרה ותשובה.","הראשון שבארבעה עשר, ובו עיקרי האמונה והדעות: יסודי התורה, דעות, תלמוד תורה, עבודה זרה ותשובה."
"הלכה/משנה תורה/מפרשים/בן אריה/ספר מדע","","","הראשון שבארבעה עשר, ובו עיקרי האמונה והדעות: יסודי התורה, דעות, תלמוד תורה, עבודה זרה ותשובה.","הראשון שבארבעה עשר, ובו עיקרי האמונה והדעות: יסודי התורה, דעות, תלמוד תורה, עבודה זרה ותשובה."
"הלכה/משנה תורה/מפרשים/יד איתן/ספר מדע","","","הראשון שבארבעה עשר, ובו עיקרי האמונה והדעות: יסודי התורה, דעות, תלמוד תורה, עבודה זרה ותשובה.","הראשון שבארבעה עשר, ובו עיקרי האמונה והדעות: יסודי התורה, דעות, תלמוד תורה, עבודה זרה ותשובה."
"הלכה/משנה תורה/ספר משפטים","","","השלושה עשר שבארבעה עשר: דיני ממונות שאין בתחילתם נזק — שכירות, שאלה ופיקדון, מלווה ולווה, טוען ונטען ונחלות.","השלושה עשר שבארבעה עשר: דיני ממונות שאין בתחילתם נזק — שכירות, שאלה ופיקדון, מלווה ולווה, טוען ונטען ונחלות."
"הלכה/משנה תורה/מפרשים/לחם משנה/ספר משפטים","","","השלושה עשר שבארבעה עשר: דיני ממונות שאין בתחילתם נזק — שכירות, שאלה ופיקדון, מלווה ולווה, טוען ונטען ונחלות.","השלושה עשר שבארבעה עשר: דיני ממונות שאין בתחילתם נזק — שכירות, שאלה ופיקדון, מלווה ולווה, טוען ונטען ונחלות."
"הלכה/משנה תורה/מפרשים/אור שמח/ספר משפטים","","","השלושה עשר שבארבעה עשר: דיני ממונות שאין בתחילתם נזק — שכירות, שאלה ופיקדון, מלווה ולווה, טוען ונטען ונחלות.","השלושה עשר שבארבעה עשר: דיני ממונות שאין בתחילתם נזק — שכירות, שאלה ופיקדון, מלווה ולווה, טוען ונטען ונחלות."
"הלכה/משנה תורה/מפרשים/כסף משנה/ספר משפטים","","","השלושה עשר שבארבעה עשר: דיני ממונות שאין בתחילתם נזק — שכירות, שאלה ופיקדון, מלווה ולווה, טוען ונטען ונחלות.","השלושה עשר שבארבעה עשר: דיני ממונות שאין בתחילתם נזק — שכירות, שאלה ופיקדון, מלווה ולווה, טוען ונטען ונחלות."
"הלכה/משנה תורה/מפרשים/מגיד משנה/ספר משפטים","","","השלושה עשר שבארבעה עשר: דיני ממונות שאין בתחילתם נזק — שכירות, שאלה ופיקדון, מלווה ולווה, טוען ונטען ונחלות.","השלושה עשר שבארבעה עשר: דיני ממונות שאין בתחילתם נזק — שכירות, שאלה ופיקדון, מלווה ולווה, טוען ונטען ונחלות."
"הלכה/משנה תורה/מפרשים/שורשי הים/ספר משפטים","","","השלושה עשר שבארבעה עשר: דיני ממונות שאין בתחילתם נזק — שכירות, שאלה ופיקדון, מלווה ולווה, טוען ונטען ונחלות.","השלושה עשר שבארבעה עשר: דיני ממונות שאין בתחילתם נזק — שכירות, שאלה ופיקדון, מלווה ולווה, טוען ונטען ונחלות."
"הלכה/משנה תורה/מפרשים/אבן האזל/ספר משפטים","","","השלושה עשר שבארבעה עשר: דיני ממונות שאין בתחילתם נזק — שכירות, שאלה ופיקדון, מלווה ולווה, טוען ונטען ונחלות.","השלושה עשר שבארבעה עשר: דיני ממונות שאין בתחילתם נזק — שכירות, שאלה ופיקדון, מלווה ולווה, טוען ונטען ונחלות."
"הלכה/משנה תורה/מפרשים/משנה למלך/ספר משפטים","","","השלושה עשר שבארבעה עשר: דיני ממונות שאין בתחילתם נזק — שכירות, שאלה ופיקדון, מלווה ולווה, טוען ונטען ונחלות.","השלושה עשר שבארבעה עשר: דיני ממונות שאין בתחילתם נזק — שכירות, שאלה ופיקדון, מלווה ולווה, טוען ונטען ונחלות."
"הלכה/משנה תורה/מפרשים/יצחק ירנן/ספר משפטים","","","השלושה עשר שבארבעה עשר: דיני ממונות שאין בתחילתם נזק — שכירות, שאלה ופיקדון, מלווה ולווה, טוען ונטען ונחלות.","השלושה עשר שבארבעה עשר: דיני ממונות שאין בתחילתם נזק — שכירות, שאלה ופיקדון, מלווה ולווה, טוען ונטען ונחלות."
"הלכה/משנה תורה/מפרשים/ציוני מהר״ן/ספר משפטים","","","השלושה עשר שבארבעה עשר: דיני ממונות שאין בתחילתם נזק — שכירות, שאלה ופיקדון, מלווה ולווה, טוען ונטען ונחלות.","השלושה עשר שבארבעה עשר: דיני ממונות שאין בתחילתם נזק — שכירות, שאלה ופיקדון, מלווה ולווה, טוען ונטען ונחלות."
"הלכה/משנה תורה/מפרשים/שער המלך/ספר משפטים","","","השלושה עשר שבארבעה עשר: דיני ממונות שאין בתחילתם נזק — שכירות, שאלה ופיקדון, מלווה ולווה, טוען ונטען ונחלות.","השלושה עשר שבארבעה עשר: דיני ממונות שאין בתחילתם נזק — שכירות, שאלה ופיקדון, מלווה ולווה, טוען ונטען ונחלות."
"הלכה/משנה תורה/מפרשים/הגהות מהר״ם פדווא/ספר משפטים","","","השלושה עשר שבארבעה עשר: דיני ממונות שאין בתחילתם נזק — שכירות, שאלה ופיקדון, מלווה ולווה, טוען ונטען ונחלות.","השלושה עשר שבארבעה עשר: דיני ממונות שאין בתחילתם נזק — שכירות, שאלה ופיקדון, מלווה ולווה, טוען ונטען ונחלות."
"הלכה/משנה תורה/מפרשים/מקורי הרמב״ם לרש״ש/ספר משפטים","","","השלושה עשר שבארבעה עשר: דיני ממונות שאין בתחילתם נזק — שכירות, שאלה ופיקדון, מלווה ולווה, טוען ונטען ונחלות.","השלושה עשר שבארבעה עשר: דיני ממונות שאין בתחילתם נזק — שכירות, שאלה ופיקדון, מלווה ולווה, טוען ונטען ונחלות."
"הלכה/משנה תורה/מפרשים/קרית ספר/ספר משפטים","","","השלושה עשר שבארבעה עשר: דיני ממונות שאין בתחילתם נזק — שכירות, שאלה ופיקדון, מלווה ולווה, טוען ונטען ונחלות.","השלושה עשר שבארבעה עשר: דיני ממונות שאין בתחילתם נזק — שכירות, שאלה ופיקדון, מלווה ולווה, טוען ונטען ונחלות."
"הלכה/משנה תורה/מפרשים/מלאכת שלמה/ספר משפטים","","","השלושה עשר שבארבעה עשר: דיני ממונות שאין בתחילתם נזק — שכירות, שאלה ופיקדון, מלווה ולווה, טוען ונטען ונחלות.","השלושה עשר שבארבעה עשר: דיני ממונות שאין בתחילתם נזק — שכירות, שאלה ופיקדון, מלווה ולווה, טוען ונטען ונחלות."
"הלכה/משנה תורה/מפרשים/חידושים מהגאון בעל מחנה אפרים/ספר משפטים","","","השלושה עשר שבארבעה עשר: דיני ממונות שאין בתחילתם נזק — שכירות, שאלה ופיקדון, מלווה ולווה, טוען ונטען ונחלות.","השלושה עשר שבארבעה עשר: דיני ממונות שאין בתחילתם נזק — שכירות, שאלה ופיקדון, מלווה ולווה, טוען ונטען ונחלות."
"הלכה/משנה תורה/מפרשים/השגות הראב״ד/ספר משפטים","","","השלושה עשר שבארבעה עשר: דיני ממונות שאין בתחילתם נזק — שכירות, שאלה ופיקדון, מלווה ולווה, טוען ונטען ונחלות.","השלושה עשר שבארבעה עשר: דיני ממונות שאין בתחילתם נזק — שכירות, שאלה ופיקדון, מלווה ולווה, טוען ונטען ונחלות."
"הלכה/משנה תורה/מפרשים/מגדל עוז/ספר משפטים","","","השלושה עשר שבארבעה עשר: דיני ממונות שאין בתחילתם נזק — שכירות, שאלה ופיקדון, מלווה ולווה, טוען ונטען ונחלות.","השלושה עשר שבארבעה עשר: דיני ממונות שאין בתחילתם נזק — שכירות, שאלה ופיקדון, מלווה ולווה, טוען ונטען ונחלות."
"הלכה/משנה תורה/מפרשים/קונטרס תשובה מיראה/ספר משפטים","","","השלושה עשר שבארבעה עשר: דיני ממונות שאין בתחילתם נזק — שכירות, שאלה ופיקדון, מלווה ולווה, טוען ונטען ונחלות.","השלושה עשר שבארבעה עשר: דיני ממונות שאין בתחילתם נזק — שכירות, שאלה ופיקדון, מלווה ולווה, טוען ונטען ונחלות."
"הלכה/משנה תורה/מפרשים/בן אריה/ספר משפטים","","","השלושה עשר שבארבעה עשר: דיני ממונות שאין בתחילתם נזק — שכירות, שאלה ופיקדון, מלווה ולווה, טוען ונטען ונחלות.","השלושה עשר שבארבעה עשר: דיני ממונות שאין בתחילתם נזק — שכירות, שאלה ופיקדון, מלווה ולווה, טוען ונטען ונחלות."
"הלכה/משנה תורה/מפרשים/יד איתן/ספר משפטים","","","השלושה עשר שבארבעה עשר: דיני ממונות שאין בתחילתם נזק — שכירות, שאלה ופיקדון, מלווה ולווה, טוען ונטען ונחלות.","השלושה עשר שבארבעה עשר: דיני ממונות שאין בתחילתם נזק — שכירות, שאלה ופיקדון, מלווה ולווה, טוען ונטען ונחלות."
"הלכה/משנה תורה/ספר נזיקין","","","האחד עשר שבארבעה עשר: נזקי ממון, גניבה, גזילה ואבידה, חובל ומזיק, ורוצח ושמירת נפש.","האחד עשר שבארבעה עשר: נזקי ממון, גניבה, גזילה ואבידה, חובל ומזיק, ורוצח ושמירת נפש."
"הלכה/משנה תורה/מפרשים/חידושים ומקורים מבעל מנחת חינוך/ספר נזיקין","","","האחד עשר שבארבעה עשר: נזקי ממון, גניבה, גזילה ואבידה, חובל ומזיק, ורוצח ושמירת נפש.","האחד עשר שבארבעה עשר: נזקי ממון, גניבה, גזילה ואבידה, חובל ומזיק, ורוצח ושמירת נפש."
"הלכה/משנה תורה/מפרשים/לחם משנה/ספר נזיקין","","","האחד עשר שבארבעה עשר: נזקי ממון, גניבה, גזילה ואבידה, חובל ומזיק, ורוצח ושמירת נפש.","האחד עשר שבארבעה עשר: נזקי ממון, גניבה, גזילה ואבידה, חובל ומזיק, ורוצח ושמירת נפש."
"הלכה/משנה תורה/מפרשים/מעשה רקח/ספר נזיקין","","","האחד עשר שבארבעה עשר: נזקי ממון, גניבה, גזילה ואבידה, חובל ומזיק, ורוצח ושמירת נפש.","האחד עשר שבארבעה עשר: נזקי ממון, גניבה, גזילה ואבידה, חובל ומזיק, ורוצח ושמירת נפש."
"הלכה/משנה תורה/מפרשים/אור שמח/ספר נזיקין","","","האחד עשר שבארבעה עשר: נזקי ממון, גניבה, גזילה ואבידה, חובל ומזיק, ורוצח ושמירת נפש.","האחד עשר שבארבעה עשר: נזקי ממון, גניבה, גזילה ואבידה, חובל ומזיק, ורוצח ושמירת נפש."
"הלכה/משנה תורה/מפרשים/כסף משנה/ספר נזיקין","","","האחד עשר שבארבעה עשר: נזקי ממון, גניבה, גזילה ואבידה, חובל ומזיק, ורוצח ושמירת נפש.","האחד עשר שבארבעה עשר: נזקי ממון, גניבה, גזילה ואבידה, חובל ומזיק, ורוצח ושמירת נפש."
"הלכה/משנה תורה/מפרשים/מגיד משנה/ספר נזיקין","","","האחד עשר שבארבעה עשר: נזקי ממון, גניבה, גזילה ואבידה, חובל ומזיק, ורוצח ושמירת נפש.","האחד עשר שבארבעה עשר: נזקי ממון, גניבה, גזילה ואבידה, חובל ומזיק, ורוצח ושמירת נפש."
"הלכה/משנה תורה/מפרשים/שורשי הים/ספר נזיקין","","","האחד עשר שבארבעה עשר: נזקי ממון, גניבה, גזילה ואבידה, חובל ומזיק, ורוצח ושמירת נפש.","האחד עשר שבארבעה עשר: נזקי ממון, גניבה, גזילה ואבידה, חובל ומזיק, ורוצח ושמירת נפש."
"הלכה/משנה תורה/מפרשים/אבן האזל/ספר נזיקין","","","האחד עשר שבארבעה עשר: נזקי ממון, גניבה, גזילה ואבידה, חובל ומזיק, ורוצח ושמירת נפש.","האחד עשר שבארבעה עשר: נזקי ממון, גניבה, גזילה ואבידה, חובל ומזיק, ורוצח ושמירת נפש."
"הלכה/משנה תורה/מפרשים/משנה למלך/ספר נזיקין","","","האחד עשר שבארבעה עשר: נזקי ממון, גניבה, גזילה ואבידה, חובל ומזיק, ורוצח ושמירת נפש.","האחד עשר שבארבעה עשר: נזקי ממון, גניבה, גזילה ואבידה, חובל ומזיק, ורוצח ושמירת נפש."
"הלכה/משנה תורה/מפרשים/יצחק ירנן/ספר נזיקין","","","האחד עשר שבארבעה עשר: נזקי ממון, גניבה, גזילה ואבידה, חובל ומזיק, ורוצח ושמירת נפש.","האחד עשר שבארבעה עשר: נזקי ממון, גניבה, גזילה ואבידה, חובל ומזיק, ורוצח ושמירת נפש."
"הלכה/משנה תורה/מפרשים/ציוני מהר״ן/ספר נזיקין","","","האחד עשר שבארבעה עשר: נזקי ממון, גניבה, גזילה ואבידה, חובל ומזיק, ורוצח ושמירת נפש.","האחד עשר שבארבעה עשר: נזקי ממון, גניבה, גזילה ואבידה, חובל ומזיק, ורוצח ושמירת נפש."
"הלכה/משנה תורה/מפרשים/שער המלך/ספר נזיקין","","","האחד עשר שבארבעה עשר: נזקי ממון, גניבה, גזילה ואבידה, חובל ומזיק, ורוצח ושמירת נפש.","האחד עשר שבארבעה עשר: נזקי ממון, גניבה, גזילה ואבידה, חובל ומזיק, ורוצח ושמירת נפש."
"הלכה/משנה תורה/מפרשים/הגהות מהר״ם פדווא/ספר נזיקין","","","האחד עשר שבארבעה עשר: נזקי ממון, גניבה, גזילה ואבידה, חובל ומזיק, ורוצח ושמירת נפש.","האחד עשר שבארבעה עשר: נזקי ממון, גניבה, גזילה ואבידה, חובל ומזיק, ורוצח ושמירת נפש."
"הלכה/משנה תורה/מפרשים/מקורי הרמב״ם לרש״ש/ספר נזיקין","","","האחד עשר שבארבעה עשר: נזקי ממון, גניבה, גזילה ואבידה, חובל ומזיק, ורוצח ושמירת נפש.","האחד עשר שבארבעה עשר: נזקי ממון, גניבה, גזילה ואבידה, חובל ומזיק, ורוצח ושמירת נפש."
"הלכה/משנה תורה/מפרשים/קרית ספר/ספר נזיקין","","","האחד עשר שבארבעה עשר: נזקי ממון, גניבה, גזילה ואבידה, חובל ומזיק, ורוצח ושמירת נפש.","האחד עשר שבארבעה עשר: נזקי ממון, גניבה, גזילה ואבידה, חובל ומזיק, ורוצח ושמירת נפש."
"הלכה/משנה תורה/מפרשים/מלאכת שלמה/ספר נזיקין","","","האחד עשר שבארבעה עשר: נזקי ממון, גניבה, גזילה ואבידה, חובל ומזיק, ורוצח ושמירת נפש.","האחד עשר שבארבעה עשר: נזקי ממון, גניבה, גזילה ואבידה, חובל ומזיק, ורוצח ושמירת נפש."
"הלכה/משנה תורה/מפרשים/חידושים ומקורים מהר״ץ חיות/ספר נזיקין","","","האחד עשר שבארבעה עשר: נזקי ממון, גניבה, גזילה ואבידה, חובל ומזיק, ורוצח ושמירת נפש.","האחד עשר שבארבעה עשר: נזקי ממון, גניבה, גזילה ואבידה, חובל ומזיק, ורוצח ושמירת נפש."
"הלכה/משנה תורה/מפרשים/השגות הראב״ד/ספר נזיקין","","","האחד עשר שבארבעה עשר: נזקי ממון, גניבה, גזילה ואבידה, חובל ומזיק, ורוצח ושמירת נפש.","האחד עשר שבארבעה עשר: נזקי ממון, גניבה, גזילה ואבידה, חובל ומזיק, ורוצח ושמירת נפש."
"הלכה/משנה תורה/מפרשים/מגדל עוז/ספר נזיקין","","","האחד עשר שבארבעה עשר: נזקי ממון, גניבה, גזילה ואבידה, חובל ומזיק, ורוצח ושמירת נפש.","האחד עשר שבארבעה עשר: נזקי ממון, גניבה, גזילה ואבידה, חובל ומזיק, ורוצח ושמירת נפש."
"הלכה/משנה תורה/מפרשים/יד דוד/ספר נזיקין","","","האחד עשר שבארבעה עשר: נזקי ממון, גניבה, גזילה ואבידה, חובל ומזיק, ורוצח ושמירת נפש.","האחד עשר שבארבעה עשר: נזקי ממון, גניבה, גזילה ואבידה, חובל ומזיק, ורוצח ושמירת נפש."
"הלכה/משנה תורה/מפרשים/קונטרס תשובה מיראה/ספר נזיקין","","","האחד עשר שבארבעה עשר: נזקי ממון, גניבה, גזילה ואבידה, חובל ומזיק, ורוצח ושמירת נפש.","האחד עשר שבארבעה עשר: נזקי ממון, גניבה, גזילה ואבידה, חובל ומזיק, ורוצח ושמירת נפש."
"הלכה/משנה תורה/מפרשים/בן אריה/ספר נזיקין","","","האחד עשר שבארבעה עשר: נזקי ממון, גניבה, גזילה ואבידה, חובל ומזיק, ורוצח ושמירת נפש.","האחד עשר שבארבעה עשר: נזקי ממון, גניבה, גזילה ואבידה, חובל ומזיק, ורוצח ושמירת נפש."
"הלכה/משנה תורה/מפרשים/יד איתן/ספר נזיקין","","","האחד עשר שבארבעה עשר: נזקי ממון, גניבה, גזילה ואבידה, חובל ומזיק, ורוצח ושמירת נפש.","האחד עשר שבארבעה עשר: נזקי ממון, גניבה, גזילה ואבידה, חובל ומזיק, ורוצח ושמירת נפש."
"הלכה/משנה תורה/ספר נשים","","","הרביעי שבארבעה עשר: אישות, גירושין, ייבום וחליצה, נערה בתולה וסוטה.","הרביעי שבארבעה עשר: אישות, גירושין, ייבום וחליצה, נערה בתולה וסוטה."
"הלכה/משנה תורה/מפרשים/חידושים ומקורים מבעל מנחת חינוך/ספר נשים","","","הרביעי שבארבעה עשר: אישות, גירושין, ייבום וחליצה, נערה בתולה וסוטה.","הרביעי שבארבעה עשר: אישות, גירושין, ייבום וחליצה, נערה בתולה וסוטה."
"הלכה/משנה תורה/מפרשים/לחם משנה/ספר נשים","","","הרביעי שבארבעה עשר: אישות, גירושין, ייבום וחליצה, נערה בתולה וסוטה.","הרביעי שבארבעה עשר: אישות, גירושין, ייבום וחליצה, נערה בתולה וסוטה."
"הלכה/משנה תורה/מפרשים/מעשה רקח/ספר נשים","","","הרביעי שבארבעה עשר: אישות, גירושין, ייבום וחליצה, נערה בתולה וסוטה.","הרביעי שבארבעה עשר: אישות, גירושין, ייבום וחליצה, נערה בתולה וסוטה."
"הלכה/משנה תורה/מפרשים/אור שמח/ספר נשים","","","הרביעי שבארבעה עשר: אישות, גירושין, ייבום וחליצה, נערה בתולה וסוטה.","הרביעי שבארבעה עשר: אישות, גירושין, ייבום וחליצה, נערה בתולה וסוטה."
"הלכה/משנה תורה/מפרשים/כסף משנה/ספר נשים","","","הרביעי שבארבעה עשר: אישות, גירושין, ייבום וחליצה, נערה בתולה וסוטה.","הרביעי שבארבעה עשר: אישות, גירושין, ייבום וחליצה, נערה בתולה וסוטה."
"הלכה/משנה תורה/מפרשים/מגיד משנה/ספר נשים","","","הרביעי שבארבעה עשר: אישות, גירושין, ייבום וחליצה, נערה בתולה וסוטה.","הרביעי שבארבעה עשר: אישות, גירושין, ייבום וחליצה, נערה בתולה וסוטה."
"הלכה/משנה תורה/מפרשים/חידושים ומקורים מהרב זלמן מווילנא/ספר נשים","","","הרביעי שבארבעה עשר: אישות, גירושין, ייבום וחליצה, נערה בתולה וסוטה.","הרביעי שבארבעה עשר: אישות, גירושין, ייבום וחליצה, נערה בתולה וסוטה."
"הלכה/משנה תורה/מפרשים/שורשי הים/ספר נשים","","","הרביעי שבארבעה עשר: אישות, גירושין, ייבום וחליצה, נערה בתולה וסוטה.","הרביעי שבארבעה עשר: אישות, גירושין, ייבום וחליצה, נערה בתולה וסוטה."
"הלכה/משנה תורה/מפרשים/אבן האזל/ספר נשים","","","הרביעי שבארבעה עשר: אישות, גירושין, ייבום וחליצה, נערה בתולה וסוטה.","הרביעי שבארבעה עשר: אישות, גירושין, ייבום וחליצה, נערה בתולה וסוטה."
"הלכה/משנה תורה/מפרשים/נחל איתן/ספר נשים","","","הרביעי שבארבעה עשר: אישות, גירושין, ייבום וחליצה, נערה בתולה וסוטה.","הרביעי שבארבעה עשר: אישות, גירושין, ייבום וחליצה, נערה בתולה וסוטה."
"הלכה/משנה תורה/מפרשים/צפנת פענח/ספר נשים","","","הרביעי שבארבעה עשר: אישות, גירושין, ייבום וחליצה, נערה בתולה וסוטה.","הרביעי שבארבעה עשר: אישות, גירושין, ייבום וחליצה, נערה בתולה וסוטה."
"הלכה/משנה תורה/מפרשים/משנה למלך/ספר נשים","","","הרביעי שבארבעה עשר: אישות, גירושין, ייבום וחליצה, נערה בתולה וסוטה.","הרביעי שבארבעה עשר: אישות, גירושין, ייבום וחליצה, נערה בתולה וסוטה."
"הלכה/משנה תורה/מפרשים/יצחק ירנן/ספר נשים","","","הרביעי שבארבעה עשר: אישות, גירושין, ייבום וחליצה, נערה בתולה וסוטה.","הרביעי שבארבעה עשר: אישות, גירושין, ייבום וחליצה, נערה בתולה וסוטה."
"הלכה/משנה תורה/מפרשים/ציוני מהר״ן/ספר נשים","","","הרביעי שבארבעה עשר: אישות, גירושין, ייבום וחליצה, נערה בתולה וסוטה.","הרביעי שבארבעה עשר: אישות, גירושין, ייבום וחליצה, נערה בתולה וסוטה."
"הלכה/משנה תורה/מפרשים/שער המלך/ספר נשים","","","הרביעי שבארבעה עשר: אישות, גירושין, ייבום וחליצה, נערה בתולה וסוטה.","הרביעי שבארבעה עשר: אישות, גירושין, ייבום וחליצה, נערה בתולה וסוטה."
"הלכה/משנה תורה/מפרשים/הגהות מהר״ם פדווא/ספר נשים","","","הרביעי שבארבעה עשר: אישות, גירושין, ייבום וחליצה, נערה בתולה וסוטה.","הרביעי שבארבעה עשר: אישות, גירושין, ייבום וחליצה, נערה בתולה וסוטה."
"הלכה/משנה תורה/מפרשים/מקורי הרמב״ם לרש״ש/ספר נשים","","","הרביעי שבארבעה עשר: אישות, גירושין, ייבום וחליצה, נערה בתולה וסוטה.","הרביעי שבארבעה עשר: אישות, גירושין, ייבום וחליצה, נערה בתולה וסוטה."
"הלכה/משנה תורה/מפרשים/קרית ספר/ספר נשים","","","הרביעי שבארבעה עשר: אישות, גירושין, ייבום וחליצה, נערה בתולה וסוטה.","הרביעי שבארבעה עשר: אישות, גירושין, ייבום וחליצה, נערה בתולה וסוטה."
"הלכה/משנה תורה/מפרשים/מלאכת שלמה/ספר נשים","","","הרביעי שבארבעה עשר: אישות, גירושין, ייבום וחליצה, נערה בתולה וסוטה.","הרביעי שבארבעה עשר: אישות, גירושין, ייבום וחליצה, נערה בתולה וסוטה."
"הלכה/משנה תורה/מפרשים/חידושים ומקורים מהר״ץ חיות/ספר נשים","","","הרביעי שבארבעה עשר: אישות, גירושין, ייבום וחליצה, נערה בתולה וסוטה.","הרביעי שבארבעה עשר: אישות, גירושין, ייבום וחליצה, נערה בתולה וסוטה."
"הלכה/משנה תורה/מפרשים/ברכת אברהם/ספר נשים","","","הרביעי שבארבעה עשר: אישות, גירושין, ייבום וחליצה, נערה בתולה וסוטה.","הרביעי שבארבעה עשר: אישות, גירושין, ייבום וחליצה, נערה בתולה וסוטה."
"הלכה/משנה תורה/מפרשים/בני אהובה/ספר נשים","","","הרביעי שבארבעה עשר: אישות, גירושין, ייבום וחליצה, נערה בתולה וסוטה.","הרביעי שבארבעה עשר: אישות, גירושין, ייבום וחליצה, נערה בתולה וסוטה."
"הלכה/משנה תורה/מפרשים/חידושים מהגאון בעל מחנה אפרים/ספר נשים","","","הרביעי שבארבעה עשר: אישות, גירושין, ייבום וחליצה, נערה בתולה וסוטה.","הרביעי שבארבעה עשר: אישות, גירושין, ייבום וחליצה, נערה בתולה וסוטה."
"הלכה/משנה תורה/מפרשים/השגות הראב״ד/ספר נשים","","","הרביעי שבארבעה עשר: אישות, גירושין, ייבום וחליצה, נערה בתולה וסוטה.","הרביעי שבארבעה עשר: אישות, גירושין, ייבום וחליצה, נערה בתולה וסוטה."
"הלכה/משנה תורה/מפרשים/לב שלם/ספר נשים","","","הרביעי שבארבעה עשר: אישות, גירושין, ייבום וחליצה, נערה בתולה וסוטה.","הרביעי שבארבעה עשר: אישות, גירושין, ייבום וחליצה, נערה בתולה וסוטה."
"הלכה/משנה תורה/מפרשים/קובץ על היד החזקה/ספר נשים","","","הרביעי שבארבעה עשר: אישות, גירושין, ייבום וחליצה, נערה בתולה וסוטה.","הרביעי שבארבעה עשר: אישות, גירושין, ייבום וחליצה, נערה בתולה וסוטה."
"הלכה/משנה תורה/מפרשים/מגדל עוז/ספר נשים","","","הרביעי שבארבעה עשר: אישות, גירושין, ייבום וחליצה, נערה בתולה וסוטה.","הרביעי שבארבעה עשר: אישות, גירושין, ייבום וחליצה, נערה בתולה וסוטה."
"הלכה/משנה תורה/מפרשים/יד דוד/ספר נשים","","","הרביעי שבארבעה עשר: אישות, גירושין, ייבום וחליצה, נערה בתולה וסוטה.","הרביעי שבארבעה עשר: אישות, גירושין, ייבום וחליצה, נערה בתולה וסוטה."
"הלכה/משנה תורה/מפרשים/קונטרס תשובה מיראה/ספר נשים","","","הרביעי שבארבעה עשר: אישות, גירושין, ייבום וחליצה, נערה בתולה וסוטה.","הרביעי שבארבעה עשר: אישות, גירושין, ייבום וחליצה, נערה בתולה וסוטה."
"הלכה/משנה תורה/מפרשים/בן אריה/ספר נשים","","","הרביעי שבארבעה עשר: אישות, גירושין, ייבום וחליצה, נערה בתולה וסוטה.","הרביעי שבארבעה עשר: אישות, גירושין, ייבום וחליצה, נערה בתולה וסוטה."
"הלכה/משנה תורה/מפרשים/יד איתן/ספר נשים","","","הרביעי שבארבעה עשר: אישות, גירושין, ייבום וחליצה, נערה בתולה וסוטה.","הרביעי שבארבעה עשר: אישות, גירושין, ייבום וחליצה, נערה בתולה וסוטה."
"הלכה/משנה תורה/ספר עבודה","","","השמיני שבארבעה עשר: המקדש ועבודתו — בית הבחירה, כלי המקדש, מעשה הקרבנות, תמידין ומוספין, עבודת יום הכיפורים ומעילה.","השמיני שבארבעה עשר: המקדש ועבודתו — בית הבחירה, כלי המקדש, מעשה הקרבנות, תמידין ומוספין, עבודת יום הכיפורים ומעילה."
"הלכה/משנה תורה/מפרשים/חידושים ומקורים מבעל מנחת חינוך/ספר עבודה","","","השמיני שבארבעה עשר: המקדש ועבודתו — בית הבחירה, כלי המקדש, מעשה הקרבנות, תמידין ומוספין, עבודת יום הכיפורים ומעילה.","השמיני שבארבעה עשר: המקדש ועבודתו — בית הבחירה, כלי המקדש, מעשה הקרבנות, תמידין ומוספין, עבודת יום הכיפורים ומעילה."
"הלכה/משנה תורה/מפרשים/יכהן פאר/ספר עבודה","","","השמיני שבארבעה עשר: המקדש ועבודתו — בית הבחירה, כלי המקדש, מעשה הקרבנות, תמידין ומוספין, עבודת יום הכיפורים ומעילה.","השמיני שבארבעה עשר: המקדש ועבודתו — בית הבחירה, כלי המקדש, מעשה הקרבנות, תמידין ומוספין, עבודת יום הכיפורים ומעילה."
"הלכה/משנה תורה/מפרשים/לחם משנה/ספר עבודה","","","השמיני שבארבעה עשר: המקדש ועבודתו — בית הבחירה, כלי המקדש, מעשה הקרבנות, תמידין ומוספין, עבודת יום הכיפורים ומעילה.","השמיני שבארבעה עשר: המקדש ועבודתו — בית הבחירה, כלי המקדש, מעשה הקרבנות, תמידין ומוספין, עבודת יום הכיפורים ומעילה."
"הלכה/משנה תורה/מפרשים/מעשה רקח/ספר עבודה","","","השמיני שבארבעה עשר: המקדש ועבודתו — בית הבחירה, כלי המקדש, מעשה הקרבנות, תמידין ומוספין, עבודת יום הכיפורים ומעילה.","השמיני שבארבעה עשר: המקדש ועבודתו — בית הבחירה, כלי המקדש, מעשה הקרבנות, תמידין ומוספין, עבודת יום הכיפורים ומעילה."
"הלכה/משנה תורה/מפרשים/אור שמח/ספר עבודה","","","השמיני שבארבעה עשר: המקדש ועבודתו — בית הבחירה, כלי המקדש, מעשה הקרבנות, תמידין ומוספין, עבודת יום הכיפורים ומעילה.","השמיני שבארבעה עשר: המקדש ועבודתו — בית הבחירה, כלי המקדש, מעשה הקרבנות, תמידין ומוספין, עבודת יום הכיפורים ומעילה."
"הלכה/משנה תורה/מפרשים/כסף משנה/ספר עבודה","","","השמיני שבארבעה עשר: המקדש ועבודתו — בית הבחירה, כלי המקדש, מעשה הקרבנות, תמידין ומוספין, עבודת יום הכיפורים ומעילה.","השמיני שבארבעה עשר: המקדש ועבודתו — בית הבחירה, כלי המקדש, מעשה הקרבנות, תמידין ומוספין, עבודת יום הכיפורים ומעילה."
"הלכה/משנה תורה/מפרשים/מעשי למלך/ספר עבודה","","","השמיני שבארבעה עשר: המקדש ועבודתו — בית הבחירה, כלי המקדש, מעשה הקרבנות, תמידין ומוספין, עבודת יום הכיפורים ומעילה.","השמיני שבארבעה עשר: המקדש ועבודתו — בית הבחירה, כלי המקדש, מעשה הקרבנות, תמידין ומוספין, עבודת יום הכיפורים ומעילה."
"הלכה/משנה תורה/מפרשים/שורשי הים/ספר עבודה","","","השמיני שבארבעה עשר: המקדש ועבודתו — בית הבחירה, כלי המקדש, מעשה הקרבנות, תמידין ומוספין, עבודת יום הכיפורים ומעילה.","השמיני שבארבעה עשר: המקדש ועבודתו — בית הבחירה, כלי המקדש, מעשה הקרבנות, תמידין ומוספין, עבודת יום הכיפורים ומעילה."
"הלכה/משנה תורה/מפרשים/אבן האזל/ספר עבודה","","","השמיני שבארבעה עשר: המקדש ועבודתו — בית הבחירה, כלי המקדש, מעשה הקרבנות, תמידין ומוספין, עבודת יום הכיפורים ומעילה.","השמיני שבארבעה עשר: המקדש ועבודתו — בית הבחירה, כלי המקדש, מעשה הקרבנות, תמידין ומוספין, עבודת יום הכיפורים ומעילה."
"הלכה/משנה תורה/מפרשים/משנה למלך/ספר עבודה","","","השמיני שבארבעה עשר: המקדש ועבודתו — בית הבחירה, כלי המקדש, מעשה הקרבנות, תמידין ומוספין, עבודת יום הכיפורים ומעילה.","השמיני שבארבעה עשר: המקדש ועבודתו — בית הבחירה, כלי המקדש, מעשה הקרבנות, תמידין ומוספין, עבודת יום הכיפורים ומעילה."
"הלכה/משנה תורה/מפרשים/יצחק ירנן/ספר עבודה","","","השמיני שבארבעה עשר: המקדש ועבודתו — בית הבחירה, כלי המקדש, מעשה הקרבנות, תמידין ומוספין, עבודת יום הכיפורים ומעילה.","השמיני שבארבעה עשר: המקדש ועבודתו — בית הבחירה, כלי המקדש, מעשה הקרבנות, תמידין ומוספין, עבודת יום הכיפורים ומעילה."
"הלכה/משנה תורה/מפרשים/ציוני מהר״ן/ספר עבודה","","","השמיני שבארבעה עשר: המקדש ועבודתו — בית הבחירה, כלי המקדש, מעשה הקרבנות, תמידין ומוספין, עבודת יום הכיפורים ומעילה.","השמיני שבארבעה עשר: המקדש ועבודתו — בית הבחירה, כלי המקדש, מעשה הקרבנות, תמידין ומוספין, עבודת יום הכיפורים ומעילה."
"הלכה/משנה תורה/מפרשים/שער המלך/ספר עבודה","","","השמיני שבארבעה עשר: המקדש ועבודתו — בית הבחירה, כלי המקדש, מעשה הקרבנות, תמידין ומוספין, עבודת יום הכיפורים ומעילה.","השמיני שבארבעה עשר: המקדש ועבודתו — בית הבחירה, כלי המקדש, מעשה הקרבנות, תמידין ומוספין, עבודת יום הכיפורים ומעילה."
"הלכה/משנה תורה/מפרשים/מקורי הרמב״ם לרש״ש/ספר עבודה","","","השמיני שבארבעה עשר: המקדש ועבודתו — בית הבחירה, כלי המקדש, מעשה הקרבנות, תמידין ומוספין, עבודת יום הכיפורים ומעילה.","השמיני שבארבעה עשר: המקדש ועבודתו — בית הבחירה, כלי המקדש, מעשה הקרבנות, תמידין ומוספין, עבודת יום הכיפורים ומעילה."
"הלכה/משנה תורה/מפרשים/קרית ספר/ספר עבודה","","","השמיני שבארבעה עשר: המקדש ועבודתו — בית הבחירה, כלי המקדש, מעשה הקרבנות, תמידין ומוספין, עבודת יום הכיפורים ומעילה.","השמיני שבארבעה עשר: המקדש ועבודתו — בית הבחירה, כלי המקדש, מעשה הקרבנות, תמידין ומוספין, עבודת יום הכיפורים ומעילה."
"הלכה/משנה תורה/מפרשים/לחם שמים/ספר עבודה","","","השמיני שבארבעה עשר: המקדש ועבודתו — בית הבחירה, כלי המקדש, מעשה הקרבנות, תמידין ומוספין, עבודת יום הכיפורים ומעילה.","השמיני שבארבעה עשר: המקדש ועבודתו — בית הבחירה, כלי המקדש, מעשה הקרבנות, תמידין ומוספין, עבודת יום הכיפורים ומעילה."
"הלכה/משנה תורה/מפרשים/מלאכת שלמה/ספר עבודה","","","השמיני שבארבעה עשר: המקדש ועבודתו — בית הבחירה, כלי המקדש, מעשה הקרבנות, תמידין ומוספין, עבודת יום הכיפורים ומעילה.","השמיני שבארבעה עשר: המקדש ועבודתו — בית הבחירה, כלי המקדש, מעשה הקרבנות, תמידין ומוספין, עבודת יום הכיפורים ומעילה."
"הלכה/משנה תורה/מפרשים/חידושים ומקורים מהר״ץ חיות/ספר עבודה","","","השמיני שבארבעה עשר: המקדש ועבודתו — בית הבחירה, כלי המקדש, מעשה הקרבנות, תמידין ומוספין, עבודת יום הכיפורים ומעילה.","השמיני שבארבעה עשר: המקדש ועבודתו — בית הבחירה, כלי המקדש, מעשה הקרבנות, תמידין ומוספין, עבודת יום הכיפורים ומעילה."
"הלכה/משנה תורה/מפרשים/ברכת אברהם/ספר עבודה","","","השמיני שבארבעה עשר: המקדש ועבודתו — בית הבחירה, כלי המקדש, מעשה הקרבנות, תמידין ומוספין, עבודת יום הכיפורים ומעילה.","השמיני שבארבעה עשר: המקדש ועבודתו — בית הבחירה, כלי המקדש, מעשה הקרבנות, תמידין ומוספין, עבודת יום הכיפורים ומעילה."
"הלכה/משנה תורה/מפרשים/חידושים מהגאון בעל מחנה אפרים/ספר עבודה","","","השמיני שבארבעה עשר: המקדש ועבודתו — בית הבחירה, כלי המקדש, מעשה הקרבנות, תמידין ומוספין, עבודת יום הכיפורים ומעילה.","השמיני שבארבעה עשר: המקדש ועבודתו — בית הבחירה, כלי המקדש, מעשה הקרבנות, תמידין ומוספין, עבודת יום הכיפורים ומעילה."
"הלכה/משנה תורה/מפרשים/השגות הראב״ד/ספר עבודה","","","השמיני שבארבעה עשר: המקדש ועבודתו — בית הבחירה, כלי המקדש, מעשה הקרבנות, תמידין ומוספין, עבודת יום הכיפורים ומעילה.","השמיני שבארבעה עשר: המקדש ועבודתו — בית הבחירה, כלי המקדש, מעשה הקרבנות, תמידין ומוספין, עבודת יום הכיפורים ומעילה."
"הלכה/משנה תורה/מפרשים/באורי מהר״י קורקוס והרדב״ז/ספר עבודה","","","השמיני שבארבעה עשר: המקדש ועבודתו — בית הבחירה, כלי המקדש, מעשה הקרבנות, תמידין ומוספין, עבודת יום הכיפורים ומעילה.","השמיני שבארבעה עשר: המקדש ועבודתו — בית הבחירה, כלי המקדש, מעשה הקרבנות, תמידין ומוספין, עבודת יום הכיפורים ומעילה."
"הלכה/משנה תורה/מפרשים/יד דוד/ספר עבודה","","","השמיני שבארבעה עשר: המקדש ועבודתו — בית הבחירה, כלי המקדש, מעשה הקרבנות, תמידין ומוספין, עבודת יום הכיפורים ומעילה.","השמיני שבארבעה עשר: המקדש ועבודתו — בית הבחירה, כלי המקדש, מעשה הקרבנות, תמידין ומוספין, עבודת יום הכיפורים ומעילה."
"הלכה/משנה תורה/מפרשים/הר המוריה/ספר עבודה","","","השמיני שבארבעה עשר: המקדש ועבודתו — בית הבחירה, כלי המקדש, מעשה הקרבנות, תמידין ומוספין, עבודת יום הכיפורים ומעילה.","השמיני שבארבעה עשר: המקדש ועבודתו — בית הבחירה, כלי המקדש, מעשה הקרבנות, תמידין ומוספין, עבודת יום הכיפורים ומעילה."
"הלכה/משנה תורה/מפרשים/קונטרס תשובה מיראה/ספר עבודה","","","השמיני שבארבעה עשר: המקדש ועבודתו — בית הבחירה, כלי המקדש, מעשה הקרבנות, תמידין ומוספין, עבודת יום הכיפורים ומעילה.","השמיני שבארבעה עשר: המקדש ועבודתו — בית הבחירה, כלי המקדש, מעשה הקרבנות, תמידין ומוספין, עבודת יום הכיפורים ומעילה."
"הלכה/משנה תורה/מפרשים/בן אריה/ספר עבודה","","","השמיני שבארבעה עשר: המקדש ועבודתו — בית הבחירה, כלי המקדש, מעשה הקרבנות, תמידין ומוספין, עבודת יום הכיפורים ומעילה.","השמיני שבארבעה עשר: המקדש ועבודתו — בית הבחירה, כלי המקדש, מעשה הקרבנות, תמידין ומוספין, עבודת יום הכיפורים ומעילה."
"הלכה/משנה תורה/מפרשים/יד איתן/ספר עבודה","","","השמיני שבארבעה עשר: המקדש ועבודתו — בית הבחירה, כלי המקדש, מעשה הקרבנות, תמידין ומוספין, עבודת יום הכיפורים ומעילה.","השמיני שבארבעה עשר: המקדש ועבודתו — בית הבחירה, כלי המקדש, מעשה הקרבנות, תמידין ומוספין, עבודת יום הכיפורים ומעילה."
"הלכה/משנה תורה/ספר קדושה","","","החמישי שבארבעה עשר, ובו מצוות שבהן תלויה קדושת ישראל: איסורי ביאה, מאכלות אסורות ושחיטה.","החמישי שבארבעה עשר, ובו מצוות שבהן תלויה קדושת ישראל: איסורי ביאה, מאכלות אסורות ושחיטה."
"הלכה/משנה תורה/מפרשים/חידושים ומקורים מבעל מנחת חינוך/ספר קדושה","","","החמישי שבארבעה עשר, ובו מצוות שבהן תלויה קדושת ישראל: איסורי ביאה, מאכלות אסורות ושחיטה.","החמישי שבארבעה עשר, ובו מצוות שבהן תלויה קדושת ישראל: איסורי ביאה, מאכלות אסורות ושחיטה."
"הלכה/משנה תורה/מפרשים/לחם משנה/ספר קדושה","","","החמישי שבארבעה עשר, ובו מצוות שבהן תלויה קדושת ישראל: איסורי ביאה, מאכלות אסורות ושחיטה.","החמישי שבארבעה עשר, ובו מצוות שבהן תלויה קדושת ישראל: איסורי ביאה, מאכלות אסורות ושחיטה."
"הלכה/משנה תורה/מפרשים/מעשה רקח/ספר קדושה","","","החמישי שבארבעה עשר, ובו מצוות שבהן תלויה קדושת ישראל: איסורי ביאה, מאכלות אסורות ושחיטה.","החמישי שבארבעה עשר, ובו מצוות שבהן תלויה קדושת ישראל: איסורי ביאה, מאכלות אסורות ושחיטה."
"הלכה/משנה תורה/מפרשים/אור שמח/ספר קדושה","","","החמישי שבארבעה עשר, ובו מצוות שבהן תלויה קדושת ישראל: איסורי ביאה, מאכלות אסורות ושחיטה.","החמישי שבארבעה עשר, ובו מצוות שבהן תלויה קדושת ישראל: איסורי ביאה, מאכלות אסורות ושחיטה."
"הלכה/משנה תורה/מפרשים/כסף משנה/ספר קדושה","","","החמישי שבארבעה עשר, ובו מצוות שבהן תלויה קדושת ישראל: איסורי ביאה, מאכלות אסורות ושחיטה.","החמישי שבארבעה עשר, ובו מצוות שבהן תלויה קדושת ישראל: איסורי ביאה, מאכלות אסורות ושחיטה."
"הלכה/משנה תורה/מפרשים/מגיד משנה/ספר קדושה","","","החמישי שבארבעה עשר, ובו מצוות שבהן תלויה קדושת ישראל: איסורי ביאה, מאכלות אסורות ושחיטה.","החמישי שבארבעה עשר, ובו מצוות שבהן תלויה קדושת ישראל: איסורי ביאה, מאכלות אסורות ושחיטה."
"הלכה/משנה תורה/מפרשים/שורשי הים/ספר קדושה","","","החמישי שבארבעה עשר, ובו מצוות שבהן תלויה קדושת ישראל: איסורי ביאה, מאכלות אסורות ושחיטה.","החמישי שבארבעה עשר, ובו מצוות שבהן תלויה קדושת ישראל: איסורי ביאה, מאכלות אסורות ושחיטה."
"הלכה/משנה תורה/מפרשים/אבן האזל/ספר קדושה","","","החמישי שבארבעה עשר, ובו מצוות שבהן תלויה קדושת ישראל: איסורי ביאה, מאכלות אסורות ושחיטה.","החמישי שבארבעה עשר, ובו מצוות שבהן תלויה קדושת ישראל: איסורי ביאה, מאכלות אסורות ושחיטה."
"הלכה/משנה תורה/מפרשים/נחל איתן/ספר קדושה","","","החמישי שבארבעה עשר, ובו מצוות שבהן תלויה קדושת ישראל: איסורי ביאה, מאכלות אסורות ושחיטה.","החמישי שבארבעה עשר, ובו מצוות שבהן תלויה קדושת ישראל: איסורי ביאה, מאכלות אסורות ושחיטה."
"הלכה/משנה תורה/מפרשים/צפנת פענח/ספר קדושה","","","החמישי שבארבעה עשר, ובו מצוות שבהן תלויה קדושת ישראל: איסורי ביאה, מאכלות אסורות ושחיטה.","החמישי שבארבעה עשר, ובו מצוות שבהן תלויה קדושת ישראל: איסורי ביאה, מאכלות אסורות ושחיטה."
"הלכה/משנה תורה/מפרשים/משנה למלך/ספר קדושה","","","החמישי שבארבעה עשר, ובו מצוות שבהן תלויה קדושת ישראל: איסורי ביאה, מאכלות אסורות ושחיטה.","החמישי שבארבעה עשר, ובו מצוות שבהן תלויה קדושת ישראל: איסורי ביאה, מאכלות אסורות ושחיטה."
"הלכה/משנה תורה/מפרשים/יצחק ירנן/ספר קדושה","","","החמישי שבארבעה עשר, ובו מצוות שבהן תלויה קדושת ישראל: איסורי ביאה, מאכלות אסורות ושחיטה.","החמישי שבארבעה עשר, ובו מצוות שבהן תלויה קדושת ישראל: איסורי ביאה, מאכלות אסורות ושחיטה."
"הלכה/משנה תורה/מפרשים/ציוני מהר״ן/ספר קדושה","","","החמישי שבארבעה עשר, ובו מצוות שבהן תלויה קדושת ישראל: איסורי ביאה, מאכלות אסורות ושחיטה.","החמישי שבארבעה עשר, ובו מצוות שבהן תלויה קדושת ישראל: איסורי ביאה, מאכלות אסורות ושחיטה."
"הלכה/משנה תורה/מפרשים/שער המלך/ספר קדושה","","","החמישי שבארבעה עשר, ובו מצוות שבהן תלויה קדושת ישראל: איסורי ביאה, מאכלות אסורות ושחיטה.","החמישי שבארבעה עשר, ובו מצוות שבהן תלויה קדושת ישראל: איסורי ביאה, מאכלות אסורות ושחיטה."
"הלכה/משנה תורה/מפרשים/הגהות מהר״ם פדווא/ספר קדושה","","","החמישי שבארבעה עשר, ובו מצוות שבהן תלויה קדושת ישראל: איסורי ביאה, מאכלות אסורות ושחיטה.","החמישי שבארבעה עשר, ובו מצוות שבהן תלויה קדושת ישראל: איסורי ביאה, מאכלות אסורות ושחיטה."
"הלכה/משנה תורה/מפרשים/מקורי הרמב״ם לרש״ש/ספר קדושה","","","החמישי שבארבעה עשר, ובו מצוות שבהן תלויה קדושת ישראל: איסורי ביאה, מאכלות אסורות ושחיטה.","החמישי שבארבעה עשר, ובו מצוות שבהן תלויה קדושת ישראל: איסורי ביאה, מאכלות אסורות ושחיטה."
"הלכה/משנה תורה/מפרשים/קרית ספר/ספר קדושה","","","החמישי שבארבעה עשר, ובו מצוות שבהן תלויה קדושת ישראל: איסורי ביאה, מאכלות אסורות ושחיטה.","החמישי שבארבעה עשר, ובו מצוות שבהן תלויה קדושת ישראל: איסורי ביאה, מאכלות אסורות ושחיטה."
"הלכה/משנה תורה/מפרשים/מלאכת שלמה/ספר קדושה","","","החמישי שבארבעה עשר, ובו מצוות שבהן תלויה קדושת ישראל: איסורי ביאה, מאכלות אסורות ושחיטה.","החמישי שבארבעה עשר, ובו מצוות שבהן תלויה קדושת ישראל: איסורי ביאה, מאכלות אסורות ושחיטה."
"הלכה/משנה תורה/מפרשים/חידושים ומקורים מהר״ץ חיות/ספר קדושה","","","החמישי שבארבעה עשר, ובו מצוות שבהן תלויה קדושת ישראל: איסורי ביאה, מאכלות אסורות ושחיטה.","החמישי שבארבעה עשר, ובו מצוות שבהן תלויה קדושת ישראל: איסורי ביאה, מאכלות אסורות ושחיטה."
"הלכה/משנה תורה/מפרשים/ברכת אברהם/ספר קדושה","","","החמישי שבארבעה עשר, ובו מצוות שבהן תלויה קדושת ישראל: איסורי ביאה, מאכלות אסורות ושחיטה.","החמישי שבארבעה עשר, ובו מצוות שבהן תלויה קדושת ישראל: איסורי ביאה, מאכלות אסורות ושחיטה."
"הלכה/משנה תורה/מפרשים/חידושים מהגאון בעל מחנה אפרים/ספר קדושה","","","החמישי שבארבעה עשר, ובו מצוות שבהן תלויה קדושת ישראל: איסורי ביאה, מאכלות אסורות ושחיטה.","החמישי שבארבעה עשר, ובו מצוות שבהן תלויה קדושת ישראל: איסורי ביאה, מאכלות אסורות ושחיטה."
"הלכה/משנה תורה/מפרשים/השגות הראב״ד/ספר קדושה","","","החמישי שבארבעה עשר, ובו מצוות שבהן תלויה קדושת ישראל: איסורי ביאה, מאכלות אסורות ושחיטה.","החמישי שבארבעה עשר, ובו מצוות שבהן תלויה קדושת ישראל: איסורי ביאה, מאכלות אסורות ושחיטה."
"הלכה/משנה תורה/מפרשים/לב שלם/ספר קדושה","","","החמישי שבארבעה עשר, ובו מצוות שבהן תלויה קדושת ישראל: איסורי ביאה, מאכלות אסורות ושחיטה.","החמישי שבארבעה עשר, ובו מצוות שבהן תלויה קדושת ישראל: איסורי ביאה, מאכלות אסורות ושחיטה."
"הלכה/משנה תורה/מפרשים/מגדל עוז/ספר קדושה","","","החמישי שבארבעה עשר, ובו מצוות שבהן תלויה קדושת ישראל: איסורי ביאה, מאכלות אסורות ושחיטה.","החמישי שבארבעה עשר, ובו מצוות שבהן תלויה קדושת ישראל: איסורי ביאה, מאכלות אסורות ושחיטה."
"הלכה/משנה תורה/מפרשים/יד דוד/ספר קדושה","","","החמישי שבארבעה עשר, ובו מצוות שבהן תלויה קדושת ישראל: איסורי ביאה, מאכלות אסורות ושחיטה.","החמישי שבארבעה עשר, ובו מצוות שבהן תלויה קדושת ישראל: איסורי ביאה, מאכלות אסורות ושחיטה."
"הלכה/משנה תורה/מפרשים/קונטרס תשובה מיראה/ספר קדושה","","","החמישי שבארבעה עשר, ובו מצוות שבהן תלויה קדושת ישראל: איסורי ביאה, מאכלות אסורות ושחיטה.","החמישי שבארבעה עשר, ובו מצוות שבהן תלויה קדושת ישראל: איסורי ביאה, מאכלות אסורות ושחיטה."
"הלכה/משנה תורה/מפרשים/בן אריה/ספר קדושה","","","החמישי שבארבעה עשר, ובו מצוות שבהן תלויה קדושת ישראל: איסורי ביאה, מאכלות אסורות ושחיטה.","החמישי שבארבעה עשר, ובו מצוות שבהן תלויה קדושת ישראל: איסורי ביאה, מאכלות אסורות ושחיטה."
"הלכה/משנה תורה/מפרשים/יד איתן/ספר קדושה","","","החמישי שבארבעה עשר, ובו מצוות שבהן תלויה קדושת ישראל: איסורי ביאה, מאכלות אסורות ושחיטה.","החמישי שבארבעה עשר, ובו מצוות שבהן תלויה קדושת ישראל: איסורי ביאה, מאכלות אסורות ושחיטה."
"הלכה/משנה תורה/ספר קורבנות","","","התשיעי שבארבעה עשר: קרבן פסח, חגיגה, בכורות, שגגות, מחוסרי כפרה ותמורה.","התשיעי שבארבעה עשר: קרבן פסח, חגיגה, בכורות, שגגות, מחוסרי כפרה ותמורה."
"הלכה/משנה תורה/מפרשים/חידושים ומקורים מבעל מנחת חינוך/ספר קורבנות","","","התשיעי שבארבעה עשר: קרבן פסח, חגיגה, בכורות, שגגות, מחוסרי כפרה ותמורה.","התשיעי שבארבעה עשר: קרבן פסח, חגיגה, בכורות, שגגות, מחוסרי כפרה ותמורה."
"הלכה/משנה תורה/מפרשים/יכהן פאר/ספר קורבנות","","","התשיעי שבארבעה עשר: קרבן פסח, חגיגה, בכורות, שגגות, מחוסרי כפרה ותמורה.","התשיעי שבארבעה עשר: קרבן פסח, חגיגה, בכורות, שגגות, מחוסרי כפרה ותמורה."
"הלכה/משנה תורה/מפרשים/לחם משנה/ספר קורבנות","","","התשיעי שבארבעה עשר: קרבן פסח, חגיגה, בכורות, שגגות, מחוסרי כפרה ותמורה.","התשיעי שבארבעה עשר: קרבן פסח, חגיגה, בכורות, שגגות, מחוסרי כפרה ותמורה."
"הלכה/משנה תורה/מפרשים/מעשה רקח/ספר קורבנות","","","התשיעי שבארבעה עשר: קרבן פסח, חגיגה, בכורות, שגגות, מחוסרי כפרה ותמורה.","התשיעי שבארבעה עשר: קרבן פסח, חגיגה, בכורות, שגגות, מחוסרי כפרה ותמורה."
"הלכה/משנה תורה/מפרשים/אור שמח/ספר קורבנות","","","התשיעי שבארבעה עשר: קרבן פסח, חגיגה, בכורות, שגגות, מחוסרי כפרה ותמורה.","התשיעי שבארבעה עשר: קרבן פסח, חגיגה, בכורות, שגגות, מחוסרי כפרה ותמורה."
"הלכה/משנה תורה/מפרשים/כסף משנה/ספר קורבנות","","","התשיעי שבארבעה עשר: קרבן פסח, חגיגה, בכורות, שגגות, מחוסרי כפרה ותמורה.","התשיעי שבארבעה עשר: קרבן פסח, חגיגה, בכורות, שגגות, מחוסרי כפרה ותמורה."
"הלכה/משנה תורה/מפרשים/שורשי הים/ספר קורבנות","","","התשיעי שבארבעה עשר: קרבן פסח, חגיגה, בכורות, שגגות, מחוסרי כפרה ותמורה.","התשיעי שבארבעה עשר: קרבן פסח, חגיגה, בכורות, שגגות, מחוסרי כפרה ותמורה."
"הלכה/משנה תורה/מפרשים/חידושי רבי עקיבא איגר/ספר קורבנות","","","התשיעי שבארבעה עשר: קרבן פסח, חגיגה, בכורות, שגגות, מחוסרי כפרה ותמורה.","התשיעי שבארבעה עשר: קרבן פסח, חגיגה, בכורות, שגגות, מחוסרי כפרה ותמורה."
"הלכה/משנה תורה/מפרשים/אבן האזל/ספר קורבנות","","","התשיעי שבארבעה עשר: קרבן פסח, חגיגה, בכורות, שגגות, מחוסרי כפרה ותמורה.","התשיעי שבארבעה עשר: קרבן פסח, חגיגה, בכורות, שגגות, מחוסרי כפרה ותמורה."
"הלכה/משנה תורה/מפרשים/משנה למלך/ספר קורבנות","","","התשיעי שבארבעה עשר: קרבן פסח, חגיגה, בכורות, שגגות, מחוסרי כפרה ותמורה.","התשיעי שבארבעה עשר: קרבן פסח, חגיגה, בכורות, שגגות, מחוסרי כפרה ותמורה."
"הלכה/משנה תורה/מפרשים/יצחק ירנן/ספר קורבנות","","","התשיעי שבארבעה עשר: קרבן פסח, חגיגה, בכורות, שגגות, מחוסרי כפרה ותמורה.","התשיעי שבארבעה עשר: קרבן פסח, חגיגה, בכורות, שגגות, מחוסרי כפרה ותמורה."
"הלכה/משנה תורה/מפרשים/ציוני מהר״ן/ספר קורבנות","","","התשיעי שבארבעה עשר: קרבן פסח, חגיגה, בכורות, שגגות, מחוסרי כפרה ותמורה.","התשיעי שבארבעה עשר: קרבן פסח, חגיגה, בכורות, שגגות, מחוסרי כפרה ותמורה."
"הלכה/משנה תורה/מפרשים/שער המלך/ספר קורבנות","","","התשיעי שבארבעה עשר: קרבן פסח, חגיגה, בכורות, שגגות, מחוסרי כפרה ותמורה.","התשיעי שבארבעה עשר: קרבן פסח, חגיגה, בכורות, שגגות, מחוסרי כפרה ותמורה."
"הלכה/משנה תורה/מפרשים/מקורי הרמב״ם לרש״ש/ספר קורבנות","","","התשיעי שבארבעה עשר: קרבן פסח, חגיגה, בכורות, שגגות, מחוסרי כפרה ותמורה.","התשיעי שבארבעה עשר: קרבן פסח, חגיגה, בכורות, שגגות, מחוסרי כפרה ותמורה."
"הלכה/משנה תורה/מפרשים/קרית ספר/ספר קורבנות","","","התשיעי שבארבעה עשר: קרבן פסח, חגיגה, בכורות, שגגות, מחוסרי כפרה ותמורה.","התשיעי שבארבעה עשר: קרבן פסח, חגיגה, בכורות, שגגות, מחוסרי כפרה ותמורה."
"הלכה/משנה תורה/מפרשים/מלאכת שלמה/ספר קורבנות","","","התשיעי שבארבעה עשר: קרבן פסח, חגיגה, בכורות, שגגות, מחוסרי כפרה ותמורה.","התשיעי שבארבעה עשר: קרבן פסח, חגיגה, בכורות, שגגות, מחוסרי כפרה ותמורה."
"הלכה/משנה תורה/מפרשים/ברכת אברהם/ספר קורבנות","","","התשיעי שבארבעה עשר: קרבן פסח, חגיגה, בכורות, שגגות, מחוסרי כפרה ותמורה.","התשיעי שבארבעה עשר: קרבן פסח, חגיגה, בכורות, שגגות, מחוסרי כפרה ותמורה."
"הלכה/משנה תורה/מפרשים/חידושים מהגאון בעל מחנה אפרים/ספר קורבנות","","","התשיעי שבארבעה עשר: קרבן פסח, חגיגה, בכורות, שגגות, מחוסרי כפרה ותמורה.","התשיעי שבארבעה עשר: קרבן פסח, חגיגה, בכורות, שגגות, מחוסרי כפרה ותמורה."
"הלכה/משנה תורה/מפרשים/השגות הראב״ד/ספר קורבנות","","","התשיעי שבארבעה עשר: קרבן פסח, חגיגה, בכורות, שגגות, מחוסרי כפרה ותמורה.","התשיעי שבארבעה עשר: קרבן פסח, חגיגה, בכורות, שגגות, מחוסרי כפרה ותמורה."
"הלכה/משנה תורה/מפרשים/יד דוד/ספר קורבנות","","","התשיעי שבארבעה עשר: קרבן פסח, חגיגה, בכורות, שגגות, מחוסרי כפרה ותמורה.","התשיעי שבארבעה עשר: קרבן פסח, חגיגה, בכורות, שגגות, מחוסרי כפרה ותמורה."
"הלכה/משנה תורה/מפרשים/הר המוריה/ספר קורבנות","","","התשיעי שבארבעה עשר: קרבן פסח, חגיגה, בכורות, שגגות, מחוסרי כפרה ותמורה.","התשיעי שבארבעה עשר: קרבן פסח, חגיגה, בכורות, שגגות, מחוסרי כפרה ותמורה."
"הלכה/משנה תורה/מפרשים/קונטרס תשובה מיראה/ספר קורבנות","","","התשיעי שבארבעה עשר: קרבן פסח, חגיגה, בכורות, שגגות, מחוסרי כפרה ותמורה.","התשיעי שבארבעה עשר: קרבן פסח, חגיגה, בכורות, שגגות, מחוסרי כפרה ותמורה."
"הלכה/משנה תורה/מפרשים/בן אריה/ספר קורבנות","","","התשיעי שבארבעה עשר: קרבן פסח, חגיגה, בכורות, שגגות, מחוסרי כפרה ותמורה.","התשיעי שבארבעה עשר: קרבן פסח, חגיגה, בכורות, שגגות, מחוסרי כפרה ותמורה."
"הלכה/משנה תורה/מפרשים/יד איתן/ספר קורבנות","","","התשיעי שבארבעה עשר: קרבן פסח, חגיגה, בכורות, שגגות, מחוסרי כפרה ותמורה.","התשיעי שבארבעה עשר: קרבן פסח, חגיגה, בכורות, שגגות, מחוסרי כפרה ותמורה."
"הלכה/משנה תורה/ספר קניין","","","השנים עשר שבארבעה עשר: דרכי קניין הנכסים — מכירה, זכייה ומתנה, שכנים, שלוחין ושותפין ועבדים.","השנים עשר שבארבעה עשר: דרכי קניין הנכסים — מכירה, זכייה ומתנה, שכנים, שלוחין ושותפין ועבדים."
"הלכה/משנה תורה/מפרשים/חידושים ומקורים מבעל מנחת חינוך/ספר קניין","","","השנים עשר שבארבעה עשר: דרכי קניין הנכסים — מכירה, זכייה ומתנה, שכנים, שלוחין ושותפין ועבדים.","השנים עשר שבארבעה עשר: דרכי קניין הנכסים — מכירה, זכייה ומתנה, שכנים, שלוחין ושותפין ועבדים."
"הלכה/משנה תורה/מפרשים/לחם משנה/ספר קניין","","","השנים עשר שבארבעה עשר: דרכי קניין הנכסים — מכירה, זכייה ומתנה, שכנים, שלוחין ושותפין ועבדים.","השנים עשר שבארבעה עשר: דרכי קניין הנכסים — מכירה, זכייה ומתנה, שכנים, שלוחין ושותפין ועבדים."
"הלכה/משנה תורה/מפרשים/מעשה רקח/ספר קניין","","","השנים עשר שבארבעה עשר: דרכי קניין הנכסים — מכירה, זכייה ומתנה, שכנים, שלוחין ושותפין ועבדים.","השנים עשר שבארבעה עשר: דרכי קניין הנכסים — מכירה, זכייה ומתנה, שכנים, שלוחין ושותפין ועבדים."
"הלכה/משנה תורה/מפרשים/אור שמח/ספר קניין","","","השנים עשר שבארבעה עשר: דרכי קניין הנכסים — מכירה, זכייה ומתנה, שכנים, שלוחין ושותפין ועבדים.","השנים עשר שבארבעה עשר: דרכי קניין הנכסים — מכירה, זכייה ומתנה, שכנים, שלוחין ושותפין ועבדים."
"הלכה/משנה תורה/מפרשים/כסף משנה/ספר קניין","","","השנים עשר שבארבעה עשר: דרכי קניין הנכסים — מכירה, זכייה ומתנה, שכנים, שלוחין ושותפין ועבדים.","השנים עשר שבארבעה עשר: דרכי קניין הנכסים — מכירה, זכייה ומתנה, שכנים, שלוחין ושותפין ועבדים."
"הלכה/משנה תורה/מפרשים/יקר תפארת/ספר קניין","","","השנים עשר שבארבעה עשר: דרכי קניין הנכסים — מכירה, זכייה ומתנה, שכנים, שלוחין ושותפין ועבדים.","השנים עשר שבארבעה עשר: דרכי קניין הנכסים — מכירה, זכייה ומתנה, שכנים, שלוחין ושותפין ועבדים."
"הלכה/משנה תורה/מפרשים/מגיד משנה/ספר קניין","","","השנים עשר שבארבעה עשר: דרכי קניין הנכסים — מכירה, זכייה ומתנה, שכנים, שלוחין ושותפין ועבדים.","השנים עשר שבארבעה עשר: דרכי קניין הנכסים — מכירה, זכייה ומתנה, שכנים, שלוחין ושותפין ועבדים."
"הלכה/משנה תורה/מפרשים/שורשי הים/ספר קניין","","","השנים עשר שבארבעה עשר: דרכי קניין הנכסים — מכירה, זכייה ומתנה, שכנים, שלוחין ושותפין ועבדים.","השנים עשר שבארבעה עשר: דרכי קניין הנכסים — מכירה, זכייה ומתנה, שכנים, שלוחין ושותפין ועבדים."
"הלכה/משנה תורה/מפרשים/אבן האזל/ספר קניין","","","השנים עשר שבארבעה עשר: דרכי קניין הנכסים — מכירה, זכייה ומתנה, שכנים, שלוחין ושותפין ועבדים.","השנים עשר שבארבעה עשר: דרכי קניין הנכסים — מכירה, זכייה ומתנה, שכנים, שלוחין ושותפין ועבדים."
"הלכה/משנה תורה/מפרשים/משנה למלך/ספר קניין","","","השנים עשר שבארבעה עשר: דרכי קניין הנכסים — מכירה, זכייה ומתנה, שכנים, שלוחין ושותפין ועבדים.","השנים עשר שבארבעה עשר: דרכי קניין הנכסים — מכירה, זכייה ומתנה, שכנים, שלוחין ושותפין ועבדים."
"הלכה/משנה תורה/מפרשים/יצחק ירנן/ספר קניין","","","השנים עשר שבארבעה עשר: דרכי קניין הנכסים — מכירה, זכייה ומתנה, שכנים, שלוחין ושותפין ועבדים.","השנים עשר שבארבעה עשר: דרכי קניין הנכסים — מכירה, זכייה ומתנה, שכנים, שלוחין ושותפין ועבדים."
"הלכה/משנה תורה/מפרשים/ציוני מהר״ן/ספר קניין","","","השנים עשר שבארבעה עשר: דרכי קניין הנכסים — מכירה, זכייה ומתנה, שכנים, שלוחין ושותפין ועבדים.","השנים עשר שבארבעה עשר: דרכי קניין הנכסים — מכירה, זכייה ומתנה, שכנים, שלוחין ושותפין ועבדים."
"הלכה/משנה תורה/מפרשים/שער המלך/ספר קניין","","","השנים עשר שבארבעה עשר: דרכי קניין הנכסים — מכירה, זכייה ומתנה, שכנים, שלוחין ושותפין ועבדים.","השנים עשר שבארבעה עשר: דרכי קניין הנכסים — מכירה, זכייה ומתנה, שכנים, שלוחין ושותפין ועבדים."
"הלכה/משנה תורה/מפרשים/הגהות מהר״ם פדווא/ספר קניין","","","השנים עשר שבארבעה עשר: דרכי קניין הנכסים — מכירה, זכייה ומתנה, שכנים, שלוחין ושותפין ועבדים.","השנים עשר שבארבעה עשר: דרכי קניין הנכסים — מכירה, זכייה ומתנה, שכנים, שלוחין ושותפין ועבדים."
"הלכה/משנה תורה/מפרשים/מקורי הרמב״ם לרש״ש/ספר קניין","","","השנים עשר שבארבעה עשר: דרכי קניין הנכסים — מכירה, זכייה ומתנה, שכנים, שלוחין ושותפין ועבדים.","השנים עשר שבארבעה עשר: דרכי קניין הנכסים — מכירה, זכייה ומתנה, שכנים, שלוחין ושותפין ועבדים."
"הלכה/משנה תורה/מפרשים/קרית ספר/ספר קניין","","","השנים עשר שבארבעה עשר: דרכי קניין הנכסים — מכירה, זכייה ומתנה, שכנים, שלוחין ושותפין ועבדים.","השנים עשר שבארבעה עשר: דרכי קניין הנכסים — מכירה, זכייה ומתנה, שכנים, שלוחין ושותפין ועבדים."
"הלכה/משנה תורה/מפרשים/מלאכת שלמה/ספר קניין","","","השנים עשר שבארבעה עשר: דרכי קניין הנכסים — מכירה, זכייה ומתנה, שכנים, שלוחין ושותפין ועבדים.","השנים עשר שבארבעה עשר: דרכי קניין הנכסים — מכירה, זכייה ומתנה, שכנים, שלוחין ושותפין ועבדים."
"הלכה/משנה תורה/מפרשים/חידושים מהגאון בעל מחנה אפרים/ספר קניין","","","השנים עשר שבארבעה עשר: דרכי קניין הנכסים — מכירה, זכייה ומתנה, שכנים, שלוחין ושותפין ועבדים.","השנים עשר שבארבעה עשר: דרכי קניין הנכסים — מכירה, זכייה ומתנה, שכנים, שלוחין ושותפין ועבדים."
"הלכה/משנה תורה/מפרשים/השגות הראב״ד/ספר קניין","","","השנים עשר שבארבעה עשר: דרכי קניין הנכסים — מכירה, זכייה ומתנה, שכנים, שלוחין ושותפין ועבדים.","השנים עשר שבארבעה עשר: דרכי קניין הנכסים — מכירה, זכייה ומתנה, שכנים, שלוחין ושותפין ועבדים."
"הלכה/משנה תורה/מפרשים/מגדל עוז/ספר קניין","","","השנים עשר שבארבעה עשר: דרכי קניין הנכסים — מכירה, זכייה ומתנה, שכנים, שלוחין ושותפין ועבדים.","השנים עשר שבארבעה עשר: דרכי קניין הנכסים — מכירה, זכייה ומתנה, שכנים, שלוחין ושותפין ועבדים."
"הלכה/משנה תורה/מפרשים/קונטרס תשובה מיראה/ספר קניין","","","השנים עשר שבארבעה עשר: דרכי קניין הנכסים — מכירה, זכייה ומתנה, שכנים, שלוחין ושותפין ועבדים.","השנים עשר שבארבעה עשר: דרכי קניין הנכסים — מכירה, זכייה ומתנה, שכנים, שלוחין ושותפין ועבדים."
"הלכה/משנה תורה/מפרשים/בן אריה/ספר קניין","","","השנים עשר שבארבעה עשר: דרכי קניין הנכסים — מכירה, זכייה ומתנה, שכנים, שלוחין ושותפין ועבדים.","השנים עשר שבארבעה עשר: דרכי קניין הנכסים — מכירה, זכייה ומתנה, שכנים, שלוחין ושותפין ועבדים."
"הלכה/משנה תורה/מפרשים/יד איתן/ספר קניין","","","השנים עשר שבארבעה עשר: דרכי קניין הנכסים — מכירה, זכייה ומתנה, שכנים, שלוחין ושותפין ועבדים.","השנים עשר שבארבעה עשר: דרכי קניין הנכסים — מכירה, זכייה ומתנה, שכנים, שלוחין ושותפין ועבדים."
"תלמוד בבלי/ספרות עזר","","","ביאורים רצופים בני זמננו על התלמוד הבבלי — ביאור חברותא, ההערות עליו וגמרא נוחה — בלשון קלה ובהירה, לסייע ללומד לעקוב אחר מהלך הסוגיה.","ביאורים רצופים בני זמננו על התלמוד הבבלי — ביאור חברותא, ההערות עליו וגמרא נוחה — בלשון קלה ובהירה, לסייע ללומד לעקוב אחר מהלך הסוגיה."
"תלמוד בבלי/כללי הש״ס","","","ספרי כללי הגמרא ודרכי הלימוד — כללי התלמוד ומבואות לו, להעמיד את הלומד על דרכי הסוגיה ולשונה.","ספרי כללי הגמרא ודרכי הלימוד — כללי התלמוד ומבואות לו, להעמיד את הלומד על דרכי הסוגיה ולשונה."
"ספרות עזר","","","כלי עזר ללומד — מראי מקומות, אנציקלופדיות, דקדוק, שירה ופיוט, תולדות עם ישראל וחכמת הטבע.","כלי עזר ללומד — מראי מקומות, אנציקלופדיות, דקדוק, שירה ופיוט, תולדות עם ישראל וחכמת הטבע."
"חסידות/ספרי חסידות נוספים","","","ספרים מתורת החסידות שאינם נמנים עם אחד מבתי המדרש שלמעלה — דרוש, מחשבה, עבודה והנהגה.","ספרים מתורת החסידות שאינם נמנים עם אחד מבתי המדרש שלמעלה — דרוש, מחשבה, עבודה והנהגה."
"קבלה/ספרי קבלה נוספים","","","ספרי קבלה שאינם נמנים עם ספרי היסוד שלמעלה, מרבותינו הראשונים ועד מחברי זמננו.","ספרי קבלה שאינם נמנים עם ספרי היסוד שלמעלה, מרבותינו הראשונים ועד מחברי זמננו."
"בית שני/ספרים חיצונים","","","חיבורים מימי בית שני, בענייני חכמה וקורות הימים. אינם מכלל מסורת התורה ודברי חז""ל.","חיבורים מימי בית שני, בענייני חכמה וקורות הימים. אינם מכלל מסורת התורה ודברי חז""ל."
"הלכה/משנה תורה/מפרשים/עבודת המלך","","","ביאור על משנה תורה להרמב""ם מאת רבי מנחם קרקובסקי זצ""ל, ממורי ההוראה בווילנה. חובר בערך ה'תר""ל.","ביאור על משנה תורה להרמב""ם מאת רבי מנחם קרקובסקי זצ""ל, ממורי ההוראה בווילנה. חובר בערך ה'תר""ל."
"משנה/אחרונים/עיקר תוספות יום טוב","","","קיצור פירוש ה'תוספות יום טוב' על המשנה. נכתב על ידי רבי משולם ב""ר יואל כץ זצ""ל. חובר ה'תקמ""ה.","קיצור פירוש ה'תוספות יום טוב' על המשנה. נכתב על ידי רבי משולם ב""ר יואל כץ זצ""ל. חובר ה'תקמ""ה."
"תלמוד ירושלמי/מפרשים/עמודי ירושלים על תלמוד ירושלמי","","","פירוש על התלמוד הירושלמי מאת רבי ישראל איזנשטיין זצ""ל, שנדפס בחלקו עם חיבורו ההלכתי 'עמודי אש'.","פירוש על התלמוד הירושלמי מאת רבי ישראל איזנשטיין זצ""ל, שנדפס בחלקו עם חיבורו ההלכתי 'עמודי אש'."
"מדרש/אגדה/מדרש רבה/מפרשים/עץ יוסף","","","ביאור על מדרשי האגדה ועל עין יעקב, מאת רבי חנוך זונדל בן יוסף זצ""ל מחכמי פולין. נדפס בצד המדרש בדפוסים הרגילים. חובר בערך ה'תקס""ז.","ביאור על מדרשי האגדה ועל עין יעקב, מאת רבי חנוך זונדל בן יוסף זצ""ל מחכמי פולין. נדפס בצד המדרש בדפוסים הרגילים. חובר בערך ה'תקס""ז."
"סדר התפילה/פיוטים","","","שירי קודש שנתחברו על ידי חכמי ישראל מן הדורות הראשונים ועד האחרונים, חלקם שייכים לתפילות או לסעודות השבתות והמועדים, ולאירועים שונים.","שירי קודש שנתחברו על ידי חכמי ישראל מן הדורות הראשונים ועד האחרונים, חלקם שייכים לתפילות או לסעודות השבתות והמועדים, ולאירועים שונים."
"תלמוד בבלי/ראשונים/רא״ש/מפרשים/פילפולא חריפתא","","","ביאור על פסקי הרא""ש לסדר נזיקין, מאת רבי יום טוב ליפמן הלר זצ""ל [התוספות יום טוב], מיישב את דבריו ומברר מקורותיו.","ביאור על פסקי הרא""ש לסדר נזיקין, מאת רבי יום טוב ליפמן הלר זצ""ל [התוספות יום טוב], מיישב את דבריו ומברר מקורותיו."
"תלמוד בבלי/ראשונים/פירוש הרא״ש","","","פירושו של רבנו אשר ב""ר יחיאל זצ""ל על נדרים, נזיר ותמיד; נדפס שם במקום פירוש רש""י, שאינו על מסכתות אלו.","פירושו של רבנו אשר ב""ר יחיאל זצ""ל על נדרים, נזיר ותמיד; נדפס שם במקום פירוש רש""י, שאינו על מסכתות אלו."
"מדרש/אגדה/מדרש רבה/מפרשים/פירוש מהרז״ו","","","פירושו של רבי זאב וולף איינהורן [המהרז""ו] זצ""ל על מדרש רבה ועל פרקי דרבי אליעזר, מן הפירושים המרכזיים על המדרש. חובר בערך ה'תק""ע.","פירושו של רבי זאב וולף איינהורן [המהרז""ו] זצ""ל על מדרש רבה ועל פרקי דרבי אליעזר, מן הפירושים המרכזיים על המדרש. חובר בערך ה'תק""ע."
"תלמוד בבלי/מפרשים על המסכתות הקטנות/פי׳ החיד״א","","","פירוש והערות מאת רבי חיים יוסף דוד אזולאי [החיד""א] זצ""ל על מסכת גרים. חובר בערך ה'תקכ""ח. מרבותיו: המקובל רבי שלום שרעבי · רבי אליעזר נחום · רבי חיים בן עטר [האור החיים] · רבי יונה נבון מחבר [נחפה בכסף] ועוד.","פירוש והערות מאת רבי חיים יוסף דוד אזולאי [החיד""א] זצ""ל על מסכת גרים. חובר בערך ה'תקכ""ח. מרבותיו: המקובל רבי שלום שרעבי · רבי אליעזר נחום · רבי חיים בן עטר [האור החיים] · רבי יונה נבון מחבר [נחפה בכסף] ועוד."
"הלכה/שולחן ערוך/מפרשים/פלתי","","","כרתי ופלתי הוא ספר על שולחן ערוך יורה דעה. הספר כתבו רבי יהונתן אייבשיץ זצ""ל, ונדפס לראשונה בחייו באלטונה שבגרמניה. חובר בערך ה'תע""ד.","כרתי ופלתי הוא ספר על שולחן ערוך יורה דעה. הספר כתבו רבי יהונתן אייבשיץ זצ""ל, ונדפס לראשונה בחייו באלטונה שבגרמניה. חובר בערך ה'תע""ד."
"תלמוד בבלי/אחרונים/פני יהושע","","","ספר חידושים על התלמוד בבלי שחיבר רבי יעקב יהושע פלק [הפני יהושע] זצ""ל. חובר בערך ה'תס""ב.","ספר חידושים על התלמוד בבלי שחיבר רבי יעקב יהושע פלק [הפני יהושע] זצ""ל. חובר בערך ה'תס""ב."
"תלמוד ירושלמי/מפרשים/פני משה על תלמוד ירושלמי","","","פירושו של רבי משה מרגלית זצ""ל על התלמוד הירושלמי, המבאר את לשונו ומהלך סוגיותיו על דרך הפשט. הוא הפירוש הנפוץ על הירושלמי ונדפס עמו בדפוסים הרגילים.","פירושו של רבי משה מרגלית זצ""ל על התלמוד הירושלמי, המבאר את לשונו ומהלך סוגיותיו על דרך הפשט. הוא הפירוש הנפוץ על הירושלמי ונדפס עמו בדפוסים הרגילים."
"הלכה/משנה תורה/מפרשים/פרי חדש","","","הספר שכתבו רבי חזקיה די סילוה [בעל פרי חדש] זצ""ל, מקיף את החלקים אורח חיים ויורה דעה, ופירוש לתשעה סימנים באבן העזר שנקטעו בתחילתם ובסופם. חובר בערך ה'תמ""ז. מרבותיו: רבי יהודה שארף · רבי משה גלנטי · רבי שלמה קוסטא, ותלמידיו רבי יצחק הכהן רפפורט מחבר ספר [בתי כהונה] · רבי שלמה אלגאזי (השני) רבה של מצרים.","הספר שכתבו רבי חזקיה די סילוה [בעל פרי חדש] זצ""ל, מקיף את החלקים אורח חיים ויורה דעה, ופירוש לתשעה סימנים באבן העזר שנקטעו בתחילתם ובסופם. חובר בערך ה'תמ""ז. מרבותיו: רבי יהודה שארף · רבי משה גלנטי · רבי שלמה קוסטא, ותלמידיו רבי יצחק הכהן רפפורט מחבר ספר [בתי כהונה] · רבי שלמה אלגאזי (השני) רבה של מצרים."
"הלכה/שולחן ערוך/מפרשים/פרי מגדים","","","חיבור על השולחן ערוך חלק אורח חיים ויורה דעה, שכתבו רבי יוסף תאומים שנודע בעיקר בזכות חיבורו זה, והוא אחד החיבורים הידועים והחשובים שנדפסו על השולחן ערוך. חיבור זה אף היווה מקור לפסקי הלכה רבים, והפוסקים האחרונים כדוגמת המשנה ברורה ועוד, הסתמכו עליו רבות בפסיקותיהם. מרבותיו: אביו רבי מאיר תאומים.","חיבור על השולחן ערוך חלק אורח חיים ויורה דעה, שכתבו רבי יוסף תאומים שנודע בעיקר בזכות חיבורו זה, והוא אחד החיבורים הידועים והחשובים שנדפסו על השולחן ערוך. חיבור זה אף היווה מקור לפסקי הלכה רבים, והפוסקים האחרונים כדוגמת המשנה ברורה ועוד, הסתמכו עליו רבות בפסיקותיהם. מרבותיו: אביו רבי מאיר תאומים."
"תלמוד בבלי/אחרונים/פתח עינים","","","חידושי אגדה וביאורים על מאמרי חז""ל שבעין יעקב ובש""ס, מאת רבי חיים יוסף דוד אזולאי [החיד""א] זצ""ל. נדפס לראשונה בליוורנו בשנת ה'תק""ן. חובר בערך ה'תק""י, נדפס בחיי המחבר בליבורנו, איטליה. מרבותיו: המקובל רבי שלום שרעבי · רבי אליעזר נחום · רבי חיים בן עטר [האור החיים] · רבי יונה נבון מחבר [נחפה בכסף] ועוד.","חידושי אגדה וביאורים על מאמרי חז""ל שבעין יעקב ובש""ס, מאת רבי חיים יוסף דוד אזולאי [החיד""א] זצ""ל. נדפס לראשונה בליוורנו בשנת ה'תק""ן. חובר בערך ה'תק""י, נדפס בחיי המחבר בליבורנו, איטליה. מרבותיו: המקובל רבי שלום שרעבי · רבי אליעזר נחום · רבי חיים בן עטר [האור החיים] · רבי יונה נבון מחבר [נחפה בכסף] ועוד."
"הלכה/שולחן ערוך/מפרשים/פתחי תשובה","","","חיבורו של רבי אברהם צבי הירש אייזנשטט זצ""ל, המאסף את דברי הפוסקים בדורות שאחר השו""ע [בדומה לספר שערי תשובה, על או""ח, ובא להמשיכה על שאר חלקי השו""ע - יורה דעה, אבן העזר וחושן משפט. בהקדמתו לחלק 'יורה דעה' הוא מעיד כי עבר על מאה ושמונים ספרי שו""ת ובספרו הוא מביא את מסקנותיהם בקיצור רב. חובר בערך ה'תק""צ, נדפס בחיי המחבר בוילנה.","חיבורו של רבי אברהם צבי הירש אייזנשטט זצ""ל, המאסף את דברי הפוסקים בדורות שאחר השו""ע [בדומה לספר שערי תשובה, על או""ח, ובא להמשיכה על שאר חלקי השו""ע - יורה דעה, אבן העזר וחושן משפט. בהקדמתו לחלק 'יורה דעה' הוא מעיד כי עבר על מאה ושמונים ספרי שו""ת ובספרו הוא מביא את מסקנותיהם בקיצור רב. חובר בערך ה'תק""צ, נדפס בחיי המחבר בוילנה."
"הלכה/משנה תורה/מפרשים/ציוני מהר״ן","","","ציוני מקורות ומראי מקומות על משנה תורה להרמב""ם, מאת רבי נחום אש זצ""ל, אב""ד צ'נסטוחובה. מציין לכל הלכה את מקומה בדברי חז""ל ובדברי הפוסקים. חובר בערך ה'תרל""ה, נדפס בחיי המחבר בורשה.","ציוני מקורות ומראי מקומות על משנה תורה להרמב""ם, מאת רבי נחום אש זצ""ל, אב""ד צ'נסטוחובה. מציין לכל הלכה את מקומה בדברי חז""ל ובדברי הפוסקים. חובר בערך ה'תרל""ה, נדפס בחיי המחבר בורשה."
"הלכה/משנה תורה/מפרשים/קובץ על היד החזקה","","","ביאורים על משנה תורה מאת רבי נחום טרייביטש זצ""ל, מיישב את דברי הרמב""ם ומכריע בין נושאי כליו.","ביאורים על משנה תורה מאת רבי נחום טרייביטש זצ""ל, מיישב את דברי הרמב""ם ומכריע בין נושאי כליו."
"הלכה/משנה תורה/מפרשים/קונטרס תשובה מיראה","","","קונטרס מאת רבי אליהו דוד רבינוביץ תאומים [האדר""ת] זצ""ל, רבה של ירושלים, בבירור גדרי התשובה ודיניה. חובר בערך ה'תרט""ו, נדפס בחיי המחבר.","קונטרס מאת רבי אליהו דוד רבינוביץ תאומים [האדר""ת] זצ""ל, רבה של ירושלים, בבירור גדרי התשובה ודיניה. חובר בערך ה'תרט""ו, נדפס בחיי המחבר."
"הלכה/שולחן ערוך/מפרשים/קצות החושן","","","ספר קצות החושן (בעגה הישיבתית 'הקצות') הוא חיבור על חלק חושן משפט בשולחן ערוך, שחיבר רבי אריה לייב הלר. אף על פי שהספר ערוך על סדר השולחן ערוך, מגמתו של הספר רחבה והוא כולל ביאורי סוגיות וחידושי דינים. חובר בערך ה'תקכ""ד, נדפס בחיי המחבר בלמברג, גליציה.","ספר קצות החושן (בעגה הישיבתית 'הקצות') הוא חיבור על חלק חושן משפט בשולחן ערוך, שחיבר רבי אריה לייב הלר. אף על פי שהספר ערוך על סדר השולחן ערוך, מגמתו של הספר רחבה והוא כולל ביאורי סוגיות וחידושי דינים. חובר בערך ה'תקכ""ד, נדפס בחיי המחבר בלמברג, גליציה."
"תלמוד ירושלמי/מפרשים/קרבן העדה על תלמוד ירושלמי","","","פירושו של רבי דוד פרנקל זצ""ל, רבה של ברלין, על התלמוד הירושלמי. מבאר את לשונו ומהלך סוגיותיו, והוא מן הפירושים המרכזיים על הירושלמי.","פירושו של רבי דוד פרנקל זצ""ל, רבה של ברלין, על התלמוד הירושלמי. מבאר את לשונו ומהלך סוגיותיו, והוא מן הפירושים המרכזיים על הירושלמי."
"תלמוד בבלי/ראשונים/רא״ש/מפרשים/קרבן נתנאל","","","חיבור נחמד על הרא""ש סדר מועד וסדר נשים מהגאון מה' נתנאל אבד""ק קארלסרוא והוא מבני בניו של הגדול מהר""י וייל גיסו ותלמידו של הגאון ראש ישיבה מ' אברהם ברודא. וחיבר הגהות על מ""א וט""ז א""ח ונקרא נתיב חיים.' (שם הגדולים, מערכת ספרים, מערכת ק, אות קג) חובר בערך ה'תק""ה, נדפס בחיי המחבר בקרלסרוהה.","חיבור נחמד על הרא""ש סדר מועד וסדר נשים מהגאון מה' נתנאל אבד""ק קארלסרוא והוא מבני בניו של הגדול מהר""י וייל גיסו ותלמידו של הגאון ראש ישיבה מ' אברהם ברודא. וחיבר הגהות על מ""א וט""ז א""ח ונקרא נתיב חיים.' (שם הגדולים, מערכת ספרים, מערכת ק, אות קג) חובר בערך ה'תק""ה, נדפס בחיי המחבר בקרלסרוהה."
"הלכה/משנה תורה/מפרשים/קרית ספר","","","חיבורו של רבי משה מטראני [המבי""ט] זצ""ל על משנה תורה להרמב""ם, לברר בכל הלכה והלכה מה שורשה מן התורה ומה מדברי סופרים, ולציין את מקורה בדברי חז""ל' (וע""ע שם הגדולים, מערכת ספרים, מערכת ק, אות קיב). חובר בערך ה'רצ""ט, נדפס בחיי המחבר בונציה.","חיבורו של רבי משה מטראני [המבי""ט] זצ""ל על משנה תורה להרמב""ם, לברר בכל הלכה והלכה מה שורשה מן התורה ומה מדברי סופרים, ולציין את מקורה בדברי חז""ל' (וע""ע שם הגדולים, מערכת ספרים, מערכת ק, אות קיב). חובר בערך ה'רצ""ט, נדפס בחיי המחבר בונציה."
"תלמוד בבלי/ראשונים/רי״ף/מפרשים/ר״ן","","","פירושו של רבנו נסים בן ראובן גירונדי [הר""ן] ז""ל על הלכות הרי""ף, המבאר את הסוגיה ומברר את ההלכה. נדפס בצד הרי""ף בדפוסי הש""ס. חובר בערך ה'ע""ה.","פירושו של רבנו נסים בן ראובן גירונדי [הר""ן] ז""ל על הלכות הרי""ף, המבאר את הסוגיה ומברר את ההלכה. נדפס בצד הרי""ף בדפוסי הש""ס. חובר בערך ה'ע""ה."
"משנה/ראשונים/ר״ש משאנץ","","","פירושו של רבנו שמשון ב""ר אברהם משאנץ [הר""ש] ז""ל, מבעלי התוספות, על סדרי זרעים וטהרות שבמשנה – שאין עליהם תלמוד בבלי. נדפס עם המשנה. חובר בערך ד'תתק""מ.","פירושו של רבנו שמשון ב""ר אברהם משאנץ [הר""ש] ז""ל, מבעלי התוספות, על סדרי זרעים וטהרות שבמשנה – שאין עליהם תלמוד בבלי. נדפס עם המשנה. חובר בערך ד'תתק""מ."
"תלמוד בבלי/ראשונים/רא״ש","","","פירוש לתורה מתקופת הראשונים המיוחס לפוסק רבנו אשר בן יחיאל [הרא""ש] ז""ל. חובר בערך ה'ל""ה.","פירוש לתורה מתקופת הראשונים המיוחס לפוסק רבנו אשר בן יחיאל [הרא""ש] ז""ל. חובר בערך ה'ל""ה."
"תלמוד בבלי/מפרשים על המסכתות הקטנות/ראשון לציון","","","מהרב המופלא חסידא קדישא מהר""ח ן' עטר שיטות על קצת מס' לברר דעת הרמב""ם וקונטרס על י""ד מסי' ר""מ ואילך ולקוטים.' (שם הגדולים, מערכת ספרים, מערכת ר, אות ה) מתלמידיו: נכדו רבי חיים בן עטר [האור החיים הקדוש].","מהרב המופלא חסידא קדישא מהר""ח ן' עטר שיטות על קצת מס' לברר דעת הרמב""ם וקונטרס על י""ד מסי' ר""מ ואילך ולקוטים.' (שם הגדולים, מערכת ספרים, מערכת ר, אות ה) מתלמידיו: נכדו רבי חיים בן עטר [האור החיים הקדוש]."
"הלכה/משנה תורה/מפרשים/ראשון לציון","","","מהרב המופלא חסידא קדישא מהר""ח ן' עטר שיטות על קצת מס' לברר דעת הרמב""ם וקונטרס על י""ד מסי' ר""מ ואילך ולקוטים.' (שם הגדולים, מערכת ספרים, מערכת ר, אות ה) מתלמידיו: נכדו רבי חיים בן עטר [האור החיים הקדוש].","מהרב המופלא חסידא קדישא מהר""ח ן' עטר שיטות על קצת מס' לברר דעת הרמב""ם וקונטרס על י""ד מסי' ר""מ ואילך ולקוטים.' (שם הגדולים, מערכת ספרים, מערכת ר, אות ה) מתלמידיו: נכדו רבי חיים בן עטר [האור החיים הקדוש]."
"תלמוד בבלי/אחרונים/ראשון לציון","","","מהרב המופלא חסידא קדישא מהר""ח ן' עטר שיטות על קצת מס' לברר דעת הרמב""ם וקונטרס על י""ד מסי' ר""מ ואילך ולקוטים.' (שם הגדולים, מערכת ספרים, מערכת ר, אות ה) מתלמידיו: נכדו רבי חיים בן עטר [האור החיים הקדוש].","מהרב המופלא חסידא קדישא מהר""ח ן' עטר שיטות על קצת מס' לברר דעת הרמב""ם וקונטרס על י""ד מסי' ר""מ ואילך ולקוטים.' (שם הגדולים, מערכת ספרים, מערכת ר, אות ה) מתלמידיו: נכדו רבי חיים בן עטר [האור החיים הקדוש]."
"משנה/ראשונים","","","פירושי רבותינו הראשונים על המשנה — הרמב""ם, ר""ש משאנץ, המאירי והרע""ב; מבארים לשונה ומבררים הלכותיה מן הגמרא.","פירושי רבותינו הראשונים על המשנה — הרמב""ם, ר""ש משאנץ, המאירי והרע""ב; מבארים לשונה ומבררים הלכותיה מן הגמרא."
"תלמוד בבלי/ראשונים","","","פירושי רבותינו הראשונים על הש""ס — רש""י, בעלי התוספות, הרמב""ן, הרשב""א והר""ן; ביאור הסוגיה, חידושיה ובירור גירסתה.","פירושי רבותינו הראשונים על הש""ס — רש""י, בעלי התוספות, הרמב""ן, הרשב""א והר""ן; ביאור הסוגיה, חידושיה ובירור גירסתה."
"תנ״ך/ראשונים","","","פירושי רבותינו הראשונים על המקרא — רש""י, הראב""ע, הרמב""ן, הרד""ק ורבנו בחיי; בפשוטו של מקרא, בדקדוק ובדרש.","פירושי רבותינו הראשונים על המקרא — רש""י, הראב""ע, הרמב""ן, הרד""ק ורבנו בחיי; בפשוטו של מקרא, בדקדוק ובדרש."
"תלמוד בבלי/ראשונים/רב ניסים גאון","","","ביאורי רבנו נסים גאון ב""ר יעקב מקירואן זצ""ל על ברכות, שבת ועירובין, נדפסים בצד הגמרא.","ביאורי רבנו נסים גאון ב""ר יעקב מקירואן זצ""ל על ברכות, שבת ועירובין, נדפסים בצד הגמרא."
"תלמוד בבלי/ראשונים/רבינו גרשום","","","פירוש והערות מאת רבנו גרשום מאור הגולה ז""ל על מסכת תענית. חובר בערך ד'תש""מ. מרבותיו: רבנו יהודה הכהן ליאונטין (הזקן), ותלמידיו רבי אליעזר הגדול · רבי יהודה הכהן · רבי יעקב בן יקר · רבי יצחק בן יהודה.","פירוש והערות מאת רבנו גרשום מאור הגולה ז""ל על מסכת תענית. חובר בערך ד'תש""מ. מרבותיו: רבנו יהודה הכהן ליאונטין (הזקן), ותלמידיו רבי אליעזר הגדול · רבי יהודה הכהן · רבי יעקב בן יקר · רבי יצחק בן יהודה."
"תלמוד בבלי/ראשונים/רבינו חננאל","","","פירושו של רבנו חננאל בן חושיאל ז""ל מקירואן על מסכתות הש""ס, מראשוני מפרשי התלמוד. מסכם בקצרה את מסקנת הסוגיה ומביא ממסורת הגאונים. חובר בערך ד'תשס""ה. מרבותיו: אביו רבנו חושיאל בן אלחנן.","פירושו של רבנו חננאל בן חושיאל ז""ל מקירואן על מסכתות הש""ס, מראשוני מפרשי התלמוד. מסכם בקצרה את מסקנת הסוגיה ומביא ממסורת הגאונים. חובר בערך ד'תשס""ה. מרבותיו: אביו רבנו חושיאל בן אלחנן."
"משנה/ראשונים/רבינו יונה","","","'נימוקי תלמידי רבינו יונה למסכת ברכות' הוא פירוש הערוך על סדר הרי""ף ומודפס לצידו. הוא מכיל פירושים וביאורים המיוחסים לרבינו יונה גירונדי מתקופת הראשונים, ספרד. חובר בערך ד'תתק""ס.","'נימוקי תלמידי רבינו יונה למסכת ברכות' הוא פירוש הערוך על סדר הרי""ף ומודפס לצידו. הוא מכיל פירושים וביאורים המיוחסים לרבינו יונה גירונדי מתקופת הראשונים, ספרד. חובר בערך ד'תתק""ס."
"תלמוד בבלי/ראשונים/רי״ף","","","ספר ההלכות, מאת רבנו יצחק אלפסי [הרי""ף] ז""ל. מביא את מסקנות סוגיות הש""ס להלכה, כסדר המסכתות ובלשון הגמרא עצמה, ומשמיט את המשא ומתן שאין ממנו נפקא מינה למעשה. אינו פירוש על הסוגיה אלא בירור ההלכה העולה ממנה, והוא מעמודי ההוראה שעליהם נשען השולחן ערוך.","ספר ההלכות, מאת רבנו יצחק אלפסי [הרי""ף] ז""ל. מביא את מסקנות סוגיות הש""ס להלכה, כסדר המסכתות ובלשון הגמרא עצמה, ומשמיט את המשא ומתן שאין ממנו נפקא מינה למעשה. אינו פירוש על הסוגיה אלא בירור ההלכה העולה ממנה, והוא מעמודי ההוראה שעליהם נשען השולחן ערוך."
"תלמוד בבלי/ראשונים/ריטב״א","","","תוספות רי""ד על קדושין, תע""ה מקדם כמו ק""ו שנים וכתב המגיה ששמע תוספות רי""ד ""ר' ""ישעיה ""די טראני המוזכר בפוסקים' (סדר הדורות, סדר ספרים, פרק ב, אות עט) חובר בערך ה'מ'.","תוספות רי""ד על קדושין, תע""ה מקדם כמו ק""ו שנים וכתב המגיה ששמע תוספות רי""ד ""ר' ""ישעיה ""די טראני המוזכר בפוסקים' (סדר הדורות, סדר ספרים, פרק ב, אות עט) חובר בערך ה'מ'."
"משנה/ראשונים/רמב״ם","","","פירוש המשנה לרבנו משה בן מימון [הרמב""ם] ז""ל — הפירוש הראשון שנכתב על כל המשנה. חיברו הרמב""ם בצעירותו בלשון ערבית־יהודית, ותורגם לעברית פעמים רבות. בהקדמותיו לסדרים ולפרקים נכללו יסודות גדולים באמונה ובדרכי התורה שבעל פה' (וע""ע סדר הדורות, סדר ספרים, פרק ב, אות פב).","פירוש המשנה לרבנו משה בן מימון [הרמב""ם] ז""ל — הפירוש הראשון שנכתב על כל המשנה. חיברו הרמב""ם בצעירותו בלשון ערבית־יהודית, ותורגם לעברית פעמים רבות. בהקדמותיו לסדרים ולפרקים נכללו יסודות גדולים באמונה ובדרכי התורה שבעל פה' (וע""ע סדר הדורות, סדר ספרים, פרק ב, אות פב)."
"משנה/ראשונים/רש״י","","","פירושו של רש""י הקדוש ז""ל, גדול מפרשי המקרא והתלמוד. מבאר את פשוטם של דברים בלשון קצרה וברורה, ומיישב את הקשיים שבלשון הכתוב ובמהלך הסוגיה. נדפס בצד המקראות ובצדו הפנימי של דף הגמרא' (וע""ע סדר הדורות, סדר ספרים, פרק ב, אות קיג). חובר בערך ד'תתל""ה.","פירושו של רש""י הקדוש ז""ל, גדול מפרשי המקרא והתלמוד. מבאר את פשוטם של דברים בלשון קצרה וברורה, ומיישב את הקשיים שבלשון הכתוב ובמהלך הסוגיה. נדפס בצד המקראות ובצדו הפנימי של דף הגמרא' (וע""ע סדר הדורות, סדר ספרים, פרק ב, אות קיג). חובר בערך ד'תתל""ה."
"תלמוד בבלי/ראשונים/רש״י","","","פירושו של רש""י הקדוש ז""ל, גדול מפרשי המקרא והתלמוד. מבאר את פשוטם של דברים בלשון קצרה וברורה, ומיישב את הקשיים שבלשון הכתוב ובמהלך הסוגיה. נדפס בצד המקראות ובצדו הפנימי של דף הגמרא' (וע""ע סדר הדורות, סדר ספרים, פרק ב, אות קיג). חובר בערך ד'תתל""ה.","פירושו של רש""י הקדוש ז""ל, גדול מפרשי המקרא והתלמוד. מבאר את פשוטם של דברים בלשון קצרה וברורה, ומיישב את הקשיים שבלשון הכתוב ובמהלך הסוגיה. נדפס בצד המקראות ובצדו הפנימי של דף הגמרא' (וע""ע סדר הדורות, סדר ספרים, פרק ב, אות קיג). חובר בערך ד'תתל""ה."
"מדרש/אגדה/מדרש רבה/מפרשים/רש״י","","","פירושו של רש""י הקדוש ז""ל, גדול מפרשי המקרא והתלמוד. מבאר את פשוטם של דברים בלשון קצרה וברורה, ומיישב את הקשיים שבלשון הכתוב ובמהלך הסוגיה. נדפס בצד המקראות ובצדו הפנימי של דף הגמרא' (וע""ע סדר הדורות, סדר ספרים, פרק ב, אות קיג). חובר בערך ד'תתל""ה.","פירושו של רש""י הקדוש ז""ל, גדול מפרשי המקרא והתלמוד. מבאר את פשוטם של דברים בלשון קצרה וברורה, ומיישב את הקשיים שבלשון הכתוב ובמהלך הסוגיה. נדפס בצד המקראות ובצדו הפנימי של דף הגמרא' (וע""ע סדר הדורות, סדר ספרים, פרק ב, אות קיג). חובר בערך ד'תתל""ה."
"תלמוד בבלי/ראשונים/רשב״א","","","פירוש והערות מאת רבנו שלמה ב""ר אברהם אבן אדרת [הרשב""א] ז""ל על מסכת ברכות. חובר בערך ה'ל'.","פירוש והערות מאת רבנו שלמה ב""ר אברהם אבן אדרת [הרשב""א] ז""ל על מסכת ברכות. חובר בערך ה'ל'."
"תלמוד בבלי/ראשונים/רשב״ם","","","רבינו שמואל בר מאיר פי' על רוב מס' ב""ב ופ' ערבי פסחים, עיין שלשלת הקבלה (דף נ""א)' (סדר הדורות, סדר ספרים, פרק ב, אות קיב) חובר בערך ד'תת""פ.","רבינו שמואל בר מאיר פי' על רוב מס' ב""ב ופ' ערבי פסחים, עיין שלשלת הקבלה (דף נ""א)' (סדר הדורות, סדר ספרים, פרק ב, אות קיב) חובר בערך ד'תת""פ."
"תלמוד בבלי/מחברי זמננו/רשימות שיעורים","","","רשימות שיעוריו של הרב יוסף דוב הלוי סולובייצ'יק זצ""ל על מסכתות הש""ס, שנערכו בידי תלמידיו.","רשימות שיעוריו של הרב יוסף דוב הלוי סולובייצ'יק זצ""ל על מסכתות הש""ס, שנערכו בידי תלמידיו."
"משנה/אחרונים/רש״ש","","","הגהות וחידושים קצרים שחיבר רבי שמואל שטראשון [הרש""ש] זצ""ל מוילנה. דבריו מכוונים ליישוב לשון הסוגיה, לבירור גרסתה ולהעמדת דברי הראשונים על מכונם, ונדפסו בשולי הדף בדפוסי וילנה. חובר בערך ה'תקצ""ב.","הגהות וחידושים קצרים שחיבר רבי שמואל שטראשון [הרש""ש] זצ""ל מוילנה. דבריו מכוונים ליישוב לשון הסוגיה, לבירור גרסתה ולהעמדת דברי הראשונים על מכונם, ונדפסו בשולי הדף בדפוסי וילנה. חובר בערך ה'תקצ""ב."
"תלמוד בבלי/אחרונים/רש״ש","","","הגהות וחידושים קצרים שחיבר רבי שמואל שטראשון [הרש""ש] זצ""ל מוילנה. דבריו מכוונים ליישוב לשון הסוגיה, לבירור גרסתה ולהעמדת דברי הראשונים על מכונם, ונדפסו בשולי הדף בדפוסי וילנה. חובר בערך ה'תקצ""ב.","הגהות וחידושים קצרים שחיבר רבי שמואל שטראשון [הרש""ש] זצ""ל מוילנה. דבריו מכוונים ליישוב לשון הסוגיה, לבירור גרסתה ולהעמדת דברי הראשונים על מכונם, ונדפסו בשולי הדף בדפוסי וילנה. חובר בערך ה'תקצ""ב."
"ספרות עזר/אנציקלופדיות/שדי חמד","","","שמה של סדרת ספרים שנכתבה על ידי רבי חיים חזקיהו מדיני [חח""מ] זצ""ל מגדולי האחרונים, שהתפרסם בזכות סדרת ספרים אלו, ומכונה לעיתים על שמם. הספר הוא מעין אנציקלופדיה המרכזת תשובות להלכה יומיומית ומשלבת בעיות אקטואליות שעמדו על הפרק.","שמה של סדרת ספרים שנכתבה על ידי רבי חיים חזקיהו מדיני [חח""מ] זצ""ל מגדולי האחרונים, שהתפרסם בזכות סדרת ספרים אלו, ומכונה לעיתים על שמם. הספר הוא מעין אנציקלופדיה המרכזת תשובות להלכה יומיומית ומשלבת בעיות אקטואליות שעמדו על הפרק."
"הלכה/משנה תורה/מפרשים/שורשי הים","","","חיבורו של רבי יצחק מאיו זצ""ל, רבה של איזמיר, על משנה תורה להרמב""ם, ובו בירורי הלכה ועיון בשורשי דברי הרמב""ם. חובר בערך ה'תקל""ה.","חיבורו של רבי יצחק מאיו זצ""ל, רבה של איזמיר, על משנה תורה להרמב""ם, ובו בירורי הלכה ועיון בשורשי דברי הרמב""ם. חובר בערך ה'תקל""ה."
"תלמוד בבלי/אחרונים/שיטה מקובצת","","","ליקוט חידושי הראשונים על מסכתות הש""ס, שאסף רבי בצלאל אשכנזי זצ""ל מכתבי יד שהיו לפניו. בו נשתמרו דברי ראשונים רבים שלא הגיעו לידינו במקומם.","ליקוט חידושי הראשונים על מסכתות הש""ס, שאסף רבי בצלאל אשכנזי זצ""ל מכתבי יד שהיו לפניו. בו נשתמרו דברי ראשונים רבים שלא הגיעו לידינו במקומם."
"תלמוד ירושלמי/מפרשים/שיירי קרבן על תלמוד ירושלמי","","","חיבורו הנלווה של רבי דוד פרנקל זצ""ל ל'קרבן העדה' שעל התלמוד הירושלמי, ובו הרחבות ובירורים ארוכים בסוגיות.","חיבורו הנלווה של רבי דוד פרנקל זצ""ל ל'קרבן העדה' שעל התלמוד הירושלמי, ובו הרחבות ובירורים ארוכים בסוגיות."
"תלמוד בבלי/ראשונים/רי״ף/מפרשים/שלטי הגיבורים","","","פירושו של רבי יהושע בועז ז""ל על הלכות הרי""ף, המביא את דברי הראשונים ומברר את ההלכה. נדפס בצד הרי""ף בדפוסי הש""ס. הוא גם מסדר 'מסורת הש""ס', 'עין משפט נר מצוה' ו'תורה אור'. חובר בערך ה'ר""פ.","פירושו של רבי יהושע בועז ז""ל על הלכות הרי""ף, המביא את דברי הראשונים ומברר את ההלכה. נדפס בצד הרי""ף בדפוסי הש""ס. הוא גם מסדר 'מסורת הש""ס', 'עין משפט נר מצוה' ו'תורה אור'. חובר בערך ה'ר""פ."
"מילונים וספרי יעץ/אנציקלופדיות/שם הגדולים","","","ערכי חכמים וחיבורים מאת רבי חיים יוסף דוד אזולאי זצ""ל [החיד""א]: תולדות בקצרה, ובירור בין הדומים בשם.","ערכי חכמים וחיבורים מאת רבי חיים יוסף דוד אזולאי זצ""ל [החיד""א]: תולדות בקצרה, ובירור בין הדומים בשם."
"הלכה/משנה תורה/מפרשים/שער המלך","","","חיבורו של רבי יצחק נוניס בילמונטי זצ""ל, רבה של איזמיר, על משנה תורה להרמב""ם. אף שנערך על סדר הרמב""ם, מרבה להרחיב ולחדש בסוגיות הש""ס הנוגעות לדבריו. חובר בערך ה'ת""צ, נדפס בחיי המחבר.","חיבורו של רבי יצחק נוניס בילמונטי זצ""ל, רבה של איזמיר, על משנה תורה להרמב""ם. אף שנערך על סדר הרמב""ם, מרבה להרחיב ולחדש בסוגיות הש""ס הנוגעות לדבריו. חובר בערך ה'ת""צ, נדפס בחיי המחבר."
"הלכה/שולחן ערוך/מפרשים/שפתי כהן","","","ביאור על יורה דעה וחושן משפט שבשולחן ערוך, מאת רבי שבתי הכהן זצ""ל [הש""ך]; נדפס בצד הפנים, ומעיקרי נושאי הכלים.","ביאור על יורה דעה וחושן משפט שבשולחן ערוך, מאת רבי שבתי הכהן זצ""ל [הש""ך]; נדפס בצד הפנים, ומעיקרי נושאי הכלים."
"ספרות עזר/תולדות עם ישראל","","","תולדות הדורות וקורות עם ישראל, סדר החכמים מוסרי התורה; להעמיד את הלומד על זמנם ומקומם של רבותינו.","תולדות הדורות וקורות עם ישראל, סדר החכמים מוסרי התורה; להעמיד את הלומד על זמנם ומקומם של רבותינו."
"תלמוד בבלי/מפרשים על המסכתות הקטנות/תומת ישרים","","","פירוש והערות מאת רבנו בנימין ב""ר אברהם מוטל [רבי בנימין הרופא] ז""ל על מסכת אבות דרבי נתן. חובר בערך ה'שס""ח.","פירוש והערות מאת רבנו בנימין ב""ר אברהם מוטל [רבי בנימין הרופא] ז""ל על מסכת אבות דרבי נתן. חובר בערך ה'שס""ח."
"תלמוד בבלי/ראשונים/תוספות","","","חידושי בעלי התוספות ז""ל, חכמי אשכנז וצרפת מתקופת הראשונים, על מסכתות התלמוד הבבלי. עניינם להקשות וליישב, ולהעמיד את הסוגיה מול מקבילותיה בהש""ס. נדפסים בצדו החיצון של דף הגמרא. חובר בערך ד'תתק""י.","חידושי בעלי התוספות ז""ל, חכמי אשכנז וצרפת מתקופת הראשונים, על מסכתות התלמוד הבבלי. עניינם להקשות וליישב, ולהעמיד את הסוגיה מול מקבילותיה בהש""ס. נדפסים בצדו החיצון של דף הגמרא. חובר בערך ד'תתק""י."
"תלמוד בבלי/ראשונים/תוספות הרא״ש","","","תוספות שכתבם רבנו אשר בן יחיאל [הרא""ש] ז""ל – הרא""ש.","תוספות שכתבם רבנו אשר בן יחיאל [הרא""ש] ז""ל – הרא""ש."
"תלמוד ירושלמי/מפרשים/תוספות הרי״ד על תלמוד ירושלמי","","","ביאורו של רבי יעקב דוד וילובסקי [הרידב""ז] זצ""ל על התלמוד הירושלמי, לבירור לשון הסוגיה ולהעמדת גרסתה.","ביאורו של רבי יעקב דוד וילובסקי [הרידב""ז] זצ""ל על התלמוד הירושלמי, לבירור לשון הסוגיה ולהעמדת גרסתה."
"משנה/אחרונים/תוספות יום טוב","","","פירושו של רבי יום טוב ליפמן הלר הלוי זצ""ל על המשנה, שנכתב כהשלמה לפירוש הרע""ב ולבירור מה שסתם בו. נעשה אבן יסוד בפירוש המשנה, ונדפס עמה בדפוסים הרגילים. חובר בערך ה'שע""ג, נדפס בחיי המחבר בפראג.","פירושו של רבי יום טוב ליפמן הלר הלוי זצ""ל על המשנה, שנכתב כהשלמה לפירוש הרע""ב ולבירור מה שסתם בו. נעשה אבן יסוד בפירוש המשנה, ונדפס עמה בדפוסים הרגילים. חובר בערך ה'שע""ג, נדפס בחיי המחבר בפראג."
"תלמוד בבלי/ראשונים/תוספות ישנים","","","תוספות על התלמוד הבבלי מאת בעלי התוספות ז""ל, לביאור מהלך הסוגיה ודברי הראשונים. חובר בערך ד'תתק""ס.","תוספות על התלמוד הבבלי מאת בעלי התוספות ז""ל, לביאור מהלך הסוגיה ודברי הראשונים. חובר בערך ד'תתק""ס."
"תלמוד בבלי/ראשונים/תוספות ר״י הזקן","","","פירוש והערות מאת רבינו יצחק ב""ר שמואל הזקן מדַמְפִּיֶיר ז""ל על מסכת קידושין. חובר בערך ד'תת""צ.","פירוש והערות מאת רבינו יצחק ב""ר שמואל הזקן מדַמְפִּיֶיר ז""ל על מסכת קידושין. חובר בערך ד'תת""צ."
"משנה/אחרונים/תוספות רבי עקיבא איגר","","","הערות וחידושים על המשנה מאת רבי עקיבא איגר זצ""ל, הנדפסות בצד המשנה ומיישבות את דבריה בדקות עיון. חובר בערך ה'תקמ""ה, נדפס בחיי המחבר באלטונה.","הערות וחידושים על המשנה מאת רבי עקיבא איגר זצ""ל, הנדפסות בצד המשנה ומיישבות את דבריה בדקות עיון. חובר בערך ה'תקמ""ה, נדפס בחיי המחבר באלטונה."
"תלמוד בבלי/ראשונים/תוספות רי״ד","","","חידושיו של רבנו ישעיה די טראני [הרי""ד] ז""ל, מגדולי ראשוני איטליה, על מסכתות הש""ס. פירושו מקורי ומקיף, ומרבה לדון בגרסאות ובדברי הגאונים. חובר בערך ד'תתק""ס.","חידושיו של רבנו ישעיה די טראני [הרי""ד] ז""ל, מגדולי ראשוני איטליה, על מסכתות הש""ס. פירושו מקורי ומקיף, ומרבה לדון בגרסאות ובדברי הגאונים. חובר בערך ד'תתק""ס."
"תלמוד בבלי/ראשונים/תוספות שאנץ","","","פירוש והערות מאת רבנו שמשון ב""ר אברהם משאנץ [הר""ש] ז""ל על מסכת סוטה. חובר בערך ד'תתק""ל.","פירוש והערות מאת רבנו שמשון ב""ר אברהם משאנץ [הר""ש] ז""ל על מסכת סוטה. חובר בערך ד'תתק""ל."
"הלכה/שולחן ערוך/מפרשים/תורת השלמים","","","חיברו הגאון מ' יעקב רישר מפראג על הלכות נדה מהש""ע. ונדפס בסוף ספרו מנחת יעקב.' (שם הגדולים, מערכת ספרים, מערכת ת, אות נג) חובר בערך ה'תמ""ג, נדפס בחיי המחבר.","חיברו הגאון מ' יעקב רישר מפראג על הלכות נדה מהש""ע. ונדפס בסוף ספרו מנחת יעקב.' (שם הגדולים, מערכת ספרים, מערכת ת, אות נג) חובר בערך ה'תמ""ג, נדפס בחיי המחבר."
"תלמוד בבלי/ראשונים/רא״ש/מפרשים/תפארת שמואל","","","מהגאון מהר""ש קאידינובר בעל ברכת הזבח קצת שיטות וקצת השגות על מהר""ש אידלש בחי' הלכות. והגהות על רוב פסקי הרא""ש והגהות הטורים ובית יוסף.' (שם הגדולים, מערכת ספרים, מערכת ת, אות עח) חובר בערך ה'ת""ה.","מהגאון מהר""ש קאידינובר בעל ברכת הזבח קצת שיטות וקצת השגות על מהר""ש אידלש בחי' הלכות. והגהות על רוב פסקי הרא""ש והגהות הטורים ובית יוסף.' (שם הגדולים, מערכת ספרים, מערכת ת, אות עח) חובר בערך ה'ת""ה."
"משנה/אחרונים","","","חידושי רבותינו האחרונים וביאוריהם על סדרי המשנה.","חידושי רבותינו האחרונים וביאוריהם על סדרי המשנה."
"תלמוד בבלי/אחרונים","","","חידושי רבותינו האחרונים על סוגיות הש""ס — בדרך העיון והפלפול ובירור ההלכה.","חידושי רבותינו האחרונים על סוגיות הש""ס — בדרך העיון והפלפול ובירור ההלכה."
"תנ״ך/אחרונים","","","פירושי רבותינו האחרונים על תורה נביאים וכתובים — בדרך הפשט הדרש הרמז והסוד, בביאורי לשונות הכתובים והעניינים הנלמדים מהם לדורות, באמונה והנהגה, בחכמה ובמוסר.","פירושי רבותינו האחרונים על תורה נביאים וכתובים — בדרך הפשט הדרש הרמז והסוד, בביאורי לשונות הכתובים והעניינים הנלמדים מהם לדורות, באמונה והנהגה, בחכמה ובמוסר."
